"RecordID","Branch","Department","Entity","Transaction Number","Billing Code","Card Number","Fuel Platform","Customer ID","Fuel Type","Discrepancies","Employee ID","Employee Type","Transaction Date","Merchant Name","Merchant City","Merchant State","PADD/Region","Asset Number","Asset Description","Odometer","Product Description","Product Type Description","Quantity","Price Per Unit","Net Cost","Gross Cost","UOM","Posted Date","Month","Currency","Card Type Flag","Cardholder Name","Trip & Dispatch Quantity","Reporting Level","MCC","Merchant Code","Merchant Address 1","Merchant Address 2","Merchant Postal Code","Chain Code","PS Item ID","Cross Border Transaction","Total Amount Due","Total Discount Amount","Total Tax Amount","Transaction Fee","Fuel Transaction ID","Fuel Transaction Detail ID","Branch Description","Original Branch","Original Branch Description","Reviewed By","Reviewed Date","Reviewed Comments","Payment Processed By","Payment Processed Date","Transaction Time Zone","Last Modified By","Last Modified Date","FileName","Full Card Number","K_Equipment Description","K_Safe Harbor Percentage"
"616924","LAX","77LAX","S2066","001000000","F","FUELMAN MASTERCARD","CHDLZ","PREFERRED","DIESEL #2 ULTRA-LOW SULFUR CARB WIT","","097156","REGULAR","2022-01-01","PILOT FLYING J","MODESTO","CA","CALIFORNIA","89275","TRACTOR(DAY)","763389","UNLEADED GASOLINE","GASOLINE","102","3.7250","379.95","379.95","GAL","2022-01-01","1","USD","E","LINGARAJ, NAVEEN","0","F","CL191","6789 BIRCH ST.","","93204-0000","PM003","0","NO","379.95","0","0","0","0","3500000","3850000","FALLON LOGISTICS","LAX","FALLON LOGISTICS","WILLIAMS1","2022-01-03 00:00:00","EXPORTED FOR PAYMENT","THOMAS1","2022-01-18 00:00:00","CST","SMITH1","2022-01-03 00:00:00","202201","","Other Auxiliary Equipment","0.1"
"616925","LAS","77LAS","S2065","001000001","F","FUELMAN MASTERCARD","CHDLZ","PREFERRED","DIESEL #2 ULTRA-LOW SULFUR CARB WIT","","092945","REGULAR","2022-01-01","CHEVRON FUEL","FRESNO","CA","CALIFORNIA","82471","TRAILER","607616","UNLEADED GASOLINE","GASOLINE","119","3.8880","462.67","462.67","GAL","2022-01-01","1","USD","E","LINGARAJ, NAVEEN","0","F","CL191","5678 OAK AVE.","","93204-0000","PM003","0","NO","462.67","0","0","0","0","3500001","3850001","FALLON LOGISTICS","LAS","FALLON LOGISTICS","VEMURIB1","2022-01-03 00:00:00","EXPORTED FOR PAYMENT","THOMAS1","2022-01-18 00:00:00","CST","MILLER1","2022-01-03 00:00:00","202201","","Other Auxiliary Equipment","0.1"
"616926","SAN","77SAN","S2068","001000002","F","FUELMAN MASTERCARD","CHDLZ","PREFERRED","PREMIUM UNLEADED","","093442","REGULAR","2022-01-01","BP FUEL STOP","SACRAMENTO","CA","CALIFORNIA","86051","CONTAINER","559338","DIESEL #2 ULTRA-LOW SULFUR CARB WIT","PREMIUM","130","4.9470","643.11","643.11","GAL","2022-01-01","1","USD","E","LINGARAJ, NAVEEN","0","F","CL191","3456 PINE ST.","","93204-0000","PM003","0","NO","643.11","0","0","0","0","3500002","3850002","FALLON LOGISTICS","SAN","FALLON LOGISTICS","JONES1","2022-01-03 00:00:00","EXPORTED FOR PAYMENT","MOORE1","2022-01-18 00:00:00","CST","MILLER1","2022-01-03 00:00:00","202201","","Other Auxiliary Equipment","0.1"
"616927","LAS","77LAS","S2072","001000003","F","FUELMAN MASTERCARD","CHDLZ","PREFERRED","DIESEL #2 ULTRA-LOW SULFUR CARB WIT","","096479","REGULAR","2022-01-01","SPEEDWAY","STOCKTON","CA","CALIFORNIA","81812","TRACTOR(DAY)","962557","UNLEADED GASOLINE","PREMIUM","105","3.8030","399.32","399.32","GAL","2022-01-01","1","USD","E","LINGARAJ, NAVEEN","0","F","CL191","2345 ASH ST.","","93204-0000","PM003","0","NO","399.32","0","0","0","0","3500003","3850003","FALLON LOGISTICS","LAS","FALLON LOGISTICS","VEMURIB1","2022-01-03 00:00:00","EXPORTED FOR PAYMENT","THOMAS1","2022-01-18 00:00:00","CST","WILLIAMS1","2022-01-03 00:00:00","202201","","Other Auxiliary Equipment","0.1"
"616928","SAN","77SAN","S2073","001000004","F","FUELMAN MASTERCARD","CHDLZ","PREFERRED","DIESEL","","098125","REGULAR","2022-01-01","TA PETRO","FONTANA","CA","CALIFORNIA","85401","TRUCK(STRAIGHT)","604581","DIESEL #2 ULTRA-LOW SULFUR CARB WIT","PREMIUM","127","3.7540","476.76","476.76","GAL","2022-01-01","1","USD","E","LINGARAJ, NAVEEN","0","F","CL191","4567 CEDAR ST.","","93204-0000","PM003","0","NO","476.76","0","0","0","0","3500004","3850004","FALLON LOGISTICS","SAN","FALLON LOGISTICS","SMITH1","2022-01-03 00:00:00","EXPORTED FOR PAYMENT","CAPWELA1","2022-01-18 00:00:00","CST","BROWN1","2022-01-03 00:00:00","202201","","Other Auxiliary Equipment","0.1"
"616929","SAN","77SAN","S2068","001000005","F","FUELMAN MASTERCARD","CHDLZ","PREFERRED","DIESEL #2 ULTRA-LOW SULFUR CARB WIT","","092023","REGULAR","2022-01-01","TA PETRO","FONTANA","CA","CALIFORNIA","81072","TANKER","662998","DIESEL","GASOLINE","66","5.0720","334.75","334.75","GAL","2022-01-01","1","USD","E","LINGARAJ, NAVEEN","0","F","CL191","4567 CEDAR ST.","","93204-0000","PM003","0","NO","334.75","0","0","0","0","3500005","3850005","FALLON LOGISTICS","SAN","FALLON LOGISTICS","WILLIAMS1","2022-01-03 00:00:00","EXPORTED FOR PAYMENT","TAYLOR1","2022-01-18 00:00:00","CST","MILLER1","2022-01-03 00:00:00","202201","","Other Auxiliary Equipment","0.1"
"616930","PHX","77PHX","S2067","001000006","F","FUELMAN MASTERCARD","CHDLZ","PREFERRED","DIESEL","","094866","REGULAR","2022-01-01","ONE9 EZ TRIP 1277","AVENAL","CA","CALIFORNIA","82257","VAN","769545","UNLEADED GASOLINE","GASOLINE","146","3.6070","526.62","526.62","GAL","2022-01-01","1","USD","E","LINGARAJ, NAVEEN","0","F","CL191","44779 S. LASSEN AVE.","","93204-0000","PM003","0","NO","526.62","0","0","0","0","3500006","3850006","FALLON LOGISTICS","PHX","FALLON LOGISTICS","DAVIS1","2022-01-03 00:00:00","EXPORTED FOR PAYMENT","JOHNSON1","2022-01-18 00:00:00","CST","JONES1","2022-01-03 00:00:00","202201","","Other Auxiliary Equipment","0.1"
"616931","PHX","77PHX","S2066","001000007","F","FUELMAN MASTERCARD","CHDLZ","PREFERRED","PREMIUM UNLEADED","","093132","REGULAR","2022-01-01","TA PETRO","FONTANA","CA","CALIFORNIA","85984","TRAILER","803624","UNLEADED GASOLINE","GASOLINE","99","3.9680","392.83","392.83","GAL","2022-01-01","1","USD","E","LINGARAJ, NAVEEN","0","F","CL191","4567 CEDAR ST.","","93204-0000","PM003","0","NO","392.83","0","0","0","0","3500007","3850007","FALLON LOGISTICS","PHX","FALLON LOGISTICS","WILLIAMS1","2022-01-03 00:00:00","EXPORTED FOR PAYMENT","ANDERSON1","2022-01-18 00:00:00","CST","BROWN1","2022-01-03 00:00:00","202201","","Other Auxiliary Equipment","0.1"
"616932","DEN","77DEN","S2069","001000008","F","FUELMAN MASTERCARD","CHDLZ","PREFERRED","PREMIUM UNLEADED","","091239","REGULAR","2022-01-01","ONE9 EZ TRIP 1277","AVENAL","CA","CALIFORNIA","82247","TRUCK(STRAIGHT)","670046","DIESEL #2 ULTRA-LOW SULFUR CARB WIT","DIESEL","91","4.7940","436.25","436.25","GAL","2022-01-01","1","USD","E","LINGARAJ, NAVEEN","0","F","CL191","44779 S. LASSEN AVE.","","93204-0000","PM003","0","NO","436.25","0","0","0","0","3500008","3850008","FALLON LOGISTICS","DEN","FALLON LOGISTICS","VEMURIB1","2022-01-03 00:00:00","EXPORTED FOR PAYMENT","JOHNSON1","2022-01-18 00:00:00","CST","MILLER1","2022-01-03 00:00:00","202201","","Other Auxiliary Equipment","0.1"
"616933","PHX","77PHX","S2072","001000009","F","FUELMAN MASTERCARD","CHDLZ","PREFERRED","PREMIUM UNLEADED","","096347","REGULAR","2022-01-01","ONE9 EZ TRIP 1277","AVENAL","CA","CALIFORNIA","81387","FLATBED","827131","DIESEL","GASOLINE","119","3.7070","441.13","441.13","GAL","2022-01-01","1","USD","E","LINGARAJ, NAVEEN","0","F","CL191","44779 S. LASSEN AVE.","","93204-0000","PM003","0","NO","441.13","0","0","0","0","3500009","3850009","FALLON LOGISTICS","PHX","FALLON LOGISTICS","JONES1","2022-01-03 00:00:00","EXPORTED FOR PAYMENT","CAPWELA1","2022-01-18 00:00:00","CST","MILLER1","2022-01-03 00:00:00","202201","","Other Auxiliary Equipment","0.1"
"616934","SFO","77SFO","S2069","001000010","F","FUELMAN MASTERCARD","CHDLZ","PREFERRED","DIESEL","","096131","REGULAR","2022-01-01","EXXON MOBIL","BAKERSFIELD","CA","CALIFORNIA","88697","FLATBED","742827","UNLEADED GASOLINE","GASOLINE","110","4.4280","487.08","487.08","GAL","2022-01-01","1","USD","E","LINGARAJ, NAVEEN","0","F","CL191","9012 ELM ST.","","93204-0000","PM003","0","NO","487.08","0","0","0","0","3500010","3850010","FALLON LOGISTICS","SFO","FALLON LOGISTICS","WILLIAMS1","2022-01-03 00:00:00","EXPORTED FOR PAYMENT","ANDERSON1","2022-01-18 00:00:00","CST","MILLER1","2022-01-03 00:00:00","202201","","Other Auxiliary Equipment","0.1"
"616935","SEA","77SEA","S2072","001000011","F","FUELMAN MASTERCARD","CHDLZ","PREFERRED","PREMIUM UNLEADED","","094935","REGULAR","2022-01-01","ONE9 EZ TRIP 1277","AVENAL","CA","CALIFORNIA","86958","TANKER","671509","DIESEL #2 ULTRA-LOW SULFUR CARB WIT","DIESEL","119","4.0510","482.07","482.07","GAL","2022-01-01","1","USD","E","LINGARAJ, NAVEEN","0","F","CL191","44779 S. LASSEN AVE.","","93204-0000","PM003","0","NO","482.07","0","0","0","0","3500011","3850011","FALLON LOGISTICS","SEA","FALLON LOGISTICS","DAVIS1","2022-01-03 00:00:00","EXPORTED FOR PAYMENT","ANDERSON1","2022-01-18 00:00:00","CST","JONES1","2022-01-03 00:00:00","202201","","Other Auxiliary Equipment","0.1"
"616936","SAN","77SAN","S2068","001000012","F","FUELMAN MASTERCARD","CHDLZ","PREFERRED","PREMIUM UNLEADED","","098186","REGULAR","2022-01-01","SHELL GAS STATION","LOS ANGELES","CA","CALIFORNIA","86853","CONTAINER","520178","PREMIUM UNLEADED","UNLEADED","139","5.2010","722.94","722.94","GAL","2022-01-01","1","USD","E","LINGARAJ, NAVEEN","0","F","CL191","1234 MAIN ST.","","93204-0000","PM003","0","NO","722.94","0","0","0","0","3500012","3850012","FALLON LOGISTICS","SAN","FALLON LOGISTICS","MILLER1","2022-01-03 00:00:00","EXPORTED FOR PAYMENT","CAPWELA1","2022-01-18 00:00:00","CST","SMITH1","2022-01-03 00:00:00","202201","","Other Auxiliary Equipment","0.1"
"616937","SFO","77SFO","S2070","001000013","F","FUELMAN MASTERCARD","CHDLZ","PREFERRED","PREMIUM UNLEADED","","097561","REGULAR","2022-01-01","LOVES TRAVEL STOP","VISALIA","CA","CALIFORNIA","85004","FLATBED","758982","DIESEL","DIESEL","89","4.4550","396.50","396.50","GAL","2022-01-01","1","USD","E","LINGARAJ, NAVEEN","0","F","CL191","0123 WILLOW AVE.","","93204-0000","PM003","0","NO","396.50","0","0","0","0","3500013","3850013","FALLON LOGISTICS","SFO","FALLON LOGISTICS","BROWN1","2022-01-03 00:00:00","EXPORTED FOR PAYMENT","MOORE1","2022-01-18 00:00:00","CST","VEMURIB1","2022-01-03 00:00:00","202201","","Other Auxiliary Equipment","0.1"
"616938","DEN","77DEN","S2074","001000014","F","FUELMAN MASTERCARD","CHDLZ","PREFERRED","PREMIUM UNLEADED","","097505","REGULAR","2022-01-01","SPEEDWAY","STOCKTON","CA","CALIFORNIA","85774","TRACTOR(DAY)","658255","DIESEL #2 ULTRA-LOW SULFUR CARB WIT","GASOLINE","73","5.1740","377.70","377.70","GAL","2022-01-01","1","USD","E","LINGARAJ, NAVEEN","0","F","CL191","2345 ASH ST.","","93204-0000","PM003","0","NO","377.70","0","0","0","0","3500014","3850014","FALLON LOGISTICS","DEN","FALLON LOGISTICS","VEMURIB1","2022-01-03 00:00:00","EXPORTED FOR PAYMENT","CAPWELA1","2022-01-18 00:00:00","CST","VEMURIB1","2022-01-03 00:00:00","202201","","Other Auxiliary Equipment","0.1"
"616939","PDX","77PDX","S2067","001000015","F","FUELMAN MASTERCARD","CHDLZ","PREFERRED","PREMIUM UNLEADED","","090350","REGULAR","2022-01-01","TA PETRO","FONTANA","CA","CALIFORNIA","83781","VAN","787962","DIESEL","UNLEADED","128","4.3300","554.24","554.24","GAL","2022-01-01","1","USD","E","LINGARAJ, NAVEEN","0","F","CL191","4567 CEDAR ST.","","93204-0000","PM003","0","NO","554.24","0","0","0","0","3500015","3850015","FALLON LOGISTICS","PDX","FALLON LOGISTICS","MILLER1","2022-01-03 00:00:00","EXPORTED FOR PAYMENT","JACKSON1","2022-01-18 00:00:00","CST","DAVIS1","2022-01-03 00:00:00","202201","","Other Auxiliary Equipment","0.1"
"616940","DEN","77DEN","S2067","001000016","F","FUELMAN MASTERCARD","CHDLZ","PREFERRED","PREMIUM UNLEADED","","094125","REGULAR","2022-01-01","LOVES TRAVEL STOP","VISALIA","CA","CALIFORNIA","88125","TRACTOR(SLEEP)","801770","DIESEL","GASOLINE","51","4.1030","209.25","209.25","GAL","2022-01-01","1","USD","E","LINGARAJ, NAVEEN","0","F","CL191","0123 WILLOW AVE.","","93204-0000","PM003","0","NO","209.25","0","0","0","0","3500016","3850016","FALLON LOGISTICS","DEN","FALLON LOGISTICS","WILLIAMS1","2022-01-03 00:00:00","EXPORTED FOR PAYMENT","CAPWELA1","2022-01-18 00:00:00","CST","WILSON1","2022-01-03 00:00:00","202201","","Other Auxiliary Equipment","0.1"
"616941","DEN","77DEN","S2071","001000017","F","FUELMAN MASTERCARD","CHDLZ","PREFERRED","PREMIUM UNLEADED","","091100","REGULAR","2022-01-01","ONE9 EZ TRIP 1277","AVENAL","CA","CALIFORNIA","85409","TANKER","835847","PREMIUM UNLEADED","GASOLINE","147","3.7590","552.57","552.57","GAL","2022-01-01","1","USD","E","LINGARAJ, NAVEEN","0","F","CL191","44779 S. LASSEN AVE.","","93204-0000","PM003","0","NO","552.57","0","0","0","0","3500017","3850017","FALLON LOGISTICS","DEN","FALLON LOGISTICS","WILSON1","2022-01-03 00:00:00","EXPORTED FOR PAYMENT","THOMAS1","2022-01-18 00:00:00","CST","BROWN1","2022-01-03 00:00:00","202201","","Other Auxiliary Equipment","0.1"
"616942","LAX","77LAX","S2071","001000018","F","FUELMAN MASTERCARD","CHDLZ","PREFERRED","PREMIUM UNLEADED","","097313","REGULAR","2022-01-01","CHEVRON FUEL","FRESNO","CA","CALIFORNIA","87399","TRUCK(STRAIGHT)","613503","DIESEL","DIESEL","149","4.2020","626.10","626.10","GAL","2022-01-01","1","USD","E","LINGARAJ, NAVEEN","0","F","CL191","5678 OAK AVE.","","93204-0000","PM003","0","NO","626.10","0","0","0","0","3500018","3850018","FALLON LOGISTICS","LAX","FALLON LOGISTICS","WILSON1","2022-01-03 00:00:00","EXPORTED FOR PAYMENT","MARTIN1","2022-01-18 00:00:00","CST","MILLER1","2022-01-03 00:00:00","202201","","Other Auxiliary Equipment","0.1"
"616943","DEN","77DEN","S2066","001000019","F","FUELMAN MASTERCARD","CHDLZ","PREFERRED","DIESEL #2 ULTRA-LOW SULFUR CARB WIT","","091305","REGULAR","2022-01-01","BP FUEL STOP","SACRAMENTO","CA","CALIFORNIA","86312","TRACTOR(DAY)","708295","DIESEL #2 ULTRA-LOW SULFUR CARB WIT","PREMIUM","111","3.5170","390.39","390.39","GAL","2022-01-01","1","USD","E","LINGARAJ, NAVEEN","0","F","CL191","3456 PINE ST.","","93204-0000","PM003","0","NO","390.39","0","0","0","0","3500019","3850019","FALLON LOGISTICS","DEN","FALLON LOGISTICS","WILLIAMS1","2022-01-03 00:00:00","EXPORTED FOR PAYMENT","TAYLOR1","2022-01-18 00:00:00","CST","MILLER1","2022-01-03 00:00:00","202201","","Other Auxiliary Equipment","0.1"
"616944","SFO","77SFO","S2069","001000020","F","FUELMAN MASTERCARD","CHDLZ","PREFERRED","UNLEADED GASOLINE","","097037","REGULAR","2022-01-01","SPEEDWAY","STOCKTON","CA","CALIFORNIA","89832","TRACTOR(DAY)","716083","UNLEADED GASOLINE","DIESEL","115","3.6890","424.24","424.24","GAL","2022-01-01","1","USD","E","LINGARAJ, NAVEEN","0","F","CL191","2345 ASH ST.","","93204-0000","PM003","0","NO","424.24","0","0","0","0","3500020","3850020","FALLON LOGISTICS","SFO","FALLON LOGISTICS","VEMURIB1","2022-01-03 00:00:00","EXPORTED FOR PAYMENT","MOORE1","2022-01-18 00:00:00","CST","DAVIS1","2022-01-03 00:00:00","202201","","Other Auxiliary Equipment","0.1"
"616945","PHX","77PHX","S2072","001000021","F","FUELMAN MASTERCARD","CHDLZ","PREFERRED","PREMIUM UNLEADED","","091514","REGULAR","2022-01-01","ONE9 EZ TRIP 1277","AVENAL","CA","CALIFORNIA","89291","CONTAINER","770163","UNLEADED GASOLINE","DIESEL","99","4.5620","451.64","451.64","GAL","2022-01-01","1","USD","E","LINGARAJ, NAVEEN","0","F","CL191","44779 S. LASSEN AVE.","","93204-0000","PM003","0","NO","451.64","0","0","0","0","3500021","3850021","FALLON LOGISTICS","PHX","FALLON LOGISTICS","WILSON1","2022-01-03 00:00:00","EXPORTED FOR PAYMENT","ANDERSON1","2022-01-18 00:00:00","CST","VEMURIB1","2022-01-03 00:00:00","202201","","Other Auxiliary Equipment","0.1"
"616946","SEA","77SEA","S2072","001000022","F","FUELMAN MASTERCARD","CHDLZ","PREFERRED","PREMIUM UNLEADED","","099865","REGULAR","2022-01-01","ONE9 EZ TRIP 1277","AVENAL","CA","CALIFORNIA","86665","TRAILER","824559","DIESEL #2 ULTRA-LOW SULFUR CARB WIT","DIESEL","90","4.6790","421.11","421.11","GAL","2022-01-01","1","USD","E","LINGARAJ, NAVEEN","0","F","CL191","44779 S. LASSEN AVE.","","93204-0000","PM003","0","NO","421.11","0","0","0","0","3500022","3850022","FALLON LOGISTICS","SEA","FALLON LOGISTICS","SMITH1","2022-01-03 00:00:00","EXPORTED FOR PAYMENT","JOHNSON1","2022-01-18 00:00:00","CST","DAVIS1","2022-01-03 00:00:00","202201","","Other Auxiliary Equipment","0.1"
"616947","PDX","77PDX","S2066","001000023","F","FUELMAN MASTERCARD","CHDLZ","PREFERRED","DIESEL #2 ULTRA-LOW SULFUR CARB WIT","","092539","REGULAR","2022-01-01","SPEEDWAY","STOCKTON","CA","CALIFORNIA","86527","CONTAINER","849443","DIESEL #2 ULTRA-LOW SULFUR CARB WIT","PREMIUM","83","5.4570","452.93","452.93","GAL","2022-01-01","1","USD","E","LINGARAJ, NAVEEN","0","F","CL191","2345 ASH ST.","","93204-0000","PM003","0","NO","452.93","0","0","0","0","3500023","3850023","FALLON LOGISTICS","PDX","FALLON LOGISTICS","WILLIAMS1","2022-01-03 00:00:00","EXPORTED FOR PAYMENT","MOORE1","2022-01-18 00:00:00","CST","BROWN1","2022-01-03 00:00:00","202201","","Other Auxiliary Equipment","0.1"
"616948","PHX","77PHX","S2074","001000024","F","FUELMAN MASTERCARD","CHDLZ","PREFERRED","DIESEL","","098506","REGULAR","2022-01-01","TA PETRO","FONTANA","CA","CALIFORNIA","86092","TRACTOR(DAY)","854637","DIESEL #2 ULTRA-LOW SULFUR CARB WIT","DIESEL","98","4.7730","467.75","467.75","GAL","2022-01-01","1","USD","E","LINGARAJ, NAVEEN","0","F","CL191","4567 CEDAR ST.","","93204-0000","PM003","0","NO","467.75","0","0","0","0","3500024","3850024","FALLON LOGISTICS","PHX","FALLON LOGISTICS","JONES1","2022-01-03 00:00:00","EXPORTED FOR PAYMENT","CAPWELA1","2022-01-18 00:00:00","CST","BROWN1","2022-01-03 00:00:00","202201","","Other Auxiliary Equipment","0.1"
"616949","DEN","77DEN","S2069","001000025","F","FUELMAN MASTERCARD","CHDLZ","PREFERRED","DIESEL","","097368","REGULAR","2022-01-01","PILOT FLYING J","MODESTO","CA","CALIFORNIA","81106","FLATBED","690269","UNLEADED GASOLINE","UNLEADED","148","4.2050","622.34","622.34","GAL","2022-01-01","1","USD","E","LINGARAJ, NAVEEN","0","F","CL191","6789 BIRCH ST.","","93204-0000","PM003","0","NO","622.34","0","0","0","0","3500025","3850025","FALLON LOGISTICS","DEN","FALLON LOGISTICS","VEMURIB1","2022-01-03 00:00:00","EXPORTED FOR PAYMENT","ANDERSON1","2022-01-18 00:00:00","CST","DAVIS1","2022-01-03 00:00:00","202201","","Other Auxiliary Equipment","0.1"
"616950","LAS","77LAS","S2068","001000026","F","FUELMAN MASTERCARD","CHDLZ","PREFERRED","PREMIUM UNLEADED","","094948","REGULAR","2022-01-01","PILOT FLYING J","MODESTO","CA","CALIFORNIA","89792","FLATBED","711198","UNLEADED GASOLINE","DIESEL","137","3.8210","523.48","523.48","GAL","2022-01-01","1","USD","E","LINGARAJ, NAVEEN","0","F","CL191","6789 BIRCH ST.","","93204-0000","PM003","0","NO","523.48","0","0","0","0","3500026","3850026","FALLON LOGISTICS","LAS","FALLON LOGISTICS","WILSON1","2022-01-03 00:00:00","EXPORTED FOR PAYMENT","THOMAS1","2022-01-18 00:00:00","CST","BROWN1","2022-01-03 00:00:00","202201","","Other Auxiliary Equipment","0.1"
"616951","DEN","77DEN","S2066","001000027","F","FUELMAN MASTERCARD","CHDLZ","PREFERRED","PREMIUM UNLEADED","","096217","REGULAR","2022-01-01","ONE9 EZ TRIP 1277","AVENAL","CA","CALIFORNIA","83276","TRACTOR(DAY)","909716","UNLEADED GASOLINE","DIESEL","120","3.9810","477.72","477.72","GAL","2022-01-01","1","USD","E","LINGARAJ, NAVEEN","0","F","CL191","44779 S. LASSEN AVE.","","93204-0000","PM003","0","NO","477.72","0","0","0","0","3500027","3850027","FALLON LOGISTICS","DEN","FALLON LOGISTICS","MILLER1","2022-01-03 00:00:00","EXPORTED FOR PAYMENT","JACKSON1","2022-01-18 00:00:00","CST","WILSON1","2022-01-03 00:00:00","202201","","Other Auxiliary Equipment","0.1"
"616952","FNL","77FNL","S2073","001000028","F","FUELMAN MASTERCARD","CHDLZ","PREFERRED","DIESEL","","090682","REGULAR","2022-01-01","BP FUEL STOP","SACRAMENTO","CA","CALIFORNIA","81330","TANKER","552417","DIESEL","UNLEADED","80","4.3160","345.28","345.28","GAL","2022-01-01","1","USD","E","LINGARAJ, NAVEEN","0","F","CL191","3456 PINE ST.","","93204-0000","PM003","0","NO","345.28","0","0","0","0","3500028","3850028","FALLON LOGISTICS","FNL","FALLON LOGISTICS","SMITH1","2022-01-03 00:00:00","EXPORTED FOR PAYMENT","JOHNSON1","2022-01-18 00:00:00","CST","WILSON1","2022-01-03 00:00:00","202201","","Other Auxiliary Equipment","0.1"
"616953","SFO","77SFO","S2071","001000029","F","FUELMAN MASTERCARD","CHDLZ","PREFERRED","UNLEADED GASOLINE","","095262","REGULAR","2022-01-01","EXXON MOBIL","BAKERSFIELD","CA","CALIFORNIA","85845","VAN","838362","DIESEL #2 ULTRA-LOW SULFUR CARB WIT","UNLEADED","125","3.7420","467.75","467.75","GAL","2022-01-01","1","USD","E","LINGARAJ, NAVEEN","0","F","CL191","9012 ELM ST.","","93204-0000","PM003","0","NO","467.75","0","0","0","0","3500029","3850029","FALLON LOGISTICS","SFO","FALLON LOGISTICS","WILLIAMS1","2022-01-03 00:00:00","EXPORTED FOR PAYMENT","ANDERSON1","2022-01-18 00:00:00","CST","MILLER1","2022-01-03 00:00:00","202201","","Other Auxiliary Equipment","0.1"
"616954","SAN","77SAN","S2066","001000030","F","FUELMAN MASTERCARD","CHDLZ","PREFERRED","PREMIUM UNLEADED","","096254","REGULAR","2022-01-01","EXXON MOBIL","BAKERSFIELD","CA","CALIFORNIA","88371","TRAILER","817583","DIESEL","DIESEL","65","4.9980","324.87","324.87","GAL","2022-01-01","1","USD","E","LINGARAJ, NAVEEN","0","F","CL191","9012 ELM ST.","","93204-0000","PM003","0","NO","324.87","0","0","0","0","3500030","3850030","FALLON LOGISTICS","SAN","FALLON LOGISTICS","JONES1","2022-01-03 00:00:00","EXPORTED FOR PAYMENT","ANDERSON1","2022-01-18 00:00:00","CST","SMITH1","2022-01-03 00:00:00","202201","","Other Auxiliary Equipment","0.1"
"616955","PDX","77PDX","S2066","001000031","F","FUELMAN MASTERCARD","CHDLZ","PREFERRED","UNLEADED GASOLINE","","094842","REGULAR","2022-01-01","LOVES TRAVEL STOP","VISALIA","CA","CALIFORNIA","84824","TRACTOR(SLEEP)","741106","UNLEADED GASOLINE","DIESEL","58","3.8940","225.85","225.85","GAL","2022-01-01","1","USD","E","LINGARAJ, NAVEEN","0","F","CL191","0123 WILLOW AVE.","","93204-0000","PM003","0","NO","225.85","0","0","0","0","3500031","3850031","FALLON LOGISTICS","PDX","FALLON LOGISTICS","WILSON1","2022-01-03 00:00:00","EXPORTED FOR PAYMENT","MARTIN1","2022-01-18 00:00:00","CST","WILLIAMS1","2022-01-03 00:00:00","202201","","Other Auxiliary Equipment","0.1"
"616956","LAX","77LAX","S2067","001000032","F","FUELMAN MASTERCARD","CHDLZ","PREFERRED","PREMIUM UNLEADED","","099576","REGULAR","2022-01-01","PILOT FLYING J","MODESTO","CA","CALIFORNIA","85151","TRAILER","733910","UNLEADED GASOLINE","GASOLINE","79","3.6320","286.93","286.93","GAL","2022-01-01","1","USD","E","LINGARAJ, NAVEEN","0","F","CL191","6789 BIRCH ST.","","93204-0000","PM003","0","NO","286.93","0","0","0","0","3500032","3850032","FALLON LOGISTICS","LAX","FALLON LOGISTICS","SMITH1","2022-01-03 00:00:00","EXPORTED FOR PAYMENT","JOHNSON1","2022-01-18 00:00:00","CST","BROWN1","2022-01-03 00:00:00","202201","","Other Auxiliary Equipment","0.1"
"616957","SEA","77SEA","S2065","001000033","F","FUELMAN MASTERCARD","CHDLZ","PREFERRED","DIESEL #2 ULTRA-LOW SULFUR CARB WIT","","093018","REGULAR","2022-01-01","BP FUEL STOP","SACRAMENTO","CA","CALIFORNIA","80685","TANKER","778610","DIESEL","UNLEADED","97","5.4280","526.52","526.52","GAL","2022-01-01","1","USD","E","LINGARAJ, NAVEEN","0","F","CL191","3456 PINE ST.","","93204-0000","PM003","0","NO","526.52","0","0","0","0","3500033","3850033","FALLON LOGISTICS","SEA","FALLON LOGISTICS","VEMURIB1","2022-01-03 00:00:00","EXPORTED FOR PAYMENT","CAPWELA1","2022-01-18 00:00:00","CST","SMITH1","2022-01-03 00:00:00","202201","","Other Auxiliary Equipment","0.1"
"616958","SAN","77SAN","S2067","001000034","F","FUELMAN MASTERCARD","CHDLZ","PREFERRED","PREMIUM UNLEADED","","095139","REGULAR","2022-01-01","SUNOCO STATION","SAN DIEGO","CA","CALIFORNIA","82601","FLATBED","522425","PREMIUM UNLEADED","GASOLINE","56","5.2400","293.44","293.44","GAL","2022-01-01","1","USD","E","LINGARAJ, NAVEEN","0","F","CL191","7890 MAPLE AVE.","","93204-0000","PM003","0","NO","293.44","0","0","0","0","3500034","3850034","FALLON LOGISTICS","SAN","FALLON LOGISTICS","WILLIAMS1","2022-01-03 00:00:00","EXPORTED FOR PAYMENT","TAYLOR1","2022-01-18 00:00:00","CST","WILSON1","2022-01-03 00:00:00","202201","","Other Auxiliary Equipment","0.1"
"616959","LAS","77LAS","S2065","001000035","F","FUELMAN MASTERCARD","CHDLZ","PREFERRED","DIESEL","","092022","REGULAR","2022-01-01","PILOT FLYING J","MODESTO","CA","CALIFORNIA","87075","VAN","504965","PREMIUM UNLEADED","GASOLINE","106","5.3640","568.58","568.58","GAL","2022-01-01","1","USD","E","LINGARAJ, NAVEEN","0","F","CL191","6789 BIRCH ST.","","93204-0000","PM003","0","NO","568.58","0","0","0","0","3500035","3850035","FALLON LOGISTICS","LAS","FALLON LOGISTICS","VEMURIB1","2022-01-03 00:00:00","EXPORTED FOR PAYMENT","JOHNSON1","2022-01-18 00:00:00","CST","WILSON1","2022-01-03 00:00:00","202201","","Other Auxiliary Equipment","0.1"
"616960","FNL","77FNL","S2072","001000036","F","FUELMAN MASTERCARD","CHDLZ","PREFERRED","UNLEADED GASOLINE","","098032","REGULAR","2022-01-01","TA PETRO","FONTANA","CA","CALIFORNIA","83744","TRUCK(STRAIGHT)","998378","DIESEL","PREMIUM","137","3.7720","516.76","516.76","GAL","2022-01-01","1","USD","E","LINGARAJ, NAVEEN","0","F","CL191","4567 CEDAR ST.","","93204-0000","PM003","0","NO","516.76","0","0","0","0","3500036","3850036","FALLON LOGISTICS","FNL","FALLON LOGISTICS","WILLIAMS1","2022-01-03 00:00:00","EXPORTED FOR PAYMENT","THOMAS1","2022-01-18 00:00:00","CST","DAVIS1","2022-01-03 00:00:00","202201","","Other Auxiliary Equipment","0.1"
"616961","PHX","77PHX","S2068","001000037","F","FUELMAN MASTERCARD","CHDLZ","PREFERRED","PREMIUM UNLEADED","","091006","REGULAR","2022-01-01","SUNOCO STATION","SAN DIEGO","CA","CALIFORNIA","84920","TRACTOR(DAY)","748550","DIESEL #2 ULTRA-LOW SULFUR CARB WIT","GASOLINE","97","3.8570","374.13","374.13","GAL","2022-01-01","1","USD","E","LINGARAJ, NAVEEN","0","F","CL191","7890 MAPLE AVE.","","93204-0000","PM003","0","NO","374.13","0","0","0","0","3500037","3850037","FALLON LOGISTICS","PHX","FALLON LOGISTICS","DAVIS1","2022-01-03 00:00:00","EXPORTED FOR PAYMENT","ANDERSON1","2022-01-18 00:00:00","CST","MILLER1","2022-01-03 00:00:00","202201","","Other Auxiliary Equipment","0.1"
"616962","SFO","77SFO","S2073","001000038","F","FUELMAN MASTERCARD","CHDLZ","PREFERRED","PREMIUM UNLEADED","","099704","REGULAR","2022-01-01","EXXON MOBIL","BAKERSFIELD","CA","CALIFORNIA","86453","FLATBED","844083","PREMIUM UNLEADED","PREMIUM","149","4.5700","680.93","680.93","GAL","2022-01-01","1","USD","E","LINGARAJ, NAVEEN","0","F","CL191","9012 ELM ST.","","93204-0000","PM003","0","NO","680.93","0","0","0","0","3500038","3850038","FALLON LOGISTICS","SFO","FALLON LOGISTICS","WILLIAMS1","2022-01-03 00:00:00","EXPORTED FOR PAYMENT","ANDERSON1","2022-01-18 00:00:00","CST","WILSON1","2022-01-03 00:00:00","202201","","Other Auxiliary Equipment","0.1"
"616963","PDX","77PDX","S2069","001000039","F","FUELMAN MASTERCARD","CHDLZ","PREFERRED","PREMIUM UNLEADED","","091291","REGULAR","2022-01-01","SPEEDWAY","STOCKTON","CA","CALIFORNIA","89242","TANKER","565298","PREMIUM UNLEADED","DIESEL","115","4.8380","556.37","556.37","GAL","2022-01-01","1","USD","E","LINGARAJ, NAVEEN","0","F","CL191","2345 ASH ST.","","93204-0000","PM003","0","NO","556.37","0","0","0","0","3500039","3850039","FALLON LOGISTICS","PDX","FALLON LOGISTICS","WILSON1","2022-01-03 00:00:00","EXPORTED FOR PAYMENT","MOORE1","2022-01-18 00:00:00","CST","WILLIAMS1","2022-01-03 00:00:00","202201","","Other Auxiliary Equipment","0.1"
"616964","SEA","77SEA","S2065","001000040","F","FUELMAN MASTERCARD","CHDLZ","PREFERRED","DIESEL #2 ULTRA-LOW SULFUR CARB WIT","","092242","REGULAR","2022-01-01","PILOT FLYING J","MODESTO","CA","CALIFORNIA","80550","TRAILER","522083","DIESEL","PREMIUM","148","4.8090","711.73","711.73","GAL","2022-01-01","1","USD","E","LINGARAJ, NAVEEN","0","F","CL191","6789 BIRCH ST.","","93204-0000","PM003","0","NO","711.73","0","0","0","0","3500040","3850040","FALLON LOGISTICS","SEA","FALLON LOGISTICS","BROWN1","2022-01-03 00:00:00","EXPORTED FOR PAYMENT","THOMAS1","2022-01-18 00:00:00","CST","WILSON1","2022-01-03 00:00:00","202201","","Other Auxiliary Equipment","0.1"
"616965","SAN","77SAN","S2071","001000041","F","FUELMAN MASTERCARD","CHDLZ","PREFERRED","DIESEL #2 ULTRA-LOW SULFUR CARB WIT","","094615","REGULAR","2022-01-01","CHEVRON FUEL","FRESNO","CA","CALIFORNIA","84144","TANKER","957141","DIESEL #2 ULTRA-LOW SULFUR CARB WIT","DIESEL","136","5.0570","687.75","687.75","GAL","2022-01-01","1","USD","E","LINGARAJ, NAVEEN","0","F","CL191","5678 OAK AVE.","","93204-0000","PM003","0","NO","687.75","0","0","0","0","3500041","3850041","FALLON LOGISTICS","SAN","FALLON LOGISTICS","VEMURIB1","2022-01-03 00:00:00","EXPORTED FOR PAYMENT","MARTIN1","2022-01-18 00:00:00","CST","JONES1","2022-01-03 00:00:00","202201","","Other Auxiliary Equipment","0.1"
"616966","SFO","77SFO","S2065","001000042","F","FUELMAN MASTERCARD","CHDLZ","PREFERRED","UNLEADED GASOLINE","","099631","REGULAR","2022-01-01","EXXON MOBIL","BAKERSFIELD","CA","CALIFORNIA","86432","TRAILER","712953","DIESEL #2 ULTRA-LOW SULFUR CARB WIT","UNLEADED","118","4.7090","555.66","555.66","GAL","2022-01-01","1","USD","E","LINGARAJ, NAVEEN","0","F","CL191","9012 ELM ST.","","93204-0000","PM003","0","NO","555.66","0","0","0","0","3500042","3850042","FALLON LOGISTICS","SFO","FALLON LOGISTICS","VEMURIB1","2022-01-03 00:00:00","EXPORTED FOR PAYMENT","JACKSON1","2022-01-18 00:00:00","CST","VEMURIB1","2022-01-03 00:00:00","202201","","Other Auxiliary Equipment","0.1"
"616967","PDX","77PDX","S2073","001000043","F","FUELMAN MASTERCARD","CHDLZ","PREFERRED","DIESEL #2 ULTRA-LOW SULFUR CARB WIT","","095235","REGULAR","2022-01-01","LOVES TRAVEL STOP","VISALIA","CA","CALIFORNIA","82262","TANKER","531274","UNLEADED GASOLINE","PREMIUM","57","5.2290","298.05","298.05","GAL","2022-01-01","1","USD","E","LINGARAJ, NAVEEN","0","F","CL191","0123 WILLOW AVE.","","93204-0000","PM003","0","NO","298.05","0","0","0","0","3500043","3850043","FALLON LOGISTICS","PDX","FALLON LOGISTICS","JONES1","2022-01-03 00:00:00","EXPORTED FOR PAYMENT","THOMAS1","2022-01-18 00:00:00","CST","VEMURIB1","2022-01-03 00:00:00","202201","","Other Auxiliary Equipment","0.1"
"616968","DEN","77DEN","S2072","001000044","F","FUELMAN MASTERCARD","CHDLZ","PREFERRED","PREMIUM UNLEADED","","093752","REGULAR","2022-01-01","TA PETRO","FONTANA","CA","CALIFORNIA","83805","CONTAINER","577858","DIESEL","UNLEADED","120","4.1890","502.68","502.68","GAL","2022-01-01","1","USD","E","LINGARAJ, NAVEEN","0","F","CL191","4567 CEDAR ST.","","93204-0000","PM003","0","NO","502.68","0","0","0","0","3500044","3850044","FALLON LOGISTICS","DEN","FALLON LOGISTICS","JONES1","2022-01-03 00:00:00","EXPORTED FOR PAYMENT","JACKSON1","2022-01-18 00:00:00","CST","WILLIAMS1","2022-01-03 00:00:00","202201","","Other Auxiliary Equipment","0.1"
"616969","PDX","77PDX","S2068","001000045","F","FUELMAN MASTERCARD","CHDLZ","PREFERRED","DIESEL #2 ULTRA-LOW SULFUR CARB WIT","","098389","REGULAR","2022-01-01","SUNOCO STATION","SAN DIEGO","CA","CALIFORNIA","84934","TRUCK(STRAIGHT)","659473","DIESEL","DIESEL","73","5.4380","396.97","396.97","GAL","2022-01-01","1","USD","E","LINGARAJ, NAVEEN","0","F","CL191","7890 MAPLE AVE.","","93204-0000","PM003","0","NO","396.97","0","0","0","0","3500045","3850045","FALLON LOGISTICS","PDX","FALLON LOGISTICS","WILLIAMS1","2022-01-03 00:00:00","EXPORTED FOR PAYMENT","CAPWELA1","2022-01-18 00:00:00","CST","DAVIS1","2022-01-03 00:00:00","202201","","Other Auxiliary Equipment","0.1"
"616970","SEA","77SEA","S2067","001000046","F","FUELMAN MASTERCARD","CHDLZ","PREFERRED","DIESEL #2 ULTRA-LOW SULFUR CARB WIT","","095571","REGULAR","2022-01-01","ONE9 EZ TRIP 1277","AVENAL","CA","CALIFORNIA","85029","TANKER","779976","PREMIUM UNLEADED","PREMIUM","85","4.0940","347.99","347.99","GAL","2022-01-01","1","USD","E","LINGARAJ, NAVEEN","0","F","CL191","44779 S. LASSEN AVE.","","93204-0000","PM003","0","NO","347.99","0","0","0","0","3500046","3850046","FALLON LOGISTICS","SEA","FALLON LOGISTICS","VEMURIB1","2022-01-03 00:00:00","EXPORTED FOR PAYMENT","JACKSON1","2022-01-18 00:00:00","CST","MILLER1","2022-01-03 00:00:00","202201","","Other Auxiliary Equipment","0.1"
"616971","SFO","77SFO","S2073","001000047","F","FUELMAN MASTERCARD","CHDLZ","PREFERRED","DIESEL #2 ULTRA-LOW SULFUR CARB WIT","","098094","REGULAR","2022-01-01","ONE9 EZ TRIP 1277","AVENAL","CA","CALIFORNIA","82604","TANKER","714287","PREMIUM UNLEADED","PREMIUM","101","3.9360","397.54","397.54","GAL","2022-01-01","1","USD","E","LINGARAJ, NAVEEN","0","F","CL191","44779 S. LASSEN AVE.","","93204-0000","PM003","0","NO","397.54","0","0","0","0","3500047","3850047","FALLON LOGISTICS","SFO","FALLON LOGISTICS","BROWN1","2022-01-03 00:00:00","EXPORTED FOR PAYMENT","MOORE1","2022-01-18 00:00:00","CST","WILSON1","2022-01-03 00:00:00","202201","","Other Auxiliary Equipment","0.1"
"616972","PHX","77PHX","S2068","001000048","F","FUELMAN MASTERCARD","CHDLZ","PREFERRED","DIESEL #2 ULTRA-LOW SULFUR CARB WIT","","093429","REGULAR","2022-01-01","PILOT FLYING J","MODESTO","CA","CALIFORNIA","83348","CONTAINER","505419","UNLEADED GASOLINE","UNLEADED","118","4.3160","509.29","509.29","GAL","2022-01-01","1","USD","E","LINGARAJ, NAVEEN","0","F","CL191","6789 BIRCH ST.","","93204-0000","PM003","0","NO","509.29","0","0","0","0","3500048","3850048","FALLON LOGISTICS","PHX","FALLON LOGISTICS","JONES1","2022-01-03 00:00:00","EXPORTED FOR PAYMENT","CAPWELA1","2022-01-18 00:00:00","CST","MILLER1","2022-01-03 00:00:00","202201","","Other Auxiliary Equipment","0.1"
"616973","SFO","77SFO","S2067","001000049","F","FUELMAN MASTERCARD","CHDLZ","PREFERRED","UNLEADED GASOLINE","","097466","REGULAR","2022-01-01","PILOT FLYING J","MODESTO","CA","CALIFORNIA","83220","VAN","736725","DIESEL #2 ULTRA-LOW SULFUR CARB WIT","PREMIUM","149","4.8180","717.88","717.88","GAL","2022-01-01","1","USD","E","LINGARAJ, NAVEEN","0","F","CL191","6789 BIRCH ST.","","93204-0000","PM003","0","NO","717.88","0","0","0","0","3500049","3850049","FALLON LOGISTICS","SFO","FALLON LOGISTICS","WILLIAMS1","2022-01-03 00:00:00","EXPORTED FOR PAYMENT","THOMAS1","2022-01-18 00:00:00","CST","JONES1","2022-01-03 00:00:00","202201","","Other Auxiliary Equipment","0.1"
"616974","PHX","77PHX","S2067","001000050","F","FUELMAN MASTERCARD","CHDLZ","PREFERRED","UNLEADED GASOLINE","","090052","REGULAR","2022-01-01","PILOT FLYING J","MODESTO","CA","CALIFORNIA","88393","TRUCK(STRAIGHT)","749285","DIESEL #2 ULTRA-LOW SULFUR CARB WIT","UNLEADED","138","4.8440","668.47","668.47","GAL","2022-01-01","1","USD","E","LINGARAJ, NAVEEN","0","F","CL191","6789 BIRCH ST.","","93204-0000","PM003","0","NO","668.47","0","0","0","0","3500050","3850050","FALLON LOGISTICS","PHX","FALLON LOGISTICS","MILLER1","2022-01-03 00:00:00","EXPORTED FOR PAYMENT","CAPWELA1","2022-01-18 00:00:00","CST","JONES1","2022-01-03 00:00:00","202201","","Other Auxiliary Equipment","0.1"
"616975","PDX","77PDX","S2070","001000051","F","FUELMAN MASTERCARD","CHDLZ","PREFERRED","DIESEL #2 ULTRA-LOW SULFUR CARB WIT","","095350","REGULAR","2022-01-01","TA PETRO","FONTANA","CA","CALIFORNIA","85897","TANKER","840025","UNLEADED GASOLINE","DIESEL","140","5.3700","751.80","751.80","GAL","2022-01-01","1","USD","E","LINGARAJ, NAVEEN","0","F","CL191","4567 CEDAR ST.","","93204-0000","PM003","0","NO","751.80","0","0","0","0","3500051","3850051","FALLON LOGISTICS","PDX","FALLON LOGISTICS","WILLIAMS1","2022-01-03 00:00:00","EXPORTED FOR PAYMENT","ANDERSON1","2022-01-18 00:00:00","CST","WILLIAMS1","2022-01-03 00:00:00","202201","","Other Auxiliary Equipment","0.1"
"616976","PHX","77PHX","S2068","001000052","F","FUELMAN MASTERCARD","CHDLZ","PREFERRED","PREMIUM UNLEADED","","090039","REGULAR","2022-01-01","SHELL GAS STATION","LOS ANGELES","CA","CALIFORNIA","87946","TRACTOR(DAY)","669430","PREMIUM UNLEADED","DIESEL","67","3.5190","235.77","235.77","GAL","2022-01-01","1","USD","E","LINGARAJ, NAVEEN","0","F","CL191","1234 MAIN ST.","","93204-0000","PM003","0","NO","235.77","0","0","0","0","3500052","3850052","FALLON LOGISTICS","PHX","FALLON LOGISTICS","SMITH1","2022-01-03 00:00:00","EXPORTED FOR PAYMENT","JOHNSON1","2022-01-18 00:00:00","CST","MILLER1","2022-01-03 00:00:00","202201","","Other Auxiliary Equipment","0.1"
"616977","SFO","77SFO","S2065","001000053","F","FUELMAN MASTERCARD","CHDLZ","PREFERRED","UNLEADED GASOLINE","","095427","REGULAR","2022-01-01","CHEVRON FUEL","FRESNO","CA","CALIFORNIA","86644","TRACTOR(DAY)","909803","PREMIUM UNLEADED","PREMIUM","138","4.0130","553.79","553.79","GAL","2022-01-01","1","USD","E","LINGARAJ, NAVEEN","0","F","CL191","5678 OAK AVE.","","93204-0000","PM003","0","NO","553.79","0","0","0","0","3500053","3850053","FALLON LOGISTICS","SFO","FALLON LOGISTICS","BROWN1","2022-01-03 00:00:00","EXPORTED FOR PAYMENT","MARTIN1","2022-01-18 00:00:00","CST","MILLER1","2022-01-03 00:00:00","202201","","Other Auxiliary Equipment","0.1"
"616978","FNL","77FNL","S2069","001000054","F","FUELMAN MASTERCARD","CHDLZ","PREFERRED","DIESEL","","099253","REGULAR","2022-01-01","ONE9 EZ TRIP 1277","AVENAL","CA","CALIFORNIA","84719","TRAILER","979554","DIESEL","DIESEL","94","4.6900","440.86","440.86","GAL","2022-01-01","1","USD","E","LINGARAJ, NAVEEN","0","F","CL191","44779 S. LASSEN AVE.","","93204-0000","PM003","0","NO","440.86","0","0","0","0","3500054","3850054","FALLON LOGISTICS","FNL","FALLON LOGISTICS","JONES1","2022-01-03 00:00:00","EXPORTED FOR PAYMENT","ANDERSON1","2022-01-18 00:00:00","CST","JONES1","2022-01-03 00:00:00","202201","","Other Auxiliary Equipment","0.1"
"616979","LAS","77LAS","S2068","001000055","F","FUELMAN MASTERCARD","CHDLZ","PREFERRED","DIESEL #2 ULTRA-LOW SULFUR CARB WIT","","091863","REGULAR","2022-01-01","EXXON MOBIL","BAKERSFIELD","CA","CALIFORNIA","80568","TRACTOR(SLEEP)","510298","DIESEL","UNLEADED","121","3.5270","426.77","426.77","GAL","2022-01-01","1","USD","E","LINGARAJ, NAVEEN","0","F","CL191","9012 ELM ST.","","93204-0000","PM003","0","NO","426.77","0","0","0","0","3500055","3850055","FALLON LOGISTICS","LAS","FALLON LOGISTICS","SMITH1","2022-01-03 00:00:00","EXPORTED FOR PAYMENT","TAYLOR1","2022-01-18 00:00:00","CST","BROWN1","2022-01-03 00:00:00","202201","","Other Auxiliary Equipment","0.1"
"616980","PDX","77PDX","S2070","001000056","F","FUELMAN MASTERCARD","CHDLZ","PREFERRED","DIESEL #2 ULTRA-LOW SULFUR CARB WIT","","090457","REGULAR","2022-01-01","SUNOCO STATION","SAN DIEGO","CA","CALIFORNIA","86600","TRACTOR(SLEEP)","567421","DIESEL #2 ULTRA-LOW SULFUR CARB WIT","UNLEADED","107","4.9050","524.84","524.84","GAL","2022-01-01","1","USD","E","LINGARAJ, NAVEEN","0","F","CL191","7890 MAPLE AVE.","","93204-0000","PM003","0","NO","524.84","0","0","0","0","3500056","3850056","FALLON LOGISTICS","PDX","FALLON LOGISTICS","WILSON1","2022-01-03 00:00:00","EXPORTED FOR PAYMENT","ANDERSON1","2022-01-18 00:00:00","CST","DAVIS1","2022-01-03 00:00:00","202201","","Other Auxiliary Equipment","0.1"
"616981","SFO","77SFO","S2070","001000057","F","FUELMAN MASTERCARD","CHDLZ","PREFERRED","DIESEL #2 ULTRA-LOW SULFUR CARB WIT","","096185","REGULAR","2022-01-01","SPEEDWAY","STOCKTON","CA","CALIFORNIA","89808","CONTAINER","509595","DIESEL","PREMIUM","136","4.1950","570.52","570.52","GAL","2022-01-01","1","USD","E","LINGARAJ, NAVEEN","0","F","CL191","2345 ASH ST.","","93204-0000","PM003","0","NO","570.52","0","0","0","0","3500057","3850057","FALLON LOGISTICS","SFO","FALLON LOGISTICS","JONES1","2022-01-03 00:00:00","EXPORTED FOR PAYMENT","TAYLOR1","2022-01-18 00:00:00","CST","WILSON1","2022-01-03 00:00:00","202201","","Other Auxiliary Equipment","0.1"
"616982","SFO","77SFO","S2072","001000058","F","FUELMAN MASTERCARD","CHDLZ","PREFERRED","UNLEADED GASOLINE","","095755","REGULAR","2022-01-01","EXXON MOBIL","BAKERSFIELD","CA","CALIFORNIA","82795","TRACTOR(SLEEP)","982940","UNLEADED GASOLINE","UNLEADED","98","3.5330","346.23","346.23","GAL","2022-01-01","1","USD","E","LINGARAJ, NAVEEN","0","F","CL191","9012 ELM ST.","","93204-0000","PM003","0","NO","346.23","0","0","0","0","3500058","3850058","FALLON LOGISTICS","SFO","FALLON LOGISTICS","DAVIS1","2022-01-03 00:00:00","EXPORTED FOR PAYMENT","TAYLOR1","2022-01-18 00:00:00","CST","JONES1","2022-01-03 00:00:00","202201","","Other Auxiliary Equipment","0.1"
"616983","DEN","77DEN","S2065","001000059","F","FUELMAN MASTERCARD","CHDLZ","PREFERRED","UNLEADED GASOLINE","","099119","REGULAR","2022-01-01","EXXON MOBIL","BAKERSFIELD","CA","CALIFORNIA","89161","TANKER","776887","DIESEL","PREMIUM","116","3.7900","439.64","439.64","GAL","2022-01-01","1","USD","E","LINGARAJ, NAVEEN","0","F","CL191","9012 ELM ST.","","93204-0000","PM003","0","NO","439.64","0","0","0","0","3500059","3850059","FALLON LOGISTICS","DEN","FALLON LOGISTICS","BROWN1","2022-01-03 00:00:00","EXPORTED FOR PAYMENT","MARTIN1","2022-01-18 00:00:00","CST","BROWN1","2022-01-03 00:00:00","202201","","Other Auxiliary Equipment","0.1"
"616984","SFO","77SFO","S2071","001000060","F","FUELMAN MASTERCARD","CHDLZ","PREFERRED","DIESEL","","097825","REGULAR","2022-01-01","SPEEDWAY","STOCKTON","CA","CALIFORNIA","82238","CONTAINER","996608","DIESEL","UNLEADED","50","4.0870","204.35","204.35","GAL","2022-01-01","1","USD","E","LINGARAJ, NAVEEN","0","F","CL191","2345 ASH ST.","","93204-0000","PM003","0","NO","204.35","0","0","0","0","3500060","3850060","FALLON LOGISTICS","SFO","FALLON LOGISTICS","MILLER1","2022-01-03 00:00:00","EXPORTED FOR PAYMENT","JACKSON1","2022-01-18 00:00:00","CST","WILSON1","2022-01-03 00:00:00","202201","","Other Auxiliary Equipment","0.1"
"616985","DEN","77DEN","S2071","001000061","F","FUELMAN MASTERCARD","CHDLZ","PREFERRED","DIESEL #2 ULTRA-LOW SULFUR CARB WIT","","094784","REGULAR","2022-01-01","CHEVRON FUEL","FRESNO","CA","CALIFORNIA","87135","TRACTOR(DAY)","705931","DIESEL","UNLEADED","77","3.6850","283.74","283.74","GAL","2022-01-01","1","USD","E","LINGARAJ, NAVEEN","0","F","CL191","5678 OAK AVE.","","93204-0000","PM003","0","NO","283.74","0","0","0","0","3500061","3850061","FALLON LOGISTICS","DEN","FALLON LOGISTICS","SMITH1","2022-01-03 00:00:00","EXPORTED FOR PAYMENT","MARTIN1","2022-01-18 00:00:00","CST","WILLIAMS1","2022-01-03 00:00:00","202201","","Other Auxiliary Equipment","0.1"
"616986","FNL","77FNL","S2073","001000062","F","FUELMAN MASTERCARD","CHDLZ","PREFERRED","DIESEL","","094291","REGULAR","2022-01-01","ONE9 EZ TRIP 1277","AVENAL","CA","CALIFORNIA","85109","TRAILER","595286","PREMIUM UNLEADED","UNLEADED","54","5.0160","270.86","270.86","GAL","2022-01-01","1","USD","E","LINGARAJ, NAVEEN","0","F","CL191","44779 S. LASSEN AVE.","","93204-0000","PM003","0","NO","270.86","0","0","0","0","3500062","3850062","FALLON LOGISTICS","FNL","FALLON LOGISTICS","DAVIS1","2022-01-03 00:00:00","EXPORTED FOR PAYMENT","ANDERSON1","2022-01-18 00:00:00","CST","SMITH1","2022-01-03 00:00:00","202201","","Other Auxiliary Equipment","0.1"
"616987","DEN","77DEN","S2066","001000063","F","FUELMAN MASTERCARD","CHDLZ","PREFERRED","UNLEADED GASOLINE","","099425","REGULAR","2022-01-01","PILOT FLYING J","MODESTO","CA","CALIFORNIA","84574","TRACTOR(SLEEP)","572363","PREMIUM UNLEADED","PREMIUM","107","3.7480","401.04","401.04","GAL","2022-01-01","1","USD","E","LINGARAJ, NAVEEN","0","F","CL191","6789 BIRCH ST.","","93204-0000","PM003","0","NO","401.04","0","0","0","0","3500063","3850063","FALLON LOGISTICS","DEN","FALLON LOGISTICS","DAVIS1","2022-01-03 00:00:00","EXPORTED FOR PAYMENT","JOHNSON1","2022-01-18 00:00:00","CST","BROWN1","2022-01-03 00:00:00","202201","","Other Auxiliary Equipment","0.1"
"616988","PHX","77PHX","S2068","001000064","F","FUELMAN MASTERCARD","CHDLZ","PREFERRED","UNLEADED GASOLINE","","097743","REGULAR","2022-01-01","SUNOCO STATION","SAN DIEGO","CA","CALIFORNIA","87817","TRUCK(STRAIGHT)","955648","PREMIUM UNLEADED","GASOLINE","134","3.9350","527.29","527.29","GAL","2022-01-01","1","USD","E","LINGARAJ, NAVEEN","0","F","CL191","7890 MAPLE AVE.","","93204-0000","PM003","0","NO","527.29","0","0","0","0","3500064","3850064","FALLON LOGISTICS","PHX","FALLON LOGISTICS","SMITH1","2022-01-03 00:00:00","EXPORTED FOR PAYMENT","JOHNSON1","2022-01-18 00:00:00","CST","VEMURIB1","2022-01-03 00:00:00","202201","","Other Auxiliary Equipment","0.1"
"616989","OGG","77OGG","S2067","001000065","F","FUELMAN MASTERCARD","CHDLZ","PREFERRED","DIESEL","","098819","REGULAR","2022-01-01","ONE9 EZ TRIP 1277","AVENAL","CA","CALIFORNIA","83251","TRACTOR(DAY)","861688","UNLEADED GASOLINE","UNLEADED","73","3.9170","285.94","285.94","GAL","2022-01-01","1","USD","E","LINGARAJ, NAVEEN","0","F","CL191","44779 S. LASSEN AVE.","","93204-0000","PM003","0","NO","285.94","0","0","0","0","3500065","3850065","FALLON LOGISTICS","OGG","FALLON LOGISTICS","BROWN1","2022-01-03 00:00:00","EXPORTED FOR PAYMENT","THOMAS1","2022-01-18 00:00:00","CST","SMITH1","2022-01-03 00:00:00","202201","","Other Auxiliary Equipment","0.1"
"616990","OGG","77OGG","S2074","001000066","F","FUELMAN MASTERCARD","CHDLZ","PREFERRED","DIESEL","","099974","REGULAR","2022-01-01","EXXON MOBIL","BAKERSFIELD","CA","CALIFORNIA","89727","TRACTOR(SLEEP)","793536","PREMIUM UNLEADED","UNLEADED","125","5.1030","637.88","637.88","GAL","2022-01-01","1","USD","E","LINGARAJ, NAVEEN","0","F","CL191","9012 ELM ST.","","93204-0000","PM003","0","NO","637.88","0","0","0","0","3500066","3850066","FALLON LOGISTICS","OGG","FALLON LOGISTICS","MILLER1","2022-01-03 00:00:00","EXPORTED FOR PAYMENT","THOMAS1","2022-01-18 00:00:00","CST","MILLER1","2022-01-03 00:00:00","202201","","Other Auxiliary Equipment","0.1"
"616991","FNL","77FNL","S2065","001000067","F","FUELMAN MASTERCARD","CHDLZ","PREFERRED","UNLEADED GASOLINE","","090576","REGULAR","2022-01-01","BP FUEL STOP","SACRAMENTO","CA","CALIFORNIA","84614","TRAILER","753510","UNLEADED GASOLINE","UNLEADED","52","5.0060","260.31","260.31","GAL","2022-01-01","1","USD","E","LINGARAJ, NAVEEN","0","F","CL191","3456 PINE ST.","","93204-0000","PM003","0","NO","260.31","0","0","0","0","3500067","3850067","FALLON LOGISTICS","FNL","FALLON LOGISTICS","WILLIAMS1","2022-01-03 00:00:00","EXPORTED FOR PAYMENT","TAYLOR1","2022-01-18 00:00:00","CST","WILLIAMS1","2022-01-03 00:00:00","202201","","Other Auxiliary Equipment","0.1"
"616992","OGG","77OGG","S2066","001000068","F","FUELMAN MASTERCARD","CHDLZ","PREFERRED","PREMIUM UNLEADED","","091500","REGULAR","2022-01-01","ONE9 EZ TRIP 1277","AVENAL","CA","CALIFORNIA","89056","TRACTOR(DAY)","761489","UNLEADED GASOLINE","GASOLINE","143","4.6650","667.10","667.10","GAL","2022-01-01","1","USD","E","LINGARAJ, NAVEEN","0","F","CL191","44779 S. LASSEN AVE.","","93204-0000","PM003","0","NO","667.10","0","0","0","0","3500068","3850068","FALLON LOGISTICS","OGG","FALLON LOGISTICS","DAVIS1","2022-01-03 00:00:00","EXPORTED FOR PAYMENT","JOHNSON1","2022-01-18 00:00:00","CST","SMITH1","2022-01-03 00:00:00","202201","","Other Auxiliary Equipment","0.1"
"616993","LAX","77LAX","S2072","001000069","F","FUELMAN MASTERCARD","CHDLZ","PREFERRED","DIESEL","","095682","REGULAR","2022-01-01","TA PETRO","FONTANA","CA","CALIFORNIA","88374","TANKER","925756","DIESEL","GASOLINE","58","5.4010","313.26","313.26","GAL","2022-01-01","1","USD","E","LINGARAJ, NAVEEN","0","F","CL191","4567 CEDAR ST.","","93204-0000","PM003","0","NO","313.26","0","0","0","0","3500069","3850069","FALLON LOGISTICS","LAX","FALLON LOGISTICS","WILLIAMS1","2022-01-03 00:00:00","EXPORTED FOR PAYMENT","JACKSON1","2022-01-18 00:00:00","CST","VEMURIB1","2022-01-03 00:00:00","202201","","Other Auxiliary Equipment","0.1"
"616994","DEN","77DEN","S2068","001000070","F","FUELMAN MASTERCARD","CHDLZ","PREFERRED","DIESEL #2 ULTRA-LOW SULFUR CARB WIT","","091350","REGULAR","2022-01-01","TA PETRO","FONTANA","CA","CALIFORNIA","83887","TRACTOR(DAY)","678982","DIESEL #2 ULTRA-LOW SULFUR CARB WIT","PREMIUM","84","5.1900","435.96","435.96","GAL","2022-01-01","1","USD","E","LINGARAJ, NAVEEN","0","F","CL191","4567 CEDAR ST.","","93204-0000","PM003","0","NO","435.96","0","0","0","0","3500070","3850070","FALLON LOGISTICS","DEN","FALLON LOGISTICS","WILLIAMS1","2022-01-03 00:00:00","EXPORTED FOR PAYMENT","TAYLOR1","2022-01-18 00:00:00","CST","SMITH1","2022-01-03 00:00:00","202201","","Other Auxiliary Equipment","0.1"
"616995","OGG","77OGG","S2067","001000071","F","FUELMAN MASTERCARD","CHDLZ","PREFERRED","DIESEL #2 ULTRA-LOW SULFUR CARB WIT","","099967","REGULAR","2022-01-01","PILOT FLYING J","MODESTO","CA","CALIFORNIA","80466","TRUCK(STRAIGHT)","635200","DIESEL","DIESEL","120","5.2310","627.72","627.72","GAL","2022-01-01","1","USD","E","LINGARAJ, NAVEEN","0","F","CL191","6789 BIRCH ST.","","93204-0000","PM003","0","NO","627.72","0","0","0","0","3500071","3850071","FALLON LOGISTICS","OGG","FALLON LOGISTICS","WILLIAMS1","2022-01-03 00:00:00","EXPORTED FOR PAYMENT","THOMAS1","2022-01-18 00:00:00","CST","BROWN1","2022-01-03 00:00:00","202201","","Other Auxiliary Equipment","0.1"
"616996","FNL","77FNL","S2073","001000072","F","FUELMAN MASTERCARD","CHDLZ","PREFERRED","PREMIUM UNLEADED","","090341","REGULAR","2022-01-01","SHELL GAS STATION","LOS ANGELES","CA","CALIFORNIA","89283","TRAILER","804608","UNLEADED GASOLINE","DIESEL","77","5.2590","404.94","404.94","GAL","2022-01-01","1","USD","E","LINGARAJ, NAVEEN","0","F","CL191","1234 MAIN ST.","","93204-0000","PM003","0","NO","404.94","0","0","0","0","3500072","3850072","FALLON LOGISTICS","FNL","FALLON LOGISTICS","WILSON1","2022-01-03 00:00:00","EXPORTED FOR PAYMENT","JOHNSON1","2022-01-18 00:00:00","CST","DAVIS1","2022-01-03 00:00:00","202201","","Other Auxiliary Equipment","0.1"
"616997","PDX","77PDX","S2074","001000073","F","FUELMAN MASTERCARD","CHDLZ","PREFERRED","DIESEL #2 ULTRA-LOW SULFUR CARB WIT","","098407","REGULAR","2022-01-01","ONE9 EZ TRIP 1277","AVENAL","CA","CALIFORNIA","81898","FLATBED","503508","PREMIUM UNLEADED","PREMIUM","147","4.6150","678.41","678.41","GAL","2022-01-01","1","USD","E","LINGARAJ, NAVEEN","0","F","CL191","44779 S. LASSEN AVE.","","93204-0000","PM003","0","NO","678.41","0","0","0","0","3500073","3850073","FALLON LOGISTICS","PDX","FALLON LOGISTICS","BROWN1","2022-01-03 00:00:00","EXPORTED FOR PAYMENT","THOMAS1","2022-01-18 00:00:00","CST","VEMURIB1","2022-01-03 00:00:00","202201","","Other Auxiliary Equipment","0.1"
"616998","PHX","77PHX","S2067","001000074","F","FUELMAN MASTERCARD","CHDLZ","PREFERRED","UNLEADED GASOLINE","","091344","REGULAR","2022-01-01","BP FUEL STOP","SACRAMENTO","CA","CALIFORNIA","80259","TRAILER","616812","UNLEADED GASOLINE","PREMIUM","96","4.8170","462.43","462.43","GAL","2022-01-01","1","USD","E","LINGARAJ, NAVEEN","0","F","CL191","3456 PINE ST.","","93204-0000","PM003","0","NO","462.43","0","0","0","0","3500074","3850074","FALLON LOGISTICS","PHX","FALLON LOGISTICS","JONES1","2022-01-03 00:00:00","EXPORTED FOR PAYMENT","MOORE1","2022-01-18 00:00:00","CST","VEMURIB1","2022-01-03 00:00:00","202201","","Other Auxiliary Equipment","0.1"
"616999","PDX","77PDX","S2068","001000075","F","FUELMAN MASTERCARD","CHDLZ","PREFERRED","UNLEADED GASOLINE","","094538","REGULAR","2022-01-01","ONE9 EZ TRIP 1277","AVENAL","CA","CALIFORNIA","87163","TRACTOR(SLEEP)","795090","UNLEADED GASOLINE","GASOLINE","110","4.7860","526.46","526.46","GAL","2022-01-01","1","USD","E","LINGARAJ, NAVEEN","0","F","CL191","44779 S. LASSEN AVE.","","93204-0000","PM003","0","NO","526.46","0","0","0","0","3500075","3850075","FALLON LOGISTICS","PDX","FALLON LOGISTICS","SMITH1","2022-01-03 00:00:00","EXPORTED FOR PAYMENT","CAPWELA1","2022-01-18 00:00:00","CST","WILLIAMS1","2022-01-03 00:00:00","202201","","Other Auxiliary Equipment","0.1"
"617000","LAX","77LAX","S2074","001000076","F","FUELMAN MASTERCARD","CHDLZ","PREFERRED","PREMIUM UNLEADED","","098629","REGULAR","2022-01-01","PILOT FLYING J","MODESTO","CA","CALIFORNIA","88961","TRACTOR(SLEEP)","640540","DIESEL #2 ULTRA-LOW SULFUR CARB WIT","UNLEADED","59","4.3310","255.53","255.53","GAL","2022-01-01","1","USD","E","LINGARAJ, NAVEEN","0","F","CL191","6789 BIRCH ST.","","93204-0000","PM003","0","NO","255.53","0","0","0","0","3500076","3850076","FALLON LOGISTICS","LAX","FALLON LOGISTICS","VEMURIB1","2022-01-03 00:00:00","EXPORTED FOR PAYMENT","TAYLOR1","2022-01-18 00:00:00","CST","BROWN1","2022-01-03 00:00:00","202201","","Other Auxiliary Equipment","0.1"
"617001","FNL","77FNL","S2066","001000077","F","FUELMAN MASTERCARD","CHDLZ","PREFERRED","PREMIUM UNLEADED","","094990","REGULAR","2022-01-01","SUNOCO STATION","SAN DIEGO","CA","CALIFORNIA","88636","TANKER","654660","DIESEL","DIESEL","80","4.4500","356.00","356.00","GAL","2022-01-01","1","USD","E","LINGARAJ, NAVEEN","0","F","CL191","7890 MAPLE AVE.","","93204-0000","PM003","0","NO","356.00","0","0","0","0","3500077","3850077","FALLON LOGISTICS","FNL","FALLON LOGISTICS","JONES1","2022-01-03 00:00:00","EXPORTED FOR PAYMENT","CAPWELA1","2022-01-18 00:00:00","CST","JONES1","2022-01-03 00:00:00","202201","","Other Auxiliary Equipment","0.1"
"617002","SAN","77SAN","S2067","001000078","F","FUELMAN MASTERCARD","CHDLZ","PREFERRED","DIESEL #2 ULTRA-LOW SULFUR CARB WIT","","091202","REGULAR","2022-01-01","SHELL GAS STATION","LOS ANGELES","CA","CALIFORNIA","80931","TRUCK(STRAIGHT)","611708","PREMIUM UNLEADED","UNLEADED","110","4.7330","520.63","520.63","GAL","2022-01-01","1","USD","E","LINGARAJ, NAVEEN","0","F","CL191","1234 MAIN ST.","","93204-0000","PM003","0","NO","520.63","0","0","0","0","3500078","3850078","FALLON LOGISTICS","SAN","FALLON LOGISTICS","DAVIS1","2022-01-03 00:00:00","EXPORTED FOR PAYMENT","MARTIN1","2022-01-18 00:00:00","CST","VEMURIB1","2022-01-03 00:00:00","202201","","Other Auxiliary Equipment","0.1"
"617003","OGG","77OGG","S2065","001000079","F","FUELMAN MASTERCARD","CHDLZ","PREFERRED","PREMIUM UNLEADED","","093111","REGULAR","2022-01-01","SUNOCO STATION","SAN DIEGO","CA","CALIFORNIA","80438","TRAILER","633721","UNLEADED GASOLINE","UNLEADED","59","3.6400","214.76","214.76","GAL","2022-01-01","1","USD","E","LINGARAJ, NAVEEN","0","F","CL191","7890 MAPLE AVE.","","93204-0000","PM003","0","NO","214.76","0","0","0","0","3500079","3850079","FALLON LOGISTICS","OGG","FALLON LOGISTICS","DAVIS1","2022-01-03 00:00:00","EXPORTED FOR PAYMENT","TAYLOR1","2022-01-18 00:00:00","CST","WILLIAMS1","2022-01-03 00:00:00","202201","","Other Auxiliary Equipment","0.1"
"617004","OGG","77OGG","S2069","001000080","F","FUELMAN MASTERCARD","CHDLZ","PREFERRED","UNLEADED GASOLINE","","091141","REGULAR","2022-01-01","SUNOCO STATION","SAN DIEGO","CA","CALIFORNIA","85853","CONTAINER","546367","DIESEL #2 ULTRA-LOW SULFUR CARB WIT","UNLEADED","119","3.5890","427.09","427.09","GAL","2022-01-01","1","USD","E","LINGARAJ, NAVEEN","0","F","CL191","7890 MAPLE AVE.","","93204-0000","PM003","0","NO","427.09","0","0","0","0","3500080","3850080","FALLON LOGISTICS","OGG","FALLON LOGISTICS","BROWN1","2022-01-03 00:00:00","EXPORTED FOR PAYMENT","CAPWELA1","2022-01-18 00:00:00","CST","BROWN1","2022-01-03 00:00:00","202201","","Other Auxiliary Equipment","0.1"
"617005","SFO","77SFO","S2070","001000081","F","FUELMAN MASTERCARD","CHDLZ","PREFERRED","PREMIUM UNLEADED","","091671","REGULAR","2022-01-01","PILOT FLYING J","MODESTO","CA","CALIFORNIA","83333","VAN","565576","DIESEL #2 ULTRA-LOW SULFUR CARB WIT","GASOLINE","135","4.3170","582.80","582.80","GAL","2022-01-01","1","USD","E","LINGARAJ, NAVEEN","0","F","CL191","6789 BIRCH ST.","","93204-0000","PM003","0","NO","582.80","0","0","0","0","3500081","3850081","FALLON LOGISTICS","SFO","FALLON LOGISTICS","DAVIS1","2022-01-03 00:00:00","EXPORTED FOR PAYMENT","TAYLOR1","2022-01-18 00:00:00","CST","WILSON1","2022-01-03 00:00:00","202201","","Other Auxiliary Equipment","0.1"
"617006","SFO","77SFO","S2065","001000082","F","FUELMAN MASTERCARD","CHDLZ","PREFERRED","PREMIUM UNLEADED","","099522","REGULAR","2022-01-01","LOVES TRAVEL STOP","VISALIA","CA","CALIFORNIA","84663","VAN","637591","UNLEADED GASOLINE","GASOLINE","101","4.7090","475.61","475.61","GAL","2022-01-01","1","USD","E","LINGARAJ, NAVEEN","0","F","CL191","0123 WILLOW AVE.","","93204-0000","PM003","0","NO","475.61","0","0","0","0","3500082","3850082","FALLON LOGISTICS","SFO","FALLON LOGISTICS","MILLER1","2022-01-03 00:00:00","EXPORTED FOR PAYMENT","JACKSON1","2022-01-18 00:00:00","CST","JONES1","2022-01-03 00:00:00","202201","","Other Auxiliary Equipment","0.1"
"617007","SAN","77SAN","S2068","001000083","F","FUELMAN MASTERCARD","CHDLZ","PREFERRED","DIESEL #2 ULTRA-LOW SULFUR CARB WIT","","097964","REGULAR","2022-01-01","SPEEDWAY","STOCKTON","CA","CALIFORNIA","87817","VAN","991565","DIESEL #2 ULTRA-LOW SULFUR CARB WIT","DIESEL","77","4.5010","346.58","346.58","GAL","2022-01-01","1","USD","E","LINGARAJ, NAVEEN","0","F","CL191","2345 ASH ST.","","93204-0000","PM003","0","NO","346.58","0","0","0","0","3500083","3850083","FALLON LOGISTICS","SAN","FALLON LOGISTICS","DAVIS1","2022-01-03 00:00:00","EXPORTED FOR PAYMENT","JACKSON1","2022-01-18 00:00:00","CST","JONES1","2022-01-03 00:00:00","202201","","Other Auxiliary Equipment","0.1"
"617008","SAN","77SAN","S2071","001000084","F","FUELMAN MASTERCARD","CHDLZ","PREFERRED","PREMIUM UNLEADED","","095593","REGULAR","2022-01-01","BP FUEL STOP","SACRAMENTO","CA","CALIFORNIA","89813","FLATBED","596758","DIESEL #2 ULTRA-LOW SULFUR CARB WIT","DIESEL","116","4.9410","573.16","573.16","GAL","2022-01-01","1","USD","E","LINGARAJ, NAVEEN","0","F","CL191","3456 PINE ST.","","93204-0000","PM003","0","NO","573.16","0","0","0","0","3500084","3850084","FALLON LOGISTICS","SAN","FALLON LOGISTICS","WILLIAMS1","2022-01-03 00:00:00","EXPORTED FOR PAYMENT","MOORE1","2022-01-18 00:00:00","CST","DAVIS1","2022-01-03 00:00:00","202201","","Other Auxiliary Equipment","0.1"
"617009","OGG","77OGG","S2070","001000085","F","FUELMAN MASTERCARD","CHDLZ","PREFERRED","DIESEL","","099533","REGULAR","2022-01-01","BP FUEL STOP","SACRAMENTO","CA","CALIFORNIA","89210","VAN","705569","UNLEADED GASOLINE","UNLEADED","96","4.6760","448.90","448.90","GAL","2022-01-01","1","USD","E","LINGARAJ, NAVEEN","0","F","CL191","3456 PINE ST.","","93204-0000","PM003","0","NO","448.90","0","0","0","0","3500085","3850085","FALLON LOGISTICS","OGG","FALLON LOGISTICS","JONES1","2022-01-03 00:00:00","EXPORTED FOR PAYMENT","THOMAS1","2022-01-18 00:00:00","CST","MILLER1","2022-01-03 00:00:00","202201","","Other Auxiliary Equipment","0.1"
"617010","SFO","77SFO","S2069","001000086","F","FUELMAN MASTERCARD","CHDLZ","PREFERRED","PREMIUM UNLEADED","","097764","REGULAR","2022-01-01","ONE9 EZ TRIP 1277","AVENAL","CA","CALIFORNIA","80811","TRAILER","939300","DIESEL","GASOLINE","111","5.2080","578.09","578.09","GAL","2022-01-01","1","USD","E","LINGARAJ, NAVEEN","0","F","CL191","44779 S. LASSEN AVE.","","93204-0000","PM003","0","NO","578.09","0","0","0","0","3500086","3850086","FALLON LOGISTICS","SFO","FALLON LOGISTICS","BROWN1","2022-01-03 00:00:00","EXPORTED FOR PAYMENT","CAPWELA1","2022-01-18 00:00:00","CST","VEMURIB1","2022-01-03 00:00:00","202201","","Other Auxiliary Equipment","0.1"
"617011","SFO","77SFO","S2066","001000087","F","FUELMAN MASTERCARD","CHDLZ","PREFERRED","PREMIUM UNLEADED","","096959","REGULAR","2022-01-01","PILOT FLYING J","MODESTO","CA","CALIFORNIA","87547","TRACTOR(DAY)","904392","UNLEADED GASOLINE","UNLEADED","147","4.1320","607.40","607.40","GAL","2022-01-01","1","USD","E","LINGARAJ, NAVEEN","0","F","CL191","6789 BIRCH ST.","","93204-0000","PM003","0","NO","607.40","0","0","0","0","3500087","3850087","FALLON LOGISTICS","SFO","FALLON LOGISTICS","BROWN1","2022-01-03 00:00:00","EXPORTED FOR PAYMENT","ANDERSON1","2022-01-18 00:00:00","CST","JONES1","2022-01-03 00:00:00","202201","","Other Auxiliary Equipment","0.1"
"617012","LAX","77LAX","S2071","001000088","F","FUELMAN MASTERCARD","CHDLZ","PREFERRED","DIESEL #2 ULTRA-LOW SULFUR CARB WIT","","093747","REGULAR","2022-01-01","LOVES TRAVEL STOP","VISALIA","CA","CALIFORNIA","84917","TRACTOR(SLEEP)","617805","PREMIUM UNLEADED","DIESEL","141","3.9270","553.71","553.71","GAL","2022-01-01","1","USD","E","LINGARAJ, NAVEEN","0","F","CL191","0123 WILLOW AVE.","","93204-0000","PM003","0","NO","553.71","0","0","0","0","3500088","3850088","FALLON LOGISTICS","LAX","FALLON LOGISTICS","BROWN1","2022-01-03 00:00:00","EXPORTED FOR PAYMENT","JACKSON1","2022-01-18 00:00:00","CST","MILLER1","2022-01-03 00:00:00","202201","","Other Auxiliary Equipment","0.1"
"617013","LAX","77LAX","S2072","001000089","F","FUELMAN MASTERCARD","CHDLZ","PREFERRED","UNLEADED GASOLINE","","095962","REGULAR","2022-01-01","SHELL GAS STATION","LOS ANGELES","CA","CALIFORNIA","89801","TANKER","618340","PREMIUM UNLEADED","UNLEADED","99","4.4010","435.70","435.70","GAL","2022-01-01","1","USD","E","LINGARAJ, NAVEEN","0","F","CL191","1234 MAIN ST.","","93204-0000","PM003","0","NO","435.70","0","0","0","0","3500089","3850089","FALLON LOGISTICS","LAX","FALLON LOGISTICS","MILLER1","2022-01-03 00:00:00","EXPORTED FOR PAYMENT","ANDERSON1","2022-01-18 00:00:00","CST","JONES1","2022-01-03 00:00:00","202201","","Other Auxiliary Equipment","0.1"
"617014","PDX","77PDX","S2066","001000090","F","FUELMAN MASTERCARD","CHDLZ","PREFERRED","UNLEADED GASOLINE","","090802","REGULAR","2022-01-01","LOVES TRAVEL STOP","VISALIA","CA","CALIFORNIA","85070","TRAILER","625228","UNLEADED GASOLINE","GASOLINE","97","4.5170","438.15","438.15","GAL","2022-01-01","1","USD","E","LINGARAJ, NAVEEN","0","F","CL191","0123 WILLOW AVE.","","93204-0000","PM003","0","NO","438.15","0","0","0","0","3500090","3850090","FALLON LOGISTICS","PDX","FALLON LOGISTICS","JONES1","2022-01-03 00:00:00","EXPORTED FOR PAYMENT","MOORE1","2022-01-18 00:00:00","CST","SMITH1","2022-01-03 00:00:00","202201","","Other Auxiliary Equipment","0.1"
"617015","SEA","77SEA","S2070","001000091","F","FUELMAN MASTERCARD","CHDLZ","PREFERRED","UNLEADED GASOLINE","","099536","REGULAR","2022-01-01","SUNOCO STATION","SAN DIEGO","CA","CALIFORNIA","89958","TANKER","737383","UNLEADED GASOLINE","PREMIUM","67","3.9880","267.20","267.20","GAL","2022-01-01","1","USD","E","LINGARAJ, NAVEEN","0","F","CL191","7890 MAPLE AVE.","","93204-0000","PM003","0","NO","267.20","0","0","0","0","3500091","3850091","FALLON LOGISTICS","SEA","FALLON LOGISTICS","WILLIAMS1","2022-01-03 00:00:00","EXPORTED FOR PAYMENT","JACKSON1","2022-01-18 00:00:00","CST","WILLIAMS1","2022-01-03 00:00:00","202201","","Other Auxiliary Equipment","0.1"
"617016","PHX","77PHX","S2065","001000092","F","FUELMAN MASTERCARD","CHDLZ","PREFERRED","PREMIUM UNLEADED","","094777","REGULAR","2022-01-01","SUNOCO STATION","SAN DIEGO","CA","CALIFORNIA","87269","TRACTOR(DAY)","708702","DIESEL","UNLEADED","86","5.3440","459.58","459.58","GAL","2022-01-01","1","USD","E","LINGARAJ, NAVEEN","0","F","CL191","7890 MAPLE AVE.","","93204-0000","PM003","0","NO","459.58","0","0","0","0","3500092","3850092","FALLON LOGISTICS","PHX","FALLON LOGISTICS","VEMURIB1","2022-01-03 00:00:00","EXPORTED FOR PAYMENT","MARTIN1","2022-01-18 00:00:00","CST","DAVIS1","2022-01-03 00:00:00","202201","","Other Auxiliary Equipment","0.1"
"617017","LAX","77LAX","S2073","001000093","F","FUELMAN MASTERCARD","CHDLZ","PREFERRED","UNLEADED GASOLINE","","094089","REGULAR","2022-01-01","SHELL GAS STATION","LOS ANGELES","CA","CALIFORNIA","82111","FLATBED","804262","DIESEL","GASOLINE","118","4.2850","505.63","505.63","GAL","2022-01-01","1","USD","E","LINGARAJ, NAVEEN","0","F","CL191","1234 MAIN ST.","","93204-0000","PM003","0","NO","505.63","0","0","0","0","3500093","3850093","FALLON LOGISTICS","LAX","FALLON LOGISTICS","WILSON1","2022-01-03 00:00:00","EXPORTED FOR PAYMENT","TAYLOR1","2022-01-18 00:00:00","CST","JONES1","2022-01-03 00:00:00","202201","","Other Auxiliary Equipment","0.1"
"617018","PHX","77PHX","S2070","001000094","F","FUELMAN MASTERCARD","CHDLZ","PREFERRED","PREMIUM UNLEADED","","090364","REGULAR","2022-01-01","CHEVRON FUEL","FRESNO","CA","CALIFORNIA","87314","TRUCK(STRAIGHT)","778944","DIESEL","PREMIUM","71","5.1370","364.73","364.73","GAL","2022-01-01","1","USD","E","LINGARAJ, NAVEEN","0","F","CL191","5678 OAK AVE.","","93204-0000","PM003","0","NO","364.73","0","0","0","0","3500094","3850094","FALLON LOGISTICS","PHX","FALLON LOGISTICS","BROWN1","2022-01-03 00:00:00","EXPORTED FOR PAYMENT","CAPWELA1","2022-01-18 00:00:00","CST","WILSON1","2022-01-03 00:00:00","202201","","Other Auxiliary Equipment","0.1"
"617019","SEA","77SEA","S2072","001000095","F","FUELMAN MASTERCARD","CHDLZ","PREFERRED","DIESEL #2 ULTRA-LOW SULFUR CARB WIT","","090831","REGULAR","2022-01-01","TA PETRO","FONTANA","CA","CALIFORNIA","84056","VAN","657589","PREMIUM UNLEADED","DIESEL","137","4.8370","662.67","662.67","GAL","2022-01-01","1","USD","E","LINGARAJ, NAVEEN","0","F","CL191","4567 CEDAR ST.","","93204-0000","PM003","0","NO","662.67","0","0","0","0","3500095","3850095","FALLON LOGISTICS","SEA","FALLON LOGISTICS","WILSON1","2022-01-03 00:00:00","EXPORTED FOR PAYMENT","MARTIN1","2022-01-18 00:00:00","CST","VEMURIB1","2022-01-03 00:00:00","202201","","Other Auxiliary Equipment","0.1"
"617020","SEA","77SEA","S2071","001000096","F","FUELMAN MASTERCARD","CHDLZ","PREFERRED","DIESEL #2 ULTRA-LOW SULFUR CARB WIT","","098507","REGULAR","2022-01-01","LOVES TRAVEL STOP","VISALIA","CA","CALIFORNIA","84999","TRACTOR(SLEEP)","643610","DIESEL #2 ULTRA-LOW SULFUR CARB WIT","GASOLINE","129","4.8100","620.49","620.49","GAL","2022-01-01","1","USD","E","LINGARAJ, NAVEEN","0","F","CL191","0123 WILLOW AVE.","","93204-0000","PM003","0","NO","620.49","0","0","0","0","3500096","3850096","FALLON LOGISTICS","SEA","FALLON LOGISTICS","WILLIAMS1","2022-01-03 00:00:00","EXPORTED FOR PAYMENT","ANDERSON1","2022-01-18 00:00:00","CST","VEMURIB1","2022-01-03 00:00:00","202201","","Other Auxiliary Equipment","0.1"
"617021","SAN","77SAN","S2072","001000097","F","FUELMAN MASTERCARD","CHDLZ","PREFERRED","DIESEL","","095133","REGULAR","2022-01-01","SUNOCO STATION","SAN DIEGO","CA","CALIFORNIA","80899","TRUCK(STRAIGHT)","995526","PREMIUM UNLEADED","DIESEL","94","4.2370","398.28","398.28","GAL","2022-01-01","1","USD","E","LINGARAJ, NAVEEN","0","F","CL191","7890 MAPLE AVE.","","93204-0000","PM003","0","NO","398.28","0","0","0","0","3500097","3850097","FALLON LOGISTICS","SAN","FALLON LOGISTICS","WILSON1","2022-01-03 00:00:00","EXPORTED FOR PAYMENT","MARTIN1","2022-01-18 00:00:00","CST","VEMURIB1","2022-01-03 00:00:00","202201","","Other Auxiliary Equipment","0.1"
"617022","SFO","77SFO","S2067","001000098","F","FUELMAN MASTERCARD","CHDLZ","PREFERRED","PREMIUM UNLEADED","","090737","REGULAR","2022-01-01","ONE9 EZ TRIP 1277","AVENAL","CA","CALIFORNIA","84804","TANKER","655269","DIESEL","UNLEADED","129","3.8610","498.07","498.07","GAL","2022-01-01","1","USD","E","LINGARAJ, NAVEEN","0","F","CL191","44779 S. LASSEN AVE.","","93204-0000","PM003","0","NO","498.07","0","0","0","0","3500098","3850098","FALLON LOGISTICS","SFO","FALLON LOGISTICS","VEMURIB1","2022-01-03 00:00:00","EXPORTED FOR PAYMENT","MARTIN1","2022-01-18 00:00:00","CST","SMITH1","2022-01-03 00:00:00","202201","","Other Auxiliary Equipment","0.1"
"617023","OGG","77OGG","S2074","001000099","F","FUELMAN MASTERCARD","CHDLZ","PREFERRED","UNLEADED GASOLINE","","092022","REGULAR","2022-01-01","BP FUEL STOP","SACRAMENTO","CA","CALIFORNIA","87420","FLATBED","908812","DIESEL #2 ULTRA-LOW SULFUR CARB WIT","GASOLINE","55","3.5890","197.40","197.40","GAL","2022-01-01","1","USD","E","LINGARAJ, NAVEEN","0","F","CL191","3456 PINE ST.","","93204-0000","PM003","0","NO","197.40","0","0","0","0","3500099","3850099","FALLON LOGISTICS","OGG","FALLON LOGISTICS","VEMURIB1","2022-01-03 00:00:00","EXPORTED FOR PAYMENT","JACKSON1","2022-01-18 00:00:00","CST","WILLIAMS1","2022-01-03 00:00:00","202201","","Other Auxiliary Equipment","0.1"
"617024","PHX","77PHX","S2066","001000100","F","FUELMAN MASTERCARD","CHDLZ","PREFERRED","DIESEL #2 ULTRA-LOW SULFUR CARB WIT","","096896","REGULAR","2022-01-01","BP FUEL STOP","SACRAMENTO","CA","CALIFORNIA","84105","CONTAINER","606288","PREMIUM UNLEADED","PREMIUM","131","3.9190","513.39","513.39","GAL","2022-01-01","1","USD","E","LINGARAJ, NAVEEN","0","F","CL191","3456 PINE ST.","","93204-0000","PM003","0","NO","513.39","0","0","0","0","3500100","3850100","FALLON LOGISTICS","PHX","FALLON LOGISTICS","VEMURIB1","2022-01-03 00:00:00","EXPORTED FOR PAYMENT","TAYLOR1","2022-01-18 00:00:00","CST","VEMURIB1","2022-01-03 00:00:00","202201","","Other Auxiliary Equipment","0.1"
"617025","DEN","77DEN","S2068","001000101","F","FUELMAN MASTERCARD","CHDLZ","PREFERRED","DIESEL","","094115","REGULAR","2022-01-01","SPEEDWAY","STOCKTON","CA","CALIFORNIA","82196","CONTAINER","712470","DIESEL #2 ULTRA-LOW SULFUR CARB WIT","UNLEADED","81","3.7980","307.64","307.64","GAL","2022-01-01","1","USD","E","LINGARAJ, NAVEEN","0","F","CL191","2345 ASH ST.","","93204-0000","PM003","0","NO","307.64","0","0","0","0","3500101","3850101","FALLON LOGISTICS","DEN","FALLON LOGISTICS","DAVIS1","2022-01-03 00:00:00","EXPORTED FOR PAYMENT","JOHNSON1","2022-01-18 00:00:00","CST","DAVIS1","2022-01-03 00:00:00","202201","","Other Auxiliary Equipment","0.1"
"617026","LAS","77LAS","S2068","001000102","F","FUELMAN MASTERCARD","CHDLZ","PREFERRED","DIESEL","","092267","REGULAR","2022-01-01","TA PETRO","FONTANA","CA","CALIFORNIA","83257","TRACTOR(DAY)","520035","UNLEADED GASOLINE","PREMIUM","76","4.2710","324.60","324.60","GAL","2022-01-01","1","USD","E","LINGARAJ, NAVEEN","0","F","CL191","4567 CEDAR ST.","","93204-0000","PM003","0","NO","324.60","0","0","0","0","3500102","3850102","FALLON LOGISTICS","LAS","FALLON LOGISTICS","WILLIAMS1","2022-01-03 00:00:00","EXPORTED FOR PAYMENT","JACKSON1","2022-01-18 00:00:00","CST","DAVIS1","2022-01-03 00:00:00","202201","","Other Auxiliary Equipment","0.1"
"617027","SEA","77SEA","S2068","001000103","F","FUELMAN MASTERCARD","CHDLZ","PREFERRED","DIESEL","","098831","REGULAR","2022-01-01","BP FUEL STOP","SACRAMENTO","CA","CALIFORNIA","80626","TRACTOR(SLEEP)","995026","DIESEL #2 ULTRA-LOW SULFUR CARB WIT","DIESEL","125","3.7380","467.25","467.25","GAL","2022-01-01","1","USD","E","LINGARAJ, NAVEEN","0","F","CL191","3456 PINE ST.","","93204-0000","PM003","0","NO","467.25","0","0","0","0","3500103","3850103","FALLON LOGISTICS","SEA","FALLON LOGISTICS","JONES1","2022-01-03 00:00:00","EXPORTED FOR PAYMENT","TAYLOR1","2022-01-18 00:00:00","CST","MILLER1","2022-01-03 00:00:00","202201","","Other Auxiliary Equipment","0.1"
"617028","SAN","77SAN","S2068","001000104","F","FUELMAN MASTERCARD","CHDLZ","PREFERRED","UNLEADED GASOLINE","","091903","REGULAR","2022-01-01","ONE9 EZ TRIP 1277","AVENAL","CA","CALIFORNIA","80465","CONTAINER","767555","PREMIUM UNLEADED","UNLEADED","91","4.9300","448.63","448.63","GAL","2022-01-01","1","USD","E","LINGARAJ, NAVEEN","0","F","CL191","44779 S. LASSEN AVE.","","93204-0000","PM003","0","NO","448.63","0","0","0","0","3500104","3850104","FALLON LOGISTICS","SAN","FALLON LOGISTICS","DAVIS1","2022-01-03 00:00:00","EXPORTED FOR PAYMENT","TAYLOR1","2022-01-18 00:00:00","CST","BROWN1","2022-01-03 00:00:00","202201","","Other Auxiliary Equipment","0.1"
"617029","OGG","77OGG","S2071","001000105","F","FUELMAN MASTERCARD","CHDLZ","PREFERRED","UNLEADED GASOLINE","","092442","REGULAR","2022-01-01","ONE9 EZ TRIP 1277","AVENAL","CA","CALIFORNIA","80884","TRAILER","884286","DIESEL #2 ULTRA-LOW SULFUR CARB WIT","GASOLINE","88","4.7870","421.26","421.26","GAL","2022-01-01","1","USD","E","LINGARAJ, NAVEEN","0","F","CL191","44779 S. LASSEN AVE.","","93204-0000","PM003","0","NO","421.26","0","0","0","0","3500105","3850105","FALLON LOGISTICS","OGG","FALLON LOGISTICS","VEMURIB1","2022-01-03 00:00:00","EXPORTED FOR PAYMENT","ANDERSON1","2022-01-18 00:00:00","CST","SMITH1","2022-01-03 00:00:00","202201","","Other Auxiliary Equipment","0.1"
"617030","SAN","77SAN","S2065","001000106","F","FUELMAN MASTERCARD","CHDLZ","PREFERRED","PREMIUM UNLEADED","","094980","REGULAR","2022-01-01","TA PETRO","FONTANA","CA","CALIFORNIA","86616","TRAILER","841964","PREMIUM UNLEADED","GASOLINE","97","4.3790","424.76","424.76","GAL","2022-01-01","1","USD","E","LINGARAJ, NAVEEN","0","F","CL191","4567 CEDAR ST.","","93204-0000","PM003","0","NO","424.76","0","0","0","0","3500106","3850106","FALLON LOGISTICS","SAN","FALLON LOGISTICS","WILLIAMS1","2022-01-03 00:00:00","EXPORTED FOR PAYMENT","MOORE1","2022-01-18 00:00:00","CST","WILSON1","2022-01-03 00:00:00","202201","","Other Auxiliary Equipment","0.1"
"617031","OGG","77OGG","S2065","001000107","F","FUELMAN MASTERCARD","CHDLZ","PREFERRED","UNLEADED GASOLINE","","098595","REGULAR","2022-01-01","BP FUEL STOP","SACRAMENTO","CA","CALIFORNIA","82597","CONTAINER","977716","DIESEL","GASOLINE","139","3.7440","520.42","520.42","GAL","2022-01-01","1","USD","E","LINGARAJ, NAVEEN","0","F","CL191","3456 PINE ST.","","93204-0000","PM003","0","NO","520.42","0","0","0","0","3500107","3850107","FALLON LOGISTICS","OGG","FALLON LOGISTICS","DAVIS1","2022-01-03 00:00:00","EXPORTED FOR PAYMENT","MOORE1","2022-01-18 00:00:00","CST","MILLER1","2022-01-03 00:00:00","202201","","Other Auxiliary Equipment","0.1"
"617032","FNL","77FNL","S2066","001000108","F","FUELMAN MASTERCARD","CHDLZ","PREFERRED","DIESEL","","093709","REGULAR","2022-01-01","SHELL GAS STATION","LOS ANGELES","CA","CALIFORNIA","86467","TRACTOR(DAY)","679160","UNLEADED GASOLINE","GASOLINE","87","4.0570","352.96","352.96","GAL","2022-01-01","1","USD","E","LINGARAJ, NAVEEN","0","F","CL191","1234 MAIN ST.","","93204-0000","PM003","0","NO","352.96","0","0","0","0","3500108","3850108","FALLON LOGISTICS","FNL","FALLON LOGISTICS","DAVIS1","2022-01-03 00:00:00","EXPORTED FOR PAYMENT","JACKSON1","2022-01-18 00:00:00","CST","JONES1","2022-01-03 00:00:00","202201","","Other Auxiliary Equipment","0.1"
"617033","DEN","77DEN","S2074","001000109","F","FUELMAN MASTERCARD","CHDLZ","PREFERRED","PREMIUM UNLEADED","","095718","REGULAR","2022-01-01","TA PETRO","FONTANA","CA","CALIFORNIA","86345","CONTAINER","823666","PREMIUM UNLEADED","UNLEADED","145","4.7070","682.52","682.52","GAL","2022-01-01","1","USD","E","LINGARAJ, NAVEEN","0","F","CL191","4567 CEDAR ST.","","93204-0000","PM003","0","NO","682.52","0","0","0","0","3500109","3850109","FALLON LOGISTICS","DEN","FALLON LOGISTICS","WILLIAMS1","2022-01-03 00:00:00","EXPORTED FOR PAYMENT","TAYLOR1","2022-01-18 00:00:00","CST","WILLIAMS1","2022-01-03 00:00:00","202201","","Other Auxiliary Equipment","0.1"
"617034","SAN","77SAN","S2074","001000110","F","FUELMAN MASTERCARD","CHDLZ","PREFERRED","DIESEL","","095272","REGULAR","2022-01-01","EXXON MOBIL","BAKERSFIELD","CA","CALIFORNIA","88353","VAN","610721","DIESEL #2 ULTRA-LOW SULFUR CARB WIT","DIESEL","119","5.1310","610.59","610.59","GAL","2022-01-01","1","USD","E","LINGARAJ, NAVEEN","0","F","CL191","9012 ELM ST.","","93204-0000","PM003","0","NO","610.59","0","0","0","0","3500110","3850110","FALLON LOGISTICS","SAN","FALLON LOGISTICS","WILLIAMS1","2022-01-03 00:00:00","EXPORTED FOR PAYMENT","THOMAS1","2022-01-18 00:00:00","CST","JONES1","2022-01-03 00:00:00","202201","","Other Auxiliary Equipment","0.1"
"617035","LAS","77LAS","S2071","001000111","F","FUELMAN MASTERCARD","CHDLZ","PREFERRED","DIESEL #2 ULTRA-LOW SULFUR CARB WIT","","091324","REGULAR","2022-01-01","CHEVRON FUEL","FRESNO","CA","CALIFORNIA","85701","TRACTOR(DAY)","579507","DIESEL","UNLEADED","61","5.1970","317.02","317.02","GAL","2022-01-01","1","USD","E","LINGARAJ, NAVEEN","0","F","CL191","5678 OAK AVE.","","93204-0000","PM003","0","NO","317.02","0","0","0","0","3500111","3850111","FALLON LOGISTICS","LAS","FALLON LOGISTICS","DAVIS1","2022-01-03 00:00:00","EXPORTED FOR PAYMENT","JOHNSON1","2022-01-18 00:00:00","CST","WILLIAMS1","2022-01-03 00:00:00","202201","","Other Auxiliary Equipment","0.1"
"617036","DEN","77DEN","S2071","001000112","F","FUELMAN MASTERCARD","CHDLZ","PREFERRED","DIESEL","","095693","REGULAR","2022-01-01","ONE9 EZ TRIP 1277","AVENAL","CA","CALIFORNIA","83231","FLATBED","941114","PREMIUM UNLEADED","UNLEADED","104","4.0870","425.05","425.05","GAL","2022-01-01","1","USD","E","LINGARAJ, NAVEEN","0","F","CL191","44779 S. LASSEN AVE.","","93204-0000","PM003","0","NO","425.05","0","0","0","0","3500112","3850112","FALLON LOGISTICS","DEN","FALLON LOGISTICS","DAVIS1","2022-01-03 00:00:00","EXPORTED FOR PAYMENT","CAPWELA1","2022-01-18 00:00:00","CST","WILSON1","2022-01-03 00:00:00","202201","","Other Auxiliary Equipment","0.1"
"617037","PDX","77PDX","S2073","001000113","F","FUELMAN MASTERCARD","CHDLZ","PREFERRED","PREMIUM UNLEADED","","093623","REGULAR","2022-01-01","PILOT FLYING J","MODESTO","CA","CALIFORNIA","80586","TANKER","699947","DIESEL","PREMIUM","62","4.6870","290.59","290.59","GAL","2022-01-01","1","USD","E","LINGARAJ, NAVEEN","0","F","CL191","6789 BIRCH ST.","","93204-0000","PM003","0","NO","290.59","0","0","0","0","3500113","3850113","FALLON LOGISTICS","PDX","FALLON LOGISTICS","WILSON1","2022-01-03 00:00:00","EXPORTED FOR PAYMENT","ANDERSON1","2022-01-18 00:00:00","CST","JONES1","2022-01-03 00:00:00","202201","","Other Auxiliary Equipment","0.1"
"617038","LAX","77LAX","S2065","001000114","F","FUELMAN MASTERCARD","CHDLZ","PREFERRED","PREMIUM UNLEADED","","097193","REGULAR","2022-01-01","EXXON MOBIL","BAKERSFIELD","CA","CALIFORNIA","89749","FLATBED","735824","DIESEL #2 ULTRA-LOW SULFUR CARB WIT","DIESEL","97","3.6130","350.46","350.46","GAL","2022-01-01","1","USD","E","LINGARAJ, NAVEEN","0","F","CL191","9012 ELM ST.","","93204-0000","PM003","0","NO","350.46","0","0","0","0","3500114","3850114","FALLON LOGISTICS","LAX","FALLON LOGISTICS","SMITH1","2022-01-03 00:00:00","EXPORTED FOR PAYMENT","CAPWELA1","2022-01-18 00:00:00","CST","DAVIS1","2022-01-03 00:00:00","202201","","Other Auxiliary Equipment","0.1"
"617039","FNL","77FNL","S2074","001000115","F","FUELMAN MASTERCARD","CHDLZ","PREFERRED","PREMIUM UNLEADED","","095082","REGULAR","2022-01-01","BP FUEL STOP","SACRAMENTO","CA","CALIFORNIA","86840","CONTAINER","831432","UNLEADED GASOLINE","GASOLINE","62","4.5520","282.22","282.22","GAL","2022-01-01","1","USD","E","LINGARAJ, NAVEEN","0","F","CL191","3456 PINE ST.","","93204-0000","PM003","0","NO","282.22","0","0","0","0","3500115","3850115","FALLON LOGISTICS","FNL","FALLON LOGISTICS","WILSON1","2022-01-03 00:00:00","EXPORTED FOR PAYMENT","JOHNSON1","2022-01-18 00:00:00","CST","VEMURIB1","2022-01-03 00:00:00","202201","","Other Auxiliary Equipment","0.1"
"617040","PDX","77PDX","S2065","001000116","F","FUELMAN MASTERCARD","CHDLZ","PREFERRED","UNLEADED GASOLINE","","098568","REGULAR","2022-01-01","TA PETRO","FONTANA","CA","CALIFORNIA","87443","CONTAINER","876783","PREMIUM UNLEADED","GASOLINE","110","3.9850","438.35","438.35","GAL","2022-01-01","1","USD","E","LINGARAJ, NAVEEN","0","F","CL191","4567 CEDAR ST.","","93204-0000","PM003","0","NO","438.35","0","0","0","0","3500116","3850116","FALLON LOGISTICS","PDX","FALLON LOGISTICS","WILLIAMS1","2022-01-03 00:00:00","EXPORTED FOR PAYMENT","JACKSON1","2022-01-18 00:00:00","CST","BROWN1","2022-01-03 00:00:00","202201","","Other Auxiliary Equipment","0.1"
"617041","DEN","77DEN","S2074","001000117","F","FUELMAN MASTERCARD","CHDLZ","PREFERRED","DIESEL","","095967","REGULAR","2022-01-01","PILOT FLYING J","MODESTO","CA","CALIFORNIA","82930","VAN","612014","DIESEL #2 ULTRA-LOW SULFUR CARB WIT","UNLEADED","102","3.9720","405.14","405.14","GAL","2022-01-01","1","USD","E","LINGARAJ, NAVEEN","0","F","CL191","6789 BIRCH ST.","","93204-0000","PM003","0","NO","405.14","0","0","0","0","3500117","3850117","FALLON LOGISTICS","DEN","FALLON LOGISTICS","WILSON1","2022-01-03 00:00:00","EXPORTED FOR PAYMENT","JACKSON1","2022-01-18 00:00:00","CST","SMITH1","2022-01-03 00:00:00","202201","","Other Auxiliary Equipment","0.1"
"617042","SAN","77SAN","S2066","001000118","F","FUELMAN MASTERCARD","CHDLZ","PREFERRED","PREMIUM UNLEADED","","097957","REGULAR","2022-01-01","CHEVRON FUEL","FRESNO","CA","CALIFORNIA","85128","FLATBED","989571","PREMIUM UNLEADED","DIESEL","53","5.2030","275.76","275.76","GAL","2022-01-01","1","USD","E","LINGARAJ, NAVEEN","0","F","CL191","5678 OAK AVE.","","93204-0000","PM003","0","NO","275.76","0","0","0","0","3500118","3850118","FALLON LOGISTICS","SAN","FALLON LOGISTICS","JONES1","2022-01-03 00:00:00","EXPORTED FOR PAYMENT","ANDERSON1","2022-01-18 00:00:00","CST","SMITH1","2022-01-03 00:00:00","202201","","Other Auxiliary Equipment","0.1"
"617043","PHX","77PHX","S2068","001000119","F","FUELMAN MASTERCARD","CHDLZ","PREFERRED","DIESEL #2 ULTRA-LOW SULFUR CARB WIT","","096128","REGULAR","2022-01-01","LOVES TRAVEL STOP","VISALIA","CA","CALIFORNIA","82487","TRUCK(STRAIGHT)","629474","UNLEADED GASOLINE","DIESEL","103","4.0910","421.37","421.37","GAL","2022-01-01","1","USD","E","LINGARAJ, NAVEEN","0","F","CL191","0123 WILLOW AVE.","","93204-0000","PM003","0","NO","421.37","0","0","0","0","3500119","3850119","FALLON LOGISTICS","PHX","FALLON LOGISTICS","JONES1","2022-01-03 00:00:00","EXPORTED FOR PAYMENT","ANDERSON1","2022-01-18 00:00:00","CST","VEMURIB1","2022-01-03 00:00:00","202201","","Other Auxiliary Equipment","0.1"
"617044","LAS","77LAS","S2073","001000120","F","FUELMAN MASTERCARD","CHDLZ","PREFERRED","PREMIUM UNLEADED","","093409","REGULAR","2022-01-01","LOVES TRAVEL STOP","VISALIA","CA","CALIFORNIA","82173","TRAILER","542595","UNLEADED GASOLINE","UNLEADED","120","4.8760","585.12","585.12","GAL","2022-01-01","1","USD","E","LINGARAJ, NAVEEN","0","F","CL191","0123 WILLOW AVE.","","93204-0000","PM003","0","NO","585.12","0","0","0","0","3500120","3850120","FALLON LOGISTICS","LAS","FALLON LOGISTICS","DAVIS1","2022-01-03 00:00:00","EXPORTED FOR PAYMENT","THOMAS1","2022-01-18 00:00:00","CST","DAVIS1","2022-01-03 00:00:00","202201","","Other Auxiliary Equipment","0.1"
"617045","LAX","77LAX","S2067","001000121","F","FUELMAN MASTERCARD","CHDLZ","PREFERRED","DIESEL","","098632","REGULAR","2022-01-01","PILOT FLYING J","MODESTO","CA","CALIFORNIA","80690","TANKER","959888","DIESEL #2 ULTRA-LOW SULFUR CARB WIT","GASOLINE","119","4.2680","507.89","507.89","GAL","2022-01-01","1","USD","E","LINGARAJ, NAVEEN","0","F","CL191","6789 BIRCH ST.","","93204-0000","PM003","0","NO","507.89","0","0","0","0","3500121","3850121","FALLON LOGISTICS","LAX","FALLON LOGISTICS","SMITH1","2022-01-03 00:00:00","EXPORTED FOR PAYMENT","CAPWELA1","2022-01-18 00:00:00","CST","BROWN1","2022-01-03 00:00:00","202201","","Other Auxiliary Equipment","0.1"
"617046","PDX","77PDX","S2069","001000122","F","FUELMAN MASTERCARD","CHDLZ","PREFERRED","PREMIUM UNLEADED","","092654","REGULAR","2022-01-01","CHEVRON FUEL","FRESNO","CA","CALIFORNIA","82164","VAN","618291","DIESEL","GASOLINE","102","4.2720","435.74","435.74","GAL","2022-01-01","1","USD","E","LINGARAJ, NAVEEN","0","F","CL191","5678 OAK AVE.","","93204-0000","PM003","0","NO","435.74","0","0","0","0","3500122","3850122","FALLON LOGISTICS","PDX","FALLON LOGISTICS","MILLER1","2022-01-03 00:00:00","EXPORTED FOR PAYMENT","JACKSON1","2022-01-18 00:00:00","CST","MILLER1","2022-01-03 00:00:00","202201","","Other Auxiliary Equipment","0.1"
"617047","SAN","77SAN","S2067","001000123","F","FUELMAN MASTERCARD","CHDLZ","PREFERRED","PREMIUM UNLEADED","","096089","REGULAR","2022-01-01","BP FUEL STOP","SACRAMENTO","CA","CALIFORNIA","81583","VAN","712063","DIESEL #2 ULTRA-LOW SULFUR CARB WIT","PREMIUM","65","4.9140","319.41","319.41","GAL","2022-01-01","1","USD","E","LINGARAJ, NAVEEN","0","F","CL191","3456 PINE ST.","","93204-0000","PM003","0","NO","319.41","0","0","0","0","3500123","3850123","FALLON LOGISTICS","SAN","FALLON LOGISTICS","MILLER1","2022-01-03 00:00:00","EXPORTED FOR PAYMENT","JOHNSON1","2022-01-18 00:00:00","CST","WILLIAMS1","2022-01-03 00:00:00","202201","","Other Auxiliary Equipment","0.1"
"617048","LAS","77LAS","S2065","001000124","F","FUELMAN MASTERCARD","CHDLZ","PREFERRED","PREMIUM UNLEADED","","097440","REGULAR","2022-01-01","CHEVRON FUEL","FRESNO","CA","CALIFORNIA","87860","TRACTOR(DAY)","799898","DIESEL #2 ULTRA-LOW SULFUR CARB WIT","GASOLINE","130","3.8580","501.54","501.54","GAL","2022-01-01","1","USD","E","LINGARAJ, NAVEEN","0","F","CL191","5678 OAK AVE.","","93204-0000","PM003","0","NO","501.54","0","0","0","0","3500124","3850124","FALLON LOGISTICS","LAS","FALLON LOGISTICS","MILLER1","2022-01-03 00:00:00","EXPORTED FOR PAYMENT","CAPWELA1","2022-01-18 00:00:00","CST","SMITH1","2022-01-03 00:00:00","202201","","Other Auxiliary Equipment","0.1"
"617049","SFO","77SFO","S2065","001000125","F","FUELMAN MASTERCARD","CHDLZ","PREFERRED","DIESEL","","090478","REGULAR","2022-01-01","ONE9 EZ TRIP 1277","AVENAL","CA","CALIFORNIA","81081","FLATBED","559653","DIESEL #2 ULTRA-LOW SULFUR CARB WIT","GASOLINE","60","4.7010","282.06","282.06","GAL","2022-01-01","1","USD","E","LINGARAJ, NAVEEN","0","F","CL191","44779 S. LASSEN AVE.","","93204-0000","PM003","0","NO","282.06","0","0","0","0","3500125","3850125","FALLON LOGISTICS","SFO","FALLON LOGISTICS","BROWN1","2022-01-03 00:00:00","EXPORTED FOR PAYMENT","MARTIN1","2022-01-18 00:00:00","CST","JONES1","2022-01-03 00:00:00","202201","","Other Auxiliary Equipment","0.1"
"617050","SEA","77SEA","S2067","001000126","F","FUELMAN MASTERCARD","CHDLZ","PREFERRED","DIESEL","","090848","REGULAR","2022-01-01","SPEEDWAY","STOCKTON","CA","CALIFORNIA","81980","FLATBED","853096","DIESEL","GASOLINE","77","4.2810","329.64","329.64","GAL","2022-01-01","1","USD","E","LINGARAJ, NAVEEN","0","F","CL191","2345 ASH ST.","","93204-0000","PM003","0","NO","329.64","0","0","0","0","3500126","3850126","FALLON LOGISTICS","SEA","FALLON LOGISTICS","DAVIS1","2022-01-03 00:00:00","EXPORTED FOR PAYMENT","TAYLOR1","2022-01-18 00:00:00","CST","WILLIAMS1","2022-01-03 00:00:00","202201","","Other Auxiliary Equipment","0.1"
"617051","PDX","77PDX","S2068","001000127","F","FUELMAN MASTERCARD","CHDLZ","PREFERRED","DIESEL #2 ULTRA-LOW SULFUR CARB WIT","","097226","REGULAR","2022-01-01","EXXON MOBIL","BAKERSFIELD","CA","CALIFORNIA","89045","VAN","872175","PREMIUM UNLEADED","DIESEL","146","4.2900","626.34","626.34","GAL","2022-01-01","1","USD","E","LINGARAJ, NAVEEN","0","F","CL191","9012 ELM ST.","","93204-0000","PM003","0","NO","626.34","0","0","0","0","3500127","3850127","FALLON LOGISTICS","PDX","FALLON LOGISTICS","SMITH1","2022-01-03 00:00:00","EXPORTED FOR PAYMENT","CAPWELA1","2022-01-18 00:00:00","CST","MILLER1","2022-01-03 00:00:00","202201","","Other Auxiliary Equipment","0.1"
"617052","SEA","77SEA","S2070","001000128","F","FUELMAN MASTERCARD","CHDLZ","PREFERRED","PREMIUM UNLEADED","","092853","REGULAR","2022-01-01","CHEVRON FUEL","FRESNO","CA","CALIFORNIA","81583","VAN","549636","DIESEL #2 ULTRA-LOW SULFUR CARB WIT","DIESEL","127","4.6360","588.77","588.77","GAL","2022-01-01","1","USD","E","LINGARAJ, NAVEEN","0","F","CL191","5678 OAK AVE.","","93204-0000","PM003","0","NO","588.77","0","0","0","0","3500128","3850128","FALLON LOGISTICS","SEA","FALLON LOGISTICS","VEMURIB1","2022-01-03 00:00:00","EXPORTED FOR PAYMENT","THOMAS1","2022-01-18 00:00:00","CST","WILSON1","2022-01-03 00:00:00","202201","","Other Auxiliary Equipment","0.1"
"617053","SFO","77SFO","S2067","001000129","F","FUELMAN MASTERCARD","CHDLZ","PREFERRED","DIESEL","","098490","REGULAR","2022-01-01","EXXON MOBIL","BAKERSFIELD","CA","CALIFORNIA","80646","TRUCK(STRAIGHT)","735731","DIESEL #2 ULTRA-LOW SULFUR CARB WIT","PREMIUM","133","4.6630","620.18","620.18","GAL","2022-01-01","1","USD","E","LINGARAJ, NAVEEN","0","F","CL191","9012 ELM ST.","","93204-0000","PM003","0","NO","620.18","0","0","0","0","3500129","3850129","FALLON LOGISTICS","SFO","FALLON LOGISTICS","JONES1","2022-01-03 00:00:00","EXPORTED FOR PAYMENT","CAPWELA1","2022-01-18 00:00:00","CST","MILLER1","2022-01-03 00:00:00","202201","","Other Auxiliary Equipment","0.1"
"617054","FNL","77FNL","S2074","001000130","F","FUELMAN MASTERCARD","CHDLZ","PREFERRED","DIESEL #2 ULTRA-LOW SULFUR CARB WIT","","095046","REGULAR","2022-01-01","CHEVRON FUEL","FRESNO","CA","CALIFORNIA","87543","TRUCK(STRAIGHT)","966781","DIESEL #2 ULTRA-LOW SULFUR CARB WIT","DIESEL","144","4.9390","711.22","711.22","GAL","2022-01-01","1","USD","E","LINGARAJ, NAVEEN","0","F","CL191","5678 OAK AVE.","","93204-0000","PM003","0","NO","711.22","0","0","0","0","3500130","3850130","FALLON LOGISTICS","FNL","FALLON LOGISTICS","WILSON1","2022-01-03 00:00:00","EXPORTED FOR PAYMENT","MOORE1","2022-01-18 00:00:00","CST","VEMURIB1","2022-01-03 00:00:00","202201","","Other Auxiliary Equipment","0.1"
"617055","LAX","77LAX","S2073","001000131","F","FUELMAN MASTERCARD","CHDLZ","PREFERRED","PREMIUM UNLEADED","","098417","REGULAR","2022-01-01","EXXON MOBIL","BAKERSFIELD","CA","CALIFORNIA","88079","FLATBED","952376","DIESEL #2 ULTRA-LOW SULFUR CARB WIT","PREMIUM","138","4.8090","663.64","663.64","GAL","2022-01-01","1","USD","E","LINGARAJ, NAVEEN","0","F","CL191","9012 ELM ST.","","93204-0000","PM003","0","NO","663.64","0","0","0","0","3500131","3850131","FALLON LOGISTICS","LAX","FALLON LOGISTICS","VEMURIB1","2022-01-03 00:00:00","EXPORTED FOR PAYMENT","JACKSON1","2022-01-18 00:00:00","CST","DAVIS1","2022-01-03 00:00:00","202201","","Other Auxiliary Equipment","0.1"
"617056","LAX","77LAX","S2071","001000132","F","FUELMAN MASTERCARD","CHDLZ","PREFERRED","DIESEL","","091542","REGULAR","2022-01-01","SHELL GAS STATION","LOS ANGELES","CA","CALIFORNIA","81043","TRACTOR(SLEEP)","542193","DIESEL","DIESEL","60","4.5390","272.34","272.34","GAL","2022-01-01","1","USD","E","LINGARAJ, NAVEEN","0","F","CL191","1234 MAIN ST.","","93204-0000","PM003","0","NO","272.34","0","0","0","0","3500132","3850132","FALLON LOGISTICS","LAX","FALLON LOGISTICS","VEMURIB1","2022-01-03 00:00:00","EXPORTED FOR PAYMENT","MARTIN1","2022-01-18 00:00:00","CST","SMITH1","2022-01-03 00:00:00","202201","","Other Auxiliary Equipment","0.1"
"617057","LAX","77LAX","S2071","001000133","F","FUELMAN MASTERCARD","CHDLZ","PREFERRED","PREMIUM UNLEADED","","097581","REGULAR","2022-01-01","CHEVRON FUEL","FRESNO","CA","CALIFORNIA","83662","TRACTOR(SLEEP)","782652","DIESEL #2 ULTRA-LOW SULFUR CARB WIT","GASOLINE","58","5.3680","311.34","311.34","GAL","2022-01-01","1","USD","E","LINGARAJ, NAVEEN","0","F","CL191","5678 OAK AVE.","","93204-0000","PM003","0","NO","311.34","0","0","0","0","3500133","3850133","FALLON LOGISTICS","LAX","FALLON LOGISTICS","WILLIAMS1","2022-01-03 00:00:00","EXPORTED FOR PAYMENT","MOORE1","2022-01-18 00:00:00","CST","BROWN1","2022-01-03 00:00:00","202201","","Other Auxiliary Equipment","0.1"
"617058","SEA","77SEA","S2066","001000134","F","FUELMAN MASTERCARD","CHDLZ","PREFERRED","UNLEADED GASOLINE","","092927","REGULAR","2022-01-01","BP FUEL STOP","SACRAMENTO","CA","CALIFORNIA","89539","FLATBED","871063","PREMIUM UNLEADED","DIESEL","137","5.4170","742.13","742.13","GAL","2022-01-01","1","USD","E","LINGARAJ, NAVEEN","0","F","CL191","3456 PINE ST.","","93204-0000","PM003","0","NO","742.13","0","0","0","0","3500134","3850134","FALLON LOGISTICS","SEA","FALLON LOGISTICS","MILLER1","2022-01-03 00:00:00","EXPORTED FOR PAYMENT","CAPWELA1","2022-01-18 00:00:00","CST","DAVIS1","2022-01-03 00:00:00","202201","","Other Auxiliary Equipment","0.1"
"617059","SAN","77SAN","S2073","001000135","F","FUELMAN MASTERCARD","CHDLZ","PREFERRED","PREMIUM UNLEADED","","097120","REGULAR","2022-01-01","SUNOCO STATION","SAN DIEGO","CA","CALIFORNIA","87895","VAN","661314","PREMIUM UNLEADED","DIESEL","131","4.9400","647.14","647.14","GAL","2022-01-01","1","USD","E","LINGARAJ, NAVEEN","0","F","CL191","7890 MAPLE AVE.","","93204-0000","PM003","0","NO","647.14","0","0","0","0","3500135","3850135","FALLON LOGISTICS","SAN","FALLON LOGISTICS","VEMURIB1","2022-01-03 00:00:00","EXPORTED FOR PAYMENT","JACKSON1","2022-01-18 00:00:00","CST","SMITH1","2022-01-03 00:00:00","202201","","Other Auxiliary Equipment","0.1"
"617060","SAN","77SAN","S2065","001000136","F","FUELMAN MASTERCARD","CHDLZ","PREFERRED","UNLEADED GASOLINE","","090706","REGULAR","2022-01-01","PILOT FLYING J","MODESTO","CA","CALIFORNIA","89789","TRUCK(STRAIGHT)","705111","DIESEL","DIESEL","60","4.2510","255.06","255.06","GAL","2022-01-01","1","USD","E","LINGARAJ, NAVEEN","0","F","CL191","6789 BIRCH ST.","","93204-0000","PM003","0","NO","255.06","0","0","0","0","3500136","3850136","FALLON LOGISTICS","SAN","FALLON LOGISTICS","MILLER1","2022-01-03 00:00:00","EXPORTED FOR PAYMENT","CAPWELA1","2022-01-18 00:00:00","CST","BROWN1","2022-01-03 00:00:00","202201","","Other Auxiliary Equipment","0.1"
"617061","FNL","77FNL","S2072","001000137","F","FUELMAN MASTERCARD","CHDLZ","PREFERRED","DIESEL","","095548","REGULAR","2022-01-01","BP FUEL STOP","SACRAMENTO","CA","CALIFORNIA","89820","TRAILER","835721","PREMIUM UNLEADED","GASOLINE","127","4.3460","551.94","551.94","GAL","2022-01-01","1","USD","E","LINGARAJ, NAVEEN","0","F","CL191","3456 PINE ST.","","93204-0000","PM003","0","NO","551.94","0","0","0","0","3500137","3850137","FALLON LOGISTICS","FNL","FALLON LOGISTICS","WILSON1","2022-01-03 00:00:00","EXPORTED FOR PAYMENT","JACKSON1","2022-01-18 00:00:00","CST","WILSON1","2022-01-03 00:00:00","202201","","Other Auxiliary Equipment","0.1"
"617062","DEN","77DEN","S2072","001000138","F","FUELMAN MASTERCARD","CHDLZ","PREFERRED","DIESEL #2 ULTRA-LOW SULFUR CARB WIT","","099948","REGULAR","2022-01-01","BP FUEL STOP","SACRAMENTO","CA","CALIFORNIA","82890","VAN","841605","PREMIUM UNLEADED","UNLEADED","60","4.1640","249.84","249.84","GAL","2022-01-01","1","USD","E","LINGARAJ, NAVEEN","0","F","CL191","3456 PINE ST.","","93204-0000","PM003","0","NO","249.84","0","0","0","0","3500138","3850138","FALLON LOGISTICS","DEN","FALLON LOGISTICS","DAVIS1","2022-01-03 00:00:00","EXPORTED FOR PAYMENT","TAYLOR1","2022-01-18 00:00:00","CST","VEMURIB1","2022-01-03 00:00:00","202201","","Other Auxiliary Equipment","0.1"
"617063","SAN","77SAN","S2065","001000139","F","FUELMAN MASTERCARD","CHDLZ","PREFERRED","UNLEADED GASOLINE","","098895","REGULAR","2022-01-01","SPEEDWAY","STOCKTON","CA","CALIFORNIA","82758","CONTAINER","966656","PREMIUM UNLEADED","PREMIUM","96","3.8190","366.62","366.62","GAL","2022-01-01","1","USD","E","LINGARAJ, NAVEEN","0","F","CL191","2345 ASH ST.","","93204-0000","PM003","0","NO","366.62","0","0","0","0","3500139","3850139","FALLON LOGISTICS","SAN","FALLON LOGISTICS","JONES1","2022-01-03 00:00:00","EXPORTED FOR PAYMENT","JACKSON1","2022-01-18 00:00:00","CST","DAVIS1","2022-01-03 00:00:00","202201","","Other Auxiliary Equipment","0.1"
"617064","DEN","77DEN","S2071","001000140","F","FUELMAN MASTERCARD","CHDLZ","PREFERRED","DIESEL #2 ULTRA-LOW SULFUR CARB WIT","","090866","REGULAR","2022-01-01","SPEEDWAY","STOCKTON","CA","CALIFORNIA","82453","TRACTOR(DAY)","950096","DIESEL","GASOLINE","98","3.6490","357.60","357.60","GAL","2022-01-01","1","USD","E","LINGARAJ, NAVEEN","0","F","CL191","2345 ASH ST.","","93204-0000","PM003","0","NO","357.60","0","0","0","0","3500140","3850140","FALLON LOGISTICS","DEN","FALLON LOGISTICS","JONES1","2022-01-03 00:00:00","EXPORTED FOR PAYMENT","ANDERSON1","2022-01-18 00:00:00","CST","JONES1","2022-01-03 00:00:00","202201","","Other Auxiliary Equipment","0.1"
"617065","PDX","77PDX","S2071","001000141","F","FUELMAN MASTERCARD","CHDLZ","PREFERRED","UNLEADED GASOLINE","","092589","REGULAR","2022-01-01","TA PETRO","FONTANA","CA","CALIFORNIA","80726","FLATBED","711393","UNLEADED GASOLINE","DIESEL","57","4.0980","233.59","233.59","GAL","2022-01-01","1","USD","E","LINGARAJ, NAVEEN","0","F","CL191","4567 CEDAR ST.","","93204-0000","PM003","0","NO","233.59","0","0","0","0","3500141","3850141","FALLON LOGISTICS","PDX","FALLON LOGISTICS","SMITH1","2022-01-03 00:00:00","EXPORTED FOR PAYMENT","JOHNSON1","2022-01-18 00:00:00","CST","VEMURIB1","2022-01-03 00:00:00","202201","","Other Auxiliary Equipment","0.1"
"617066","SEA","77SEA","S2071","001000142","F","FUELMAN MASTERCARD","CHDLZ","PREFERRED","PREMIUM UNLEADED","","093859","REGULAR","2022-01-01","CHEVRON FUEL","FRESNO","CA","CALIFORNIA","84699","TRACTOR(DAY)","969525","UNLEADED GASOLINE","DIESEL","122","4.9680","606.10","606.10","GAL","2022-01-01","1","USD","E","LINGARAJ, NAVEEN","0","F","CL191","5678 OAK AVE.","","93204-0000","PM003","0","NO","606.10","0","0","0","0","3500142","3850142","FALLON LOGISTICS","SEA","FALLON LOGISTICS","DAVIS1","2022-01-03 00:00:00","EXPORTED FOR PAYMENT","THOMAS1","2022-01-18 00:00:00","CST","SMITH1","2022-01-03 00:00:00","202201","","Other Auxiliary Equipment","0.1"
"617067","DEN","77DEN","S2068","001000143","F","FUELMAN MASTERCARD","CHDLZ","PREFERRED","DIESEL","","097546","REGULAR","2022-01-01","SHELL GAS STATION","LOS ANGELES","CA","CALIFORNIA","81802","VAN","764590","PREMIUM UNLEADED","DIESEL","141","3.5020","493.78","493.78","GAL","2022-01-01","1","USD","E","LINGARAJ, NAVEEN","0","F","CL191","1234 MAIN ST.","","93204-0000","PM003","0","NO","493.78","0","0","0","0","3500143","3850143","FALLON LOGISTICS","DEN","FALLON LOGISTICS","DAVIS1","2022-01-03 00:00:00","EXPORTED FOR PAYMENT","JOHNSON1","2022-01-18 00:00:00","CST","JONES1","2022-01-03 00:00:00","202201","","Other Auxiliary Equipment","0.1"
"617068","LAS","77LAS","S2072","001000144","F","FUELMAN MASTERCARD","CHDLZ","PREFERRED","UNLEADED GASOLINE","","098658","REGULAR","2022-01-01","BP FUEL STOP","SACRAMENTO","CA","CALIFORNIA","87239","CONTAINER","956225","DIESEL","GASOLINE","65","5.0140","325.91","325.91","GAL","2022-01-01","1","USD","E","LINGARAJ, NAVEEN","0","F","CL191","3456 PINE ST.","","93204-0000","PM003","0","NO","325.91","0","0","0","0","3500144","3850144","FALLON LOGISTICS","LAS","FALLON LOGISTICS","SMITH1","2022-01-03 00:00:00","EXPORTED FOR PAYMENT","ANDERSON1","2022-01-18 00:00:00","CST","VEMURIB1","2022-01-03 00:00:00","202201","","Other Auxiliary Equipment","0.1"
"617069","PHX","77PHX","S2073","001000145","F","FUELMAN MASTERCARD","CHDLZ","PREFERRED","DIESEL #2 ULTRA-LOW SULFUR CARB WIT","","096195","REGULAR","2022-01-01","CHEVRON FUEL","FRESNO","CA","CALIFORNIA","84364","TANKER","613379","UNLEADED GASOLINE","GASOLINE","86","4.2780","367.91","367.91","GAL","2022-01-01","1","USD","E","LINGARAJ, NAVEEN","0","F","CL191","5678 OAK AVE.","","93204-0000","PM003","0","NO","367.91","0","0","0","0","3500145","3850145","FALLON LOGISTICS","PHX","FALLON LOGISTICS","MILLER1","2022-01-03 00:00:00","EXPORTED FOR PAYMENT","JOHNSON1","2022-01-18 00:00:00","CST","MILLER1","2022-01-03 00:00:00","202201","","Other Auxiliary Equipment","0.1"
"617070","SAN","77SAN","S2073","001000146","F","FUELMAN MASTERCARD","CHDLZ","PREFERRED","UNLEADED GASOLINE","","092125","REGULAR","2022-01-01","CHEVRON FUEL","FRESNO","CA","CALIFORNIA","88769","VAN","640576","PREMIUM UNLEADED","UNLEADED","95","4.8640","462.08","462.08","GAL","2022-01-01","1","USD","E","LINGARAJ, NAVEEN","0","F","CL191","5678 OAK AVE.","","93204-0000","PM003","0","NO","462.08","0","0","0","0","3500146","3850146","FALLON LOGISTICS","SAN","FALLON LOGISTICS","VEMURIB1","2022-01-03 00:00:00","EXPORTED FOR PAYMENT","CAPWELA1","2022-01-18 00:00:00","CST","SMITH1","2022-01-03 00:00:00","202201","","Other Auxiliary Equipment","0.1"
"617071","PHX","77PHX","S2073","001000147","F","FUELMAN MASTERCARD","CHDLZ","PREFERRED","PREMIUM UNLEADED","","092082","REGULAR","2022-01-01","PILOT FLYING J","MODESTO","CA","CALIFORNIA","84639","TRUCK(STRAIGHT)","851187","DIESEL #2 ULTRA-LOW SULFUR CARB WIT","UNLEADED","51","5.2990","270.25","270.25","GAL","2022-01-01","1","USD","E","LINGARAJ, NAVEEN","0","F","CL191","6789 BIRCH ST.","","93204-0000","PM003","0","NO","270.25","0","0","0","0","3500147","3850147","FALLON LOGISTICS","PHX","FALLON LOGISTICS","MILLER1","2022-01-03 00:00:00","EXPORTED FOR PAYMENT","THOMAS1","2022-01-18 00:00:00","CST","DAVIS1","2022-01-03 00:00:00","202201","","Other Auxiliary Equipment","0.1"
"617072","OGG","77OGG","S2071","001000148","F","FUELMAN MASTERCARD","CHDLZ","PREFERRED","DIESEL #2 ULTRA-LOW SULFUR CARB WIT","","096017","REGULAR","2022-01-01","SPEEDWAY","STOCKTON","CA","CALIFORNIA","86519","FLATBED","734714","DIESEL #2 ULTRA-LOW SULFUR CARB WIT","GASOLINE","52","3.5050","182.26","182.26","GAL","2022-01-01","1","USD","E","LINGARAJ, NAVEEN","0","F","CL191","2345 ASH ST.","","93204-0000","PM003","0","NO","182.26","0","0","0","0","3500148","3850148","FALLON LOGISTICS","OGG","FALLON LOGISTICS","JONES1","2022-01-03 00:00:00","EXPORTED FOR PAYMENT","TAYLOR1","2022-01-18 00:00:00","CST","MILLER1","2022-01-03 00:00:00","202201","","Other Auxiliary Equipment","0.1"
"617073","FNL","77FNL","S2072","001000149","F","FUELMAN MASTERCARD","CHDLZ","PREFERRED","UNLEADED GASOLINE","","090898","REGULAR","2022-01-01","LOVES TRAVEL STOP","VISALIA","CA","CALIFORNIA","85666","TANKER","781598","DIESEL","PREMIUM","111","3.5310","391.94","391.94","GAL","2022-01-01","1","USD","E","LINGARAJ, NAVEEN","0","F","CL191","0123 WILLOW AVE.","","93204-0000","PM003","0","NO","391.94","0","0","0","0","3500149","3850149","FALLON LOGISTICS","FNL","FALLON LOGISTICS","BROWN1","2022-01-03 00:00:00","EXPORTED FOR PAYMENT","THOMAS1","2022-01-18 00:00:00","CST","BROWN1","2022-01-03 00:00:00","202201","","Other Auxiliary Equipment","0.1"
"617074","SEA","77SEA","S2072","001000150","F","FUELMAN MASTERCARD","CHDLZ","PREFERRED","UNLEADED GASOLINE","","094820","REGULAR","2022-01-01","PILOT FLYING J","MODESTO","CA","CALIFORNIA","81219","TRACTOR(DAY)","755174","DIESEL","DIESEL","110","4.8920","538.12","538.12","GAL","2022-01-01","1","USD","E","LINGARAJ, NAVEEN","0","F","CL191","6789 BIRCH ST.","","93204-0000","PM003","0","NO","538.12","0","0","0","0","3500150","3850150","FALLON LOGISTICS","SEA","FALLON LOGISTICS","WILSON1","2022-01-03 00:00:00","EXPORTED FOR PAYMENT","TAYLOR1","2022-01-18 00:00:00","CST","SMITH1","2022-01-03 00:00:00","202201","","Other Auxiliary Equipment","0.1"
"617075","DEN","77DEN","S2072","001000151","F","FUELMAN MASTERCARD","CHDLZ","PREFERRED","DIESEL","","098721","REGULAR","2022-01-01","SHELL GAS STATION","LOS ANGELES","CA","CALIFORNIA","82103","TRACTOR(DAY)","643110","PREMIUM UNLEADED","GASOLINE","72","5.3020","381.74","381.74","GAL","2022-01-01","1","USD","E","LINGARAJ, NAVEEN","0","F","CL191","1234 MAIN ST.","","93204-0000","PM003","0","NO","381.74","0","0","0","0","3500151","3850151","FALLON LOGISTICS","DEN","FALLON LOGISTICS","SMITH1","2022-01-03 00:00:00","EXPORTED FOR PAYMENT","TAYLOR1","2022-01-18 00:00:00","CST","SMITH1","2022-01-03 00:00:00","202201","","Other Auxiliary Equipment","0.1"
"617076","LAS","77LAS","S2070","001000152","F","FUELMAN MASTERCARD","CHDLZ","PREFERRED","DIESEL","","093913","REGULAR","2022-01-01","SPEEDWAY","STOCKTON","CA","CALIFORNIA","81265","VAN","939547","PREMIUM UNLEADED","UNLEADED","80","4.4720","357.76","357.76","GAL","2022-01-01","1","USD","E","LINGARAJ, NAVEEN","0","F","CL191","2345 ASH ST.","","93204-0000","PM003","0","NO","357.76","0","0","0","0","3500152","3850152","FALLON LOGISTICS","LAS","FALLON LOGISTICS","JONES1","2022-01-03 00:00:00","EXPORTED FOR PAYMENT","JACKSON1","2022-01-18 00:00:00","CST","SMITH1","2022-01-03 00:00:00","202201","","Other Auxiliary Equipment","0.1"
"617077","DEN","77DEN","S2065","001000153","F","FUELMAN MASTERCARD","CHDLZ","PREFERRED","PREMIUM UNLEADED","","090880","REGULAR","2022-01-01","EXXON MOBIL","BAKERSFIELD","CA","CALIFORNIA","84400","TRACTOR(DAY)","684310","DIESEL #2 ULTRA-LOW SULFUR CARB WIT","GASOLINE","78","3.5980","280.64","280.64","GAL","2022-01-01","1","USD","E","LINGARAJ, NAVEEN","0","F","CL191","9012 ELM ST.","","93204-0000","PM003","0","NO","280.64","0","0","0","0","3500153","3850153","FALLON LOGISTICS","DEN","FALLON LOGISTICS","DAVIS1","2022-01-03 00:00:00","EXPORTED FOR PAYMENT","ANDERSON1","2022-01-18 00:00:00","CST","VEMURIB1","2022-01-03 00:00:00","202201","","Other Auxiliary Equipment","0.1"
"617078","DEN","77DEN","S2066","001000154","F","FUELMAN MASTERCARD","CHDLZ","PREFERRED","DIESEL","","099309","REGULAR","2022-01-01","TA PETRO","FONTANA","CA","CALIFORNIA","85013","TANKER","525218","DIESEL","UNLEADED","92","4.2840","394.13","394.13","GAL","2022-01-01","1","USD","E","LINGARAJ, NAVEEN","0","F","CL191","4567 CEDAR ST.","","93204-0000","PM003","0","NO","394.13","0","0","0","0","3500154","3850154","FALLON LOGISTICS","DEN","FALLON LOGISTICS","DAVIS1","2022-01-03 00:00:00","EXPORTED FOR PAYMENT","THOMAS1","2022-01-18 00:00:00","CST","BROWN1","2022-01-03 00:00:00","202201","","Other Auxiliary Equipment","0.1"
"617079","LAS","77LAS","S2069","001000155","F","FUELMAN MASTERCARD","CHDLZ","PREFERRED","DIESEL #2 ULTRA-LOW SULFUR CARB WIT","","098367","REGULAR","2022-01-01","SHELL GAS STATION","LOS ANGELES","CA","CALIFORNIA","84104","TRUCK(STRAIGHT)","864827","DIESEL #2 ULTRA-LOW SULFUR CARB WIT","PREMIUM","119","5.4570","649.38","649.38","GAL","2022-01-01","1","USD","E","LINGARAJ, NAVEEN","0","F","CL191","1234 MAIN ST.","","93204-0000","PM003","0","NO","649.38","0","0","0","0","3500155","3850155","FALLON LOGISTICS","LAS","FALLON LOGISTICS","VEMURIB1","2022-01-03 00:00:00","EXPORTED FOR PAYMENT","MARTIN1","2022-01-18 00:00:00","CST","DAVIS1","2022-01-03 00:00:00","202201","","Other Auxiliary Equipment","0.1"
"617080","LAS","77LAS","S2065","001000156","F","FUELMAN MASTERCARD","CHDLZ","PREFERRED","DIESEL","","091962","REGULAR","2022-01-01","PILOT FLYING J","MODESTO","CA","CALIFORNIA","83120","TRAILER","760878","DIESEL","UNLEADED","137","4.7810","655.00","655.00","GAL","2022-01-01","1","USD","E","LINGARAJ, NAVEEN","0","F","CL191","6789 BIRCH ST.","","93204-0000","PM003","0","NO","655.00","0","0","0","0","3500156","3850156","FALLON LOGISTICS","LAS","FALLON LOGISTICS","MILLER1","2022-01-03 00:00:00","EXPORTED FOR PAYMENT","JOHNSON1","2022-01-18 00:00:00","CST","VEMURIB1","2022-01-03 00:00:00","202201","","Other Auxiliary Equipment","0.1"
"617081","FNL","77FNL","S2072","001000157","F","FUELMAN MASTERCARD","CHDLZ","PREFERRED","UNLEADED GASOLINE","","098293","REGULAR","2022-01-01","BP FUEL STOP","SACRAMENTO","CA","CALIFORNIA","89041","TRAILER","631233","DIESEL","UNLEADED","70","5.2180","365.26","365.26","GAL","2022-01-01","1","USD","E","LINGARAJ, NAVEEN","0","F","CL191","3456 PINE ST.","","93204-0000","PM003","0","NO","365.26","0","0","0","0","3500157","3850157","FALLON LOGISTICS","FNL","FALLON LOGISTICS","VEMURIB1","2022-01-03 00:00:00","EXPORTED FOR PAYMENT","JACKSON1","2022-01-18 00:00:00","CST","SMITH1","2022-01-03 00:00:00","202201","","Other Auxiliary Equipment","0.1"
"617082","SFO","77SFO","S2071","001000158","F","FUELMAN MASTERCARD","CHDLZ","PREFERRED","UNLEADED GASOLINE","","092778","REGULAR","2022-01-01","BP FUEL STOP","SACRAMENTO","CA","CALIFORNIA","83923","TRACTOR(DAY)","558936","UNLEADED GASOLINE","DIESEL","138","4.3190","596.02","596.02","GAL","2022-01-01","1","USD","E","LINGARAJ, NAVEEN","0","F","CL191","3456 PINE ST.","","93204-0000","PM003","0","NO","596.02","0","0","0","0","3500158","3850158","FALLON LOGISTICS","SFO","FALLON LOGISTICS","BROWN1","2022-01-03 00:00:00","EXPORTED FOR PAYMENT","JOHNSON1","2022-01-18 00:00:00","CST","WILSON1","2022-01-03 00:00:00","202201","","Other Auxiliary Equipment","0.1"
"617083","PHX","77PHX","S2070","001000159","F","FUELMAN MASTERCARD","CHDLZ","PREFERRED","PREMIUM UNLEADED","","091577","REGULAR","2022-01-01","SUNOCO STATION","SAN DIEGO","CA","CALIFORNIA","89510","FLATBED","771201","UNLEADED GASOLINE","DIESEL","71","3.9270","278.82","278.82","GAL","2022-01-01","1","USD","E","LINGARAJ, NAVEEN","0","F","CL191","7890 MAPLE AVE.","","93204-0000","PM003","0","NO","278.82","0","0","0","0","3500159","3850159","FALLON LOGISTICS","PHX","FALLON LOGISTICS","WILSON1","2022-01-03 00:00:00","EXPORTED FOR PAYMENT","ANDERSON1","2022-01-18 00:00:00","CST","WILLIAMS1","2022-01-03 00:00:00","202201","","Other Auxiliary Equipment","0.1"
"617084","LAX","77LAX","S2068","001000160","F","FUELMAN MASTERCARD","CHDLZ","PREFERRED","DIESEL","","092626","REGULAR","2022-01-01","PILOT FLYING J","MODESTO","CA","CALIFORNIA","82366","FLATBED","736685","UNLEADED GASOLINE","PREMIUM","113","5.4450","615.29","615.29","GAL","2022-01-01","1","USD","E","LINGARAJ, NAVEEN","0","F","CL191","6789 BIRCH ST.","","93204-0000","PM003","0","NO","615.29","0","0","0","0","3500160","3850160","FALLON LOGISTICS","LAX","FALLON LOGISTICS","BROWN1","2022-01-03 00:00:00","EXPORTED FOR PAYMENT","THOMAS1","2022-01-18 00:00:00","CST","DAVIS1","2022-01-03 00:00:00","202201","","Other Auxiliary Equipment","0.1"
"617085","LAS","77LAS","S2070","001000161","F","FUELMAN MASTERCARD","CHDLZ","PREFERRED","DIESEL #2 ULTRA-LOW SULFUR CARB WIT","","090483","REGULAR","2022-01-01","PILOT FLYING J","MODESTO","CA","CALIFORNIA","84183","TRACTOR(DAY)","511807","DIESEL #2 ULTRA-LOW SULFUR CARB WIT","DIESEL","97","3.7510","363.85","363.85","GAL","2022-01-01","1","USD","E","LINGARAJ, NAVEEN","0","F","CL191","6789 BIRCH ST.","","93204-0000","PM003","0","NO","363.85","0","0","0","0","3500161","3850161","FALLON LOGISTICS","LAS","FALLON LOGISTICS","SMITH1","2022-01-03 00:00:00","EXPORTED FOR PAYMENT","TAYLOR1","2022-01-18 00:00:00","CST","DAVIS1","2022-01-03 00:00:00","202201","","Other Auxiliary Equipment","0.1"
"617086","DEN","77DEN","S2072","001000162","F","FUELMAN MASTERCARD","CHDLZ","PREFERRED","PREMIUM UNLEADED","","096936","REGULAR","2022-01-01","CHEVRON FUEL","FRESNO","CA","CALIFORNIA","85403","TANKER","788582","PREMIUM UNLEADED","PREMIUM","138","4.2610","588.02","588.02","GAL","2022-01-01","1","USD","E","LINGARAJ, NAVEEN","0","F","CL191","5678 OAK AVE.","","93204-0000","PM003","0","NO","588.02","0","0","0","0","3500162","3850162","FALLON LOGISTICS","DEN","FALLON LOGISTICS","WILSON1","2022-01-03 00:00:00","EXPORTED FOR PAYMENT","CAPWELA1","2022-01-18 00:00:00","CST","JONES1","2022-01-03 00:00:00","202201","","Other Auxiliary Equipment","0.1"
"617087","LAS","77LAS","S2070","001000163","F","FUELMAN MASTERCARD","CHDLZ","PREFERRED","PREMIUM UNLEADED","","094485","REGULAR","2022-01-01","LOVES TRAVEL STOP","VISALIA","CA","CALIFORNIA","81891","TANKER","501700","DIESEL #2 ULTRA-LOW SULFUR CARB WIT","PREMIUM","148","5.2210","772.71","772.71","GAL","2022-01-01","1","USD","E","LINGARAJ, NAVEEN","0","F","CL191","0123 WILLOW AVE.","","93204-0000","PM003","0","NO","772.71","0","0","0","0","3500163","3850163","FALLON LOGISTICS","LAS","FALLON LOGISTICS","JONES1","2022-01-03 00:00:00","EXPORTED FOR PAYMENT","ANDERSON1","2022-01-18 00:00:00","CST","SMITH1","2022-01-03 00:00:00","202201","","Other Auxiliary Equipment","0.1"
"617088","SAN","77SAN","S2065","001000164","F","FUELMAN MASTERCARD","CHDLZ","PREFERRED","DIESEL","","091908","REGULAR","2022-01-01","SPEEDWAY","STOCKTON","CA","CALIFORNIA","89984","TRUCK(STRAIGHT)","990514","UNLEADED GASOLINE","PREMIUM","58","4.8180","279.44","279.44","GAL","2022-01-01","1","USD","E","LINGARAJ, NAVEEN","0","F","CL191","2345 ASH ST.","","93204-0000","PM003","0","NO","279.44","0","0","0","0","3500164","3850164","FALLON LOGISTICS","SAN","FALLON LOGISTICS","SMITH1","2022-01-03 00:00:00","EXPORTED FOR PAYMENT","CAPWELA1","2022-01-18 00:00:00","CST","BROWN1","2022-01-03 00:00:00","202201","","Other Auxiliary Equipment","0.1"
"617089","OGG","77OGG","S2072","001000165","F","FUELMAN MASTERCARD","CHDLZ","PREFERRED","PREMIUM UNLEADED","","090991","REGULAR","2022-01-01","TA PETRO","FONTANA","CA","CALIFORNIA","87223","VAN","734172","PREMIUM UNLEADED","GASOLINE","69","5.0090","345.62","345.62","GAL","2022-01-01","1","USD","E","LINGARAJ, NAVEEN","0","F","CL191","4567 CEDAR ST.","","93204-0000","PM003","0","NO","345.62","0","0","0","0","3500165","3850165","FALLON LOGISTICS","OGG","FALLON LOGISTICS","WILLIAMS1","2022-01-03 00:00:00","EXPORTED FOR PAYMENT","TAYLOR1","2022-01-18 00:00:00","CST","DAVIS1","2022-01-03 00:00:00","202201","","Other Auxiliary Equipment","0.1"
"617090","LAX","77LAX","S2068","001000166","F","FUELMAN MASTERCARD","CHDLZ","PREFERRED","PREMIUM UNLEADED","","092580","REGULAR","2022-01-01","CHEVRON FUEL","FRESNO","CA","CALIFORNIA","83581","FLATBED","796316","DIESEL","DIESEL","78","5.3170","414.73","414.73","GAL","2022-01-01","1","USD","E","LINGARAJ, NAVEEN","0","F","CL191","5678 OAK AVE.","","93204-0000","PM003","0","NO","414.73","0","0","0","0","3500166","3850166","FALLON LOGISTICS","LAX","FALLON LOGISTICS","WILSON1","2022-01-03 00:00:00","EXPORTED FOR PAYMENT","MARTIN1","2022-01-18 00:00:00","CST","SMITH1","2022-01-03 00:00:00","202201","","Other Auxiliary Equipment","0.1"
"617091","LAX","77LAX","S2068","001000167","F","FUELMAN MASTERCARD","CHDLZ","PREFERRED","DIESEL","","098230","REGULAR","2022-01-01","EXXON MOBIL","BAKERSFIELD","CA","CALIFORNIA","81822","TRACTOR(DAY)","587512","DIESEL","PREMIUM","131","3.8300","501.73","501.73","GAL","2022-01-01","1","USD","E","LINGARAJ, NAVEEN","0","F","CL191","9012 ELM ST.","","93204-0000","PM003","0","NO","501.73","0","0","0","0","3500167","3850167","FALLON LOGISTICS","LAX","FALLON LOGISTICS","BROWN1","2022-01-03 00:00:00","EXPORTED FOR PAYMENT","MARTIN1","2022-01-18 00:00:00","CST","WILSON1","2022-01-03 00:00:00","202201","","Other Auxiliary Equipment","0.1"
"617092","LAX","77LAX","S2066","001000168","F","FUELMAN MASTERCARD","CHDLZ","PREFERRED","PREMIUM UNLEADED","","092578","REGULAR","2022-01-01","TA PETRO","FONTANA","CA","CALIFORNIA","85286","TRACTOR(DAY)","698772","DIESEL #2 ULTRA-LOW SULFUR CARB WIT","UNLEADED","77","4.4180","340.19","340.19","GAL","2022-01-01","1","USD","E","LINGARAJ, NAVEEN","0","F","CL191","4567 CEDAR ST.","","93204-0000","PM003","0","NO","340.19","0","0","0","0","3500168","3850168","FALLON LOGISTICS","LAX","FALLON LOGISTICS","VEMURIB1","2022-01-03 00:00:00","EXPORTED FOR PAYMENT","MARTIN1","2022-01-18 00:00:00","CST","DAVIS1","2022-01-03 00:00:00","202201","","Other Auxiliary Equipment","0.1"
"617093","OGG","77OGG","S2068","001000169","F","FUELMAN MASTERCARD","CHDLZ","PREFERRED","PREMIUM UNLEADED","","099013","REGULAR","2022-01-01","LOVES TRAVEL STOP","VISALIA","CA","CALIFORNIA","81510","TANKER","991215","PREMIUM UNLEADED","GASOLINE","87","5.2110","453.36","453.36","GAL","2022-01-01","1","USD","E","LINGARAJ, NAVEEN","0","F","CL191","0123 WILLOW AVE.","","93204-0000","PM003","0","NO","453.36","0","0","0","0","3500169","3850169","FALLON LOGISTICS","OGG","FALLON LOGISTICS","BROWN1","2022-01-03 00:00:00","EXPORTED FOR PAYMENT","THOMAS1","2022-01-18 00:00:00","CST","MILLER1","2022-01-03 00:00:00","202201","","Other Auxiliary Equipment","0.1"
"617094","LAS","77LAS","S2071","001000170","F","FUELMAN MASTERCARD","CHDLZ","PREFERRED","DIESEL #2 ULTRA-LOW SULFUR CARB WIT","","094213","REGULAR","2022-01-01","SPEEDWAY","STOCKTON","CA","CALIFORNIA","89701","CONTAINER","772885","DIESEL","PREMIUM","50","3.5670","178.35","178.35","GAL","2022-01-01","1","USD","E","LINGARAJ, NAVEEN","0","F","CL191","2345 ASH ST.","","93204-0000","PM003","0","NO","178.35","0","0","0","0","3500170","3850170","FALLON LOGISTICS","LAS","FALLON LOGISTICS","JONES1","2022-01-03 00:00:00","EXPORTED FOR PAYMENT","ANDERSON1","2022-01-18 00:00:00","CST","VEMURIB1","2022-01-03 00:00:00","202201","","Other Auxiliary Equipment","0.1"
"617095","SAN","77SAN","S2073","001000171","F","FUELMAN MASTERCARD","CHDLZ","PREFERRED","DIESEL","","091157","REGULAR","2022-01-01","LOVES TRAVEL STOP","VISALIA","CA","CALIFORNIA","88617","TRACTOR(DAY)","706915","PREMIUM UNLEADED","GASOLINE","88","5.4870","482.86","482.86","GAL","2022-01-01","1","USD","E","LINGARAJ, NAVEEN","0","F","CL191","0123 WILLOW AVE.","","93204-0000","PM003","0","NO","482.86","0","0","0","0","3500171","3850171","FALLON LOGISTICS","SAN","FALLON LOGISTICS","SMITH1","2022-01-03 00:00:00","EXPORTED FOR PAYMENT","THOMAS1","2022-01-18 00:00:00","CST","WILSON1","2022-01-03 00:00:00","202201","","Other Auxiliary Equipment","0.1"
"617096","SFO","77SFO","S2066","001000172","F","FUELMAN MASTERCARD","CHDLZ","PREFERRED","PREMIUM UNLEADED","","098166","REGULAR","2022-01-01","ONE9 EZ TRIP 1277","AVENAL","CA","CALIFORNIA","80375","TRACTOR(DAY)","888283","DIESEL #2 ULTRA-LOW SULFUR CARB WIT","UNLEADED","68","4.3530","296.00","296.00","GAL","2022-01-01","1","USD","E","LINGARAJ, NAVEEN","0","F","CL191","44779 S. LASSEN AVE.","","93204-0000","PM003","0","NO","296.00","0","0","0","0","3500172","3850172","FALLON LOGISTICS","SFO","FALLON LOGISTICS","MILLER1","2022-01-03 00:00:00","EXPORTED FOR PAYMENT","JOHNSON1","2022-01-18 00:00:00","CST","VEMURIB1","2022-01-03 00:00:00","202201","","Other Auxiliary Equipment","0.1"
"617097","SEA","77SEA","S2067","001000173","F","FUELMAN MASTERCARD","CHDLZ","PREFERRED","PREMIUM UNLEADED","","095894","REGULAR","2022-01-01","PILOT FLYING J","MODESTO","CA","CALIFORNIA","89707","TRUCK(STRAIGHT)","528474","DIESEL #2 ULTRA-LOW SULFUR CARB WIT","UNLEADED","147","3.7900","557.13","557.13","GAL","2022-01-01","1","USD","E","LINGARAJ, NAVEEN","0","F","CL191","6789 BIRCH ST.","","93204-0000","PM003","0","NO","557.13","0","0","0","0","3500173","3850173","FALLON LOGISTICS","SEA","FALLON LOGISTICS","VEMURIB1","2022-01-03 00:00:00","EXPORTED FOR PAYMENT","JOHNSON1","2022-01-18 00:00:00","CST","WILLIAMS1","2022-01-03 00:00:00","202201","","Other Auxiliary Equipment","0.1"
"617098","SFO","77SFO","S2069","001000174","F","FUELMAN MASTERCARD","CHDLZ","PREFERRED","UNLEADED GASOLINE","","099649","REGULAR","2022-01-01","SPEEDWAY","STOCKTON","CA","CALIFORNIA","88308","TRUCK(STRAIGHT)","885995","PREMIUM UNLEADED","DIESEL","134","4.0770","546.32","546.32","GAL","2022-01-01","1","USD","E","LINGARAJ, NAVEEN","0","F","CL191","2345 ASH ST.","","93204-0000","PM003","0","NO","546.32","0","0","0","0","3500174","3850174","FALLON LOGISTICS","SFO","FALLON LOGISTICS","BROWN1","2022-01-03 00:00:00","EXPORTED FOR PAYMENT","ANDERSON1","2022-01-18 00:00:00","CST","SMITH1","2022-01-03 00:00:00","202201","","Other Auxiliary Equipment","0.1"
"617099","SEA","77SEA","S2066","001000175","F","FUELMAN MASTERCARD","CHDLZ","PREFERRED","DIESEL","","099303","REGULAR","2022-01-01","SPEEDWAY","STOCKTON","CA","CALIFORNIA","85766","FLATBED","504242","PREMIUM UNLEADED","PREMIUM","79","4.9320","389.63","389.63","GAL","2022-01-01","1","USD","E","LINGARAJ, NAVEEN","0","F","CL191","2345 ASH ST.","","93204-0000","PM003","0","NO","389.63","0","0","0","0","3500175","3850175","FALLON LOGISTICS","SEA","FALLON LOGISTICS","WILSON1","2022-01-03 00:00:00","EXPORTED FOR PAYMENT","ANDERSON1","2022-01-18 00:00:00","CST","WILSON1","2022-01-03 00:00:00","202201","","Other Auxiliary Equipment","0.1"
"617100","FNL","77FNL","S2072","001000176","F","FUELMAN MASTERCARD","CHDLZ","PREFERRED","UNLEADED GASOLINE","","097921","REGULAR","2022-01-01","SHELL GAS STATION","LOS ANGELES","CA","CALIFORNIA","85992","CONTAINER","809481","PREMIUM UNLEADED","PREMIUM","111","5.0490","560.44","560.44","GAL","2022-01-01","1","USD","E","LINGARAJ, NAVEEN","0","F","CL191","1234 MAIN ST.","","93204-0000","PM003","0","NO","560.44","0","0","0","0","3500176","3850176","FALLON LOGISTICS","FNL","FALLON LOGISTICS","WILLIAMS1","2022-01-03 00:00:00","EXPORTED FOR PAYMENT","JACKSON1","2022-01-18 00:00:00","CST","DAVIS1","2022-01-03 00:00:00","202201","","Other Auxiliary Equipment","0.1"
"617101","SFO","77SFO","S2073","001000177","F","FUELMAN MASTERCARD","CHDLZ","PREFERRED","DIESEL","","092407","REGULAR","2022-01-01","ONE9 EZ TRIP 1277","AVENAL","CA","CALIFORNIA","85363","VAN","796519","DIESEL","UNLEADED","76","3.9670","301.49","301.49","GAL","2022-01-01","1","USD","E","LINGARAJ, NAVEEN","0","F","CL191","44779 S. LASSEN AVE.","","93204-0000","PM003","0","NO","301.49","0","0","0","0","3500177","3850177","FALLON LOGISTICS","SFO","FALLON LOGISTICS","DAVIS1","2022-01-03 00:00:00","EXPORTED FOR PAYMENT","ANDERSON1","2022-01-18 00:00:00","CST","BROWN1","2022-01-03 00:00:00","202201","","Other Auxiliary Equipment","0.1"
"617102","SFO","77SFO","S2068","001000178","F","FUELMAN MASTERCARD","CHDLZ","PREFERRED","DIESEL #2 ULTRA-LOW SULFUR CARB WIT","","099851","REGULAR","2022-01-01","ONE9 EZ TRIP 1277","AVENAL","CA","CALIFORNIA","87103","TRAILER","624922","DIESEL #2 ULTRA-LOW SULFUR CARB WIT","GASOLINE","83","5.0070","415.58","415.58","GAL","2022-01-01","1","USD","E","LINGARAJ, NAVEEN","0","F","CL191","44779 S. LASSEN AVE.","","93204-0000","PM003","0","NO","415.58","0","0","0","0","3500178","3850178","FALLON LOGISTICS","SFO","FALLON LOGISTICS","MILLER1","2022-01-03 00:00:00","EXPORTED FOR PAYMENT","TAYLOR1","2022-01-18 00:00:00","CST","SMITH1","2022-01-03 00:00:00","202201","","Other Auxiliary Equipment","0.1"
"617103","SEA","77SEA","S2067","001000179","F","FUELMAN MASTERCARD","CHDLZ","PREFERRED","PREMIUM UNLEADED","","090894","REGULAR","2022-01-01","PILOT FLYING J","MODESTO","CA","CALIFORNIA","80486","CONTAINER","816874","DIESEL #2 ULTRA-LOW SULFUR CARB WIT","UNLEADED","100","4.8700","487.00","487.00","GAL","2022-01-01","1","USD","E","LINGARAJ, NAVEEN","0","F","CL191","6789 BIRCH ST.","","93204-0000","PM003","0","NO","487.00","0","0","0","0","3500179","3850179","FALLON LOGISTICS","SEA","FALLON LOGISTICS","VEMURIB1","2022-01-03 00:00:00","EXPORTED FOR PAYMENT","JACKSON1","2022-01-18 00:00:00","CST","WILLIAMS1","2022-01-03 00:00:00","202201","","Other Auxiliary Equipment","0.1"
"617104","SAN","77SAN","S2066","001000180","F","FUELMAN MASTERCARD","CHDLZ","PREFERRED","PREMIUM UNLEADED","","095093","REGULAR","2022-01-01","EXXON MOBIL","BAKERSFIELD","CA","CALIFORNIA","80277","TANKER","612567","DIESEL #2 ULTRA-LOW SULFUR CARB WIT","UNLEADED","122","4.6030","561.57","561.57","GAL","2022-01-01","1","USD","E","LINGARAJ, NAVEEN","0","F","CL191","9012 ELM ST.","","93204-0000","PM003","0","NO","561.57","0","0","0","0","3500180","3850180","FALLON LOGISTICS","SAN","FALLON LOGISTICS","VEMURIB1","2022-01-03 00:00:00","EXPORTED FOR PAYMENT","MARTIN1","2022-01-18 00:00:00","CST","WILLIAMS1","2022-01-03 00:00:00","202201","","Other Auxiliary Equipment","0.1"
"617105","PHX","77PHX","S2074","001000181","F","FUELMAN MASTERCARD","CHDLZ","PREFERRED","DIESEL #2 ULTRA-LOW SULFUR CARB WIT","","098473","REGULAR","2022-01-01","LOVES TRAVEL STOP","VISALIA","CA","CALIFORNIA","81079","CONTAINER","520532","DIESEL","DIESEL","111","3.7000","410.70","410.70","GAL","2022-01-01","1","USD","E","LINGARAJ, NAVEEN","0","F","CL191","0123 WILLOW AVE.","","93204-0000","PM003","0","NO","410.70","0","0","0","0","3500181","3850181","FALLON LOGISTICS","PHX","FALLON LOGISTICS","DAVIS1","2022-01-03 00:00:00","EXPORTED FOR PAYMENT","TAYLOR1","2022-01-18 00:00:00","CST","VEMURIB1","2022-01-03 00:00:00","202201","","Other Auxiliary Equipment","0.1"
"617106","FNL","77FNL","S2070","001000182","F","FUELMAN MASTERCARD","CHDLZ","PREFERRED","DIESEL","","091939","REGULAR","2022-01-01","ONE9 EZ TRIP 1277","AVENAL","CA","CALIFORNIA","84370","TRUCK(STRAIGHT)","987498","PREMIUM UNLEADED","GASOLINE","108","3.6870","398.20","398.20","GAL","2022-01-01","1","USD","E","LINGARAJ, NAVEEN","0","F","CL191","44779 S. LASSEN AVE.","","93204-0000","PM003","0","NO","398.20","0","0","0","0","3500182","3850182","FALLON LOGISTICS","FNL","FALLON LOGISTICS","JONES1","2022-01-03 00:00:00","EXPORTED FOR PAYMENT","CAPWELA1","2022-01-18 00:00:00","CST","VEMURIB1","2022-01-03 00:00:00","202201","","Other Auxiliary Equipment","0.1"
"617107","SFO","77SFO","S2070","001000183","F","FUELMAN MASTERCARD","CHDLZ","PREFERRED","PREMIUM UNLEADED","","099544","REGULAR","2022-01-01","SUNOCO STATION","SAN DIEGO","CA","CALIFORNIA","88229","VAN","828314","PREMIUM UNLEADED","UNLEADED","139","4.0050","556.69","556.69","GAL","2022-01-01","1","USD","E","LINGARAJ, NAVEEN","0","F","CL191","7890 MAPLE AVE.","","93204-0000","PM003","0","NO","556.69","0","0","0","0","3500183","3850183","FALLON LOGISTICS","SFO","FALLON LOGISTICS","DAVIS1","2022-01-03 00:00:00","EXPORTED FOR PAYMENT","MOORE1","2022-01-18 00:00:00","CST","VEMURIB1","2022-01-03 00:00:00","202201","","Other Auxiliary Equipment","0.1"
"617108","PHX","77PHX","S2070","001000184","F","FUELMAN MASTERCARD","CHDLZ","PREFERRED","DIESEL #2 ULTRA-LOW SULFUR CARB WIT","","094083","REGULAR","2022-01-01","PILOT FLYING J","MODESTO","CA","CALIFORNIA","84005","TRACTOR(SLEEP)","665985","DIESEL #2 ULTRA-LOW SULFUR CARB WIT","PREMIUM","141","3.7360","526.78","526.78","GAL","2022-01-01","1","USD","E","LINGARAJ, NAVEEN","0","F","CL191","6789 BIRCH ST.","","93204-0000","PM003","0","NO","526.78","0","0","0","0","3500184","3850184","FALLON LOGISTICS","PHX","FALLON LOGISTICS","SMITH1","2022-01-03 00:00:00","EXPORTED FOR PAYMENT","JOHNSON1","2022-01-18 00:00:00","CST","WILSON1","2022-01-03 00:00:00","202201","","Other Auxiliary Equipment","0.1"
"617109","SAN","77SAN","S2069","001000185","F","FUELMAN MASTERCARD","CHDLZ","PREFERRED","DIESEL #2 ULTRA-LOW SULFUR CARB WIT","","093771","REGULAR","2022-01-01","ONE9 EZ TRIP 1277","AVENAL","CA","CALIFORNIA","85735","TRACTOR(SLEEP)","523598","DIESEL","GASOLINE","141","4.5880","646.91","646.91","GAL","2022-01-01","1","USD","E","LINGARAJ, NAVEEN","0","F","CL191","44779 S. LASSEN AVE.","","93204-0000","PM003","0","NO","646.91","0","0","0","0","3500185","3850185","FALLON LOGISTICS","SAN","FALLON LOGISTICS","VEMURIB1","2022-01-03 00:00:00","EXPORTED FOR PAYMENT","MOORE1","2022-01-18 00:00:00","CST","VEMURIB1","2022-01-03 00:00:00","202201","","Other Auxiliary Equipment","0.1"
"617110","FNL","77FNL","S2071","001000186","F","FUELMAN MASTERCARD","CHDLZ","PREFERRED","DIESEL","","090106","REGULAR","2022-01-01","SPEEDWAY","STOCKTON","CA","CALIFORNIA","81892","CONTAINER","521406","PREMIUM UNLEADED","DIESEL","82","3.7380","306.52","306.52","GAL","2022-01-01","1","USD","E","LINGARAJ, NAVEEN","0","F","CL191","2345 ASH ST.","","93204-0000","PM003","0","NO","306.52","0","0","0","0","3500186","3850186","FALLON LOGISTICS","FNL","FALLON LOGISTICS","VEMURIB1","2022-01-03 00:00:00","EXPORTED FOR PAYMENT","THOMAS1","2022-01-18 00:00:00","CST","DAVIS1","2022-01-03 00:00:00","202201","","Other Auxiliary Equipment","0.1"
"617111","OGG","77OGG","S2070","001000187","F","FUELMAN MASTERCARD","CHDLZ","PREFERRED","PREMIUM UNLEADED","","090353","REGULAR","2022-01-01","PILOT FLYING J","MODESTO","CA","CALIFORNIA","88519","FLATBED","925942","DIESEL #2 ULTRA-LOW SULFUR CARB WIT","UNLEADED","140","5.3480","748.72","748.72","GAL","2022-01-01","1","USD","E","LINGARAJ, NAVEEN","0","F","CL191","6789 BIRCH ST.","","93204-0000","PM003","0","NO","748.72","0","0","0","0","3500187","3850187","FALLON LOGISTICS","OGG","FALLON LOGISTICS","SMITH1","2022-01-03 00:00:00","EXPORTED FOR PAYMENT","MARTIN1","2022-01-18 00:00:00","CST","DAVIS1","2022-01-03 00:00:00","202201","","Other Auxiliary Equipment","0.1"
"617112","PDX","77PDX","S2066","001000188","F","FUELMAN MASTERCARD","CHDLZ","PREFERRED","PREMIUM UNLEADED","","097918","REGULAR","2022-01-01","LOVES TRAVEL STOP","VISALIA","CA","CALIFORNIA","80228","FLATBED","792417","PREMIUM UNLEADED","UNLEADED","57","4.2360","241.45","241.45","GAL","2022-01-01","1","USD","E","LINGARAJ, NAVEEN","0","F","CL191","0123 WILLOW AVE.","","93204-0000","PM003","0","NO","241.45","0","0","0","0","3500188","3850188","FALLON LOGISTICS","PDX","FALLON LOGISTICS","DAVIS1","2022-01-03 00:00:00","EXPORTED FOR PAYMENT","THOMAS1","2022-01-18 00:00:00","CST","WILLIAMS1","2022-01-03 00:00:00","202201","","Other Auxiliary Equipment","0.1"
"617113","OGG","77OGG","S2074","001000189","F","FUELMAN MASTERCARD","CHDLZ","PREFERRED","PREMIUM UNLEADED","","093147","REGULAR","2022-01-01","LOVES TRAVEL STOP","VISALIA","CA","CALIFORNIA","86178","TRACTOR(DAY)","875787","UNLEADED GASOLINE","UNLEADED","110","4.2480","467.28","467.28","GAL","2022-01-01","1","USD","E","LINGARAJ, NAVEEN","0","F","CL191","0123 WILLOW AVE.","","93204-0000","PM003","0","NO","467.28","0","0","0","0","3500189","3850189","FALLON LOGISTICS","OGG","FALLON LOGISTICS","SMITH1","2022-01-03 00:00:00","EXPORTED FOR PAYMENT","CAPWELA1","2022-01-18 00:00:00","CST","WILSON1","2022-01-03 00:00:00","202201","","Other Auxiliary Equipment","0.1"
"617114","SAN","77SAN","S2068","001000190","F","FUELMAN MASTERCARD","CHDLZ","PREFERRED","DIESEL","","097284","REGULAR","2022-01-01","PILOT FLYING J","MODESTO","CA","CALIFORNIA","84819","FLATBED","547616","DIESEL #2 ULTRA-LOW SULFUR CARB WIT","GASOLINE","73","4.0460","295.36","295.36","GAL","2022-01-01","1","USD","E","LINGARAJ, NAVEEN","0","F","CL191","6789 BIRCH ST.","","93204-0000","PM003","0","NO","295.36","0","0","0","0","3500190","3850190","FALLON LOGISTICS","SAN","FALLON LOGISTICS","JONES1","2022-01-03 00:00:00","EXPORTED FOR PAYMENT","ANDERSON1","2022-01-18 00:00:00","CST","VEMURIB1","2022-01-03 00:00:00","202201","","Other Auxiliary Equipment","0.1"
"617115","OGG","77OGG","S2071","001000191","F","FUELMAN MASTERCARD","CHDLZ","PREFERRED","DIESEL #2 ULTRA-LOW SULFUR CARB WIT","","090990","REGULAR","2022-01-01","SPEEDWAY","STOCKTON","CA","CALIFORNIA","84746","TANKER","671310","DIESEL #2 ULTRA-LOW SULFUR CARB WIT","DIESEL","76","3.5450","269.42","269.42","GAL","2022-01-01","1","USD","E","LINGARAJ, NAVEEN","0","F","CL191","2345 ASH ST.","","93204-0000","PM003","0","NO","269.42","0","0","0","0","3500191","3850191","FALLON LOGISTICS","OGG","FALLON LOGISTICS","WILLIAMS1","2022-01-03 00:00:00","EXPORTED FOR PAYMENT","ANDERSON1","2022-01-18 00:00:00","CST","DAVIS1","2022-01-03 00:00:00","202201","","Other Auxiliary Equipment","0.1"
"617116","LAS","77LAS","S2073","001000192","F","FUELMAN MASTERCARD","CHDLZ","PREFERRED","PREMIUM UNLEADED","","090348","REGULAR","2022-01-01","SPEEDWAY","STOCKTON","CA","CALIFORNIA","82388","FLATBED","539306","UNLEADED GASOLINE","DIESEL","60","4.8490","290.94","290.94","GAL","2022-01-01","1","USD","E","LINGARAJ, NAVEEN","0","F","CL191","2345 ASH ST.","","93204-0000","PM003","0","NO","290.94","0","0","0","0","3500192","3850192","FALLON LOGISTICS","LAS","FALLON LOGISTICS","VEMURIB1","2022-01-03 00:00:00","EXPORTED FOR PAYMENT","CAPWELA1","2022-01-18 00:00:00","CST","WILLIAMS1","2022-01-03 00:00:00","202201","","Other Auxiliary Equipment","0.1"
"617117","DEN","77DEN","S2073","001000193","F","FUELMAN MASTERCARD","CHDLZ","PREFERRED","DIESEL","","096775","REGULAR","2022-01-01","BP FUEL STOP","SACRAMENTO","CA","CALIFORNIA","85254","TRACTOR(DAY)","858612","DIESEL","UNLEADED","112","5.1680","578.82","578.82","GAL","2022-01-01","1","USD","E","LINGARAJ, NAVEEN","0","F","CL191","3456 PINE ST.","","93204-0000","PM003","0","NO","578.82","0","0","0","0","3500193","3850193","FALLON LOGISTICS","DEN","FALLON LOGISTICS","MILLER1","2022-01-03 00:00:00","EXPORTED FOR PAYMENT","JOHNSON1","2022-01-18 00:00:00","CST","JONES1","2022-01-03 00:00:00","202201","","Other Auxiliary Equipment","0.1"
"617118","OGG","77OGG","S2068","001000194","F","FUELMAN MASTERCARD","CHDLZ","PREFERRED","UNLEADED GASOLINE","","097548","REGULAR","2022-01-01","BP FUEL STOP","SACRAMENTO","CA","CALIFORNIA","81798","TRACTOR(SLEEP)","709508","DIESEL #2 ULTRA-LOW SULFUR CARB WIT","GASOLINE","131","5.2370","686.05","686.05","GAL","2022-01-01","1","USD","E","LINGARAJ, NAVEEN","0","F","CL191","3456 PINE ST.","","93204-0000","PM003","0","NO","686.05","0","0","0","0","3500194","3850194","FALLON LOGISTICS","OGG","FALLON LOGISTICS","SMITH1","2022-01-03 00:00:00","EXPORTED FOR PAYMENT","MARTIN1","2022-01-18 00:00:00","CST","VEMURIB1","2022-01-03 00:00:00","202201","","Other Auxiliary Equipment","0.1"
"617119","PHX","77PHX","S2073","001000195","F","FUELMAN MASTERCARD","CHDLZ","PREFERRED","PREMIUM UNLEADED","","095019","REGULAR","2022-01-01","SPEEDWAY","STOCKTON","CA","CALIFORNIA","86174","TRACTOR(DAY)","523050","DIESEL","DIESEL","62","5.4730","339.33","339.33","GAL","2022-01-01","1","USD","E","LINGARAJ, NAVEEN","0","F","CL191","2345 ASH ST.","","93204-0000","PM003","0","NO","339.33","0","0","0","0","3500195","3850195","FALLON LOGISTICS","PHX","FALLON LOGISTICS","SMITH1","2022-01-03 00:00:00","EXPORTED FOR PAYMENT","MARTIN1","2022-01-18 00:00:00","CST","BROWN1","2022-01-03 00:00:00","202201","","Other Auxiliary Equipment","0.1"
"617120","LAX","77LAX","S2068","001000196","F","FUELMAN MASTERCARD","CHDLZ","PREFERRED","DIESEL","","099635","REGULAR","2022-01-01","SUNOCO STATION","SAN DIEGO","CA","CALIFORNIA","87189","TRUCK(STRAIGHT)","564595","UNLEADED GASOLINE","UNLEADED","106","4.3810","464.39","464.39","GAL","2022-01-01","1","USD","E","LINGARAJ, NAVEEN","0","F","CL191","7890 MAPLE AVE.","","93204-0000","PM003","0","NO","464.39","0","0","0","0","3500196","3850196","FALLON LOGISTICS","LAX","FALLON LOGISTICS","VEMURIB1","2022-01-03 00:00:00","EXPORTED FOR PAYMENT","CAPWELA1","2022-01-18 00:00:00","CST","JONES1","2022-01-03 00:00:00","202201","","Other Auxiliary Equipment","0.1"
"617121","FNL","77FNL","S2068","001000197","F","FUELMAN MASTERCARD","CHDLZ","PREFERRED","DIESEL","","090072","REGULAR","2022-01-01","PILOT FLYING J","MODESTO","CA","CALIFORNIA","81114","TRUCK(STRAIGHT)","994893","PREMIUM UNLEADED","PREMIUM","127","4.8440","615.19","615.19","GAL","2022-01-01","1","USD","E","LINGARAJ, NAVEEN","0","F","CL191","6789 BIRCH ST.","","93204-0000","PM003","0","NO","615.19","0","0","0","0","3500197","3850197","FALLON LOGISTICS","FNL","FALLON LOGISTICS","SMITH1","2022-01-03 00:00:00","EXPORTED FOR PAYMENT","ANDERSON1","2022-01-18 00:00:00","CST","SMITH1","2022-01-03 00:00:00","202201","","Other Auxiliary Equipment","0.1"
"617122","PHX","77PHX","S2074","001000198","F","FUELMAN MASTERCARD","CHDLZ","PREFERRED","UNLEADED GASOLINE","","093918","REGULAR","2022-01-01","EXXON MOBIL","BAKERSFIELD","CA","CALIFORNIA","85321","CONTAINER","927143","PREMIUM UNLEADED","PREMIUM","50","4.8100","240.50","240.50","GAL","2022-01-01","1","USD","E","LINGARAJ, NAVEEN","0","F","CL191","9012 ELM ST.","","93204-0000","PM003","0","NO","240.50","0","0","0","0","3500198","3850198","FALLON LOGISTICS","PHX","FALLON LOGISTICS","JONES1","2022-01-03 00:00:00","EXPORTED FOR PAYMENT","THOMAS1","2022-01-18 00:00:00","CST","WILLIAMS1","2022-01-03 00:00:00","202201","","Other Auxiliary Equipment","0.1"
"617123","DEN","77DEN","S2065","001000199","F","FUELMAN MASTERCARD","CHDLZ","PREFERRED","DIESEL #2 ULTRA-LOW SULFUR CARB WIT","","094895","REGULAR","2022-01-01","TA PETRO","FONTANA","CA","CALIFORNIA","87934","CONTAINER","983919","DIESEL #2 ULTRA-LOW SULFUR CARB WIT","PREMIUM","117","4.2240","494.21","494.21","GAL","2022-01-01","1","USD","E","LINGARAJ, NAVEEN","0","F","CL191","4567 CEDAR ST.","","93204-0000","PM003","0","NO","494.21","0","0","0","0","3500199","3850199","FALLON LOGISTICS","DEN","FALLON LOGISTICS","DAVIS1","2022-01-03 00:00:00","EXPORTED FOR PAYMENT","MOORE1","2022-01-18 00:00:00","CST","VEMURIB1","2022-01-03 00:00:00","202201","","Other Auxiliary Equipment","0.1"
"617124","PDX","77PDX","S2067","001000200","F","FUELMAN MASTERCARD","CHDLZ","PREFERRED","UNLEADED GASOLINE","","098836","REGULAR","2022-01-01","ONE9 EZ TRIP 1277","AVENAL","CA","CALIFORNIA","86918","TANKER","608685","DIESEL","UNLEADED","116","4.0860","473.98","473.98","GAL","2022-01-01","1","USD","E","LINGARAJ, NAVEEN","0","F","CL191","44779 S. LASSEN AVE.","","93204-0000","PM003","0","NO","473.98","0","0","0","0","3500200","3850200","FALLON LOGISTICS","PDX","FALLON LOGISTICS","JONES1","2022-01-03 00:00:00","EXPORTED FOR PAYMENT","TAYLOR1","2022-01-18 00:00:00","CST","VEMURIB1","2022-01-03 00:00:00","202201","","Other Auxiliary Equipment","0.1"
"617125","FNL","77FNL","S2068","001000201","F","FUELMAN MASTERCARD","CHDLZ","PREFERRED","DIESEL #2 ULTRA-LOW SULFUR CARB WIT","","090502","REGULAR","2022-01-01","CHEVRON FUEL","FRESNO","CA","CALIFORNIA","86283","TRACTOR(DAY)","951436","DIESEL #2 ULTRA-LOW SULFUR CARB WIT","UNLEADED","109","3.5710","389.24","389.24","GAL","2022-01-01","1","USD","E","LINGARAJ, NAVEEN","0","F","CL191","5678 OAK AVE.","","93204-0000","PM003","0","NO","389.24","0","0","0","0","3500201","3850201","FALLON LOGISTICS","FNL","FALLON LOGISTICS","WILLIAMS1","2022-01-03 00:00:00","EXPORTED FOR PAYMENT","ANDERSON1","2022-01-18 00:00:00","CST","VEMURIB1","2022-01-03 00:00:00","202201","","Other Auxiliary Equipment","0.1"
"617126","PHX","77PHX","S2065","001000202","F","FUELMAN MASTERCARD","CHDLZ","PREFERRED","PREMIUM UNLEADED","","096935","REGULAR","2022-01-01","CHEVRON FUEL","FRESNO","CA","CALIFORNIA","89084","CONTAINER","770195","PREMIUM UNLEADED","DIESEL","63","4.7770","300.95","300.95","GAL","2022-01-01","1","USD","E","LINGARAJ, NAVEEN","0","F","CL191","5678 OAK AVE.","","93204-0000","PM003","0","NO","300.95","0","0","0","0","3500202","3850202","FALLON LOGISTICS","PHX","FALLON LOGISTICS","DAVIS1","2022-01-03 00:00:00","EXPORTED FOR PAYMENT","JACKSON1","2022-01-18 00:00:00","CST","SMITH1","2022-01-03 00:00:00","202201","","Other Auxiliary Equipment","0.1"
"617127","PHX","77PHX","S2067","001000203","F","FUELMAN MASTERCARD","CHDLZ","PREFERRED","UNLEADED GASOLINE","","099114","REGULAR","2022-01-01","LOVES TRAVEL STOP","VISALIA","CA","CALIFORNIA","83813","TRACTOR(DAY)","739413","UNLEADED GASOLINE","GASOLINE","119","3.7350","444.46","444.46","GAL","2022-01-01","1","USD","E","LINGARAJ, NAVEEN","0","F","CL191","0123 WILLOW AVE.","","93204-0000","PM003","0","NO","444.46","0","0","0","0","3500203","3850203","FALLON LOGISTICS","PHX","FALLON LOGISTICS","BROWN1","2022-01-03 00:00:00","EXPORTED FOR PAYMENT","MARTIN1","2022-01-18 00:00:00","CST","WILSON1","2022-01-03 00:00:00","202201","","Other Auxiliary Equipment","0.1"
"617128","FNL","77FNL","S2073","001000204","F","FUELMAN MASTERCARD","CHDLZ","PREFERRED","DIESEL #2 ULTRA-LOW SULFUR CARB WIT","","094382","REGULAR","2022-01-01","TA PETRO","FONTANA","CA","CALIFORNIA","87641","VAN","732590","DIESEL","DIESEL","132","3.8040","502.13","502.13","GAL","2022-01-01","1","USD","E","LINGARAJ, NAVEEN","0","F","CL191","4567 CEDAR ST.","","93204-0000","PM003","0","NO","502.13","0","0","0","0","3500204","3850204","FALLON LOGISTICS","FNL","FALLON LOGISTICS","WILSON1","2022-01-03 00:00:00","EXPORTED FOR PAYMENT","JACKSON1","2022-01-18 00:00:00","CST","DAVIS1","2022-01-03 00:00:00","202201","","Other Auxiliary Equipment","0.1"
"617129","LAX","77LAX","S2066","001000205","F","FUELMAN MASTERCARD","CHDLZ","PREFERRED","DIESEL #2 ULTRA-LOW SULFUR CARB WIT","","098159","REGULAR","2022-01-01","EXXON MOBIL","BAKERSFIELD","CA","CALIFORNIA","87483","TRACTOR(DAY)","609632","UNLEADED GASOLINE","GASOLINE","95","5.0970","484.22","484.22","GAL","2022-01-01","1","USD","E","LINGARAJ, NAVEEN","0","F","CL191","9012 ELM ST.","","93204-0000","PM003","0","NO","484.22","0","0","0","0","3500205","3850205","FALLON LOGISTICS","LAX","FALLON LOGISTICS","DAVIS1","2022-01-03 00:00:00","EXPORTED FOR PAYMENT","JOHNSON1","2022-01-18 00:00:00","CST","SMITH1","2022-01-03 00:00:00","202201","","Other Auxiliary Equipment","0.1"
"617130","SFO","77SFO","S2074","001000206","F","FUELMAN MASTERCARD","CHDLZ","PREFERRED","DIESEL #2 ULTRA-LOW SULFUR CARB WIT","","092182","REGULAR","2022-01-01","EXXON MOBIL","BAKERSFIELD","CA","CALIFORNIA","88161","TRACTOR(DAY)","533214","DIESEL #2 ULTRA-LOW SULFUR CARB WIT","UNLEADED","125","4.9400","617.50","617.50","GAL","2022-01-01","1","USD","E","LINGARAJ, NAVEEN","0","F","CL191","9012 ELM ST.","","93204-0000","PM003","0","NO","617.50","0","0","0","0","3500206","3850206","FALLON LOGISTICS","SFO","FALLON LOGISTICS","DAVIS1","2022-01-03 00:00:00","EXPORTED FOR PAYMENT","MOORE1","2022-01-18 00:00:00","CST","WILSON1","2022-01-03 00:00:00","202201","","Other Auxiliary Equipment","0.1"
"617131","OGG","77OGG","S2068","001000207","F","FUELMAN MASTERCARD","CHDLZ","PREFERRED","UNLEADED GASOLINE","","096225","REGULAR","2022-01-01","CHEVRON FUEL","FRESNO","CA","CALIFORNIA","82214","TRAILER","800059","DIESEL","PREMIUM","135","5.2320","706.32","706.32","GAL","2022-01-01","1","USD","E","LINGARAJ, NAVEEN","0","F","CL191","5678 OAK AVE.","","93204-0000","PM003","0","NO","706.32","0","0","0","0","3500207","3850207","FALLON LOGISTICS","OGG","FALLON LOGISTICS","VEMURIB1","2022-01-03 00:00:00","EXPORTED FOR PAYMENT","JOHNSON1","2022-01-18 00:00:00","CST","SMITH1","2022-01-03 00:00:00","202201","","Other Auxiliary Equipment","0.1"
"617132","SEA","77SEA","S2070","001000208","F","FUELMAN MASTERCARD","CHDLZ","PREFERRED","PREMIUM UNLEADED","","094759","REGULAR","2022-01-01","EXXON MOBIL","BAKERSFIELD","CA","CALIFORNIA","89458","TRAILER","789554","DIESEL #2 ULTRA-LOW SULFUR CARB WIT","DIESEL","50","4.4940","224.70","224.70","GAL","2022-01-01","1","USD","E","LINGARAJ, NAVEEN","0","F","CL191","9012 ELM ST.","","93204-0000","PM003","0","NO","224.70","0","0","0","0","3500208","3850208","FALLON LOGISTICS","SEA","FALLON LOGISTICS","SMITH1","2022-01-03 00:00:00","EXPORTED FOR PAYMENT","MOORE1","2022-01-18 00:00:00","CST","MILLER1","2022-01-03 00:00:00","202201","","Other Auxiliary Equipment","0.1"
"617133","PDX","77PDX","S2065","001000209","F","FUELMAN MASTERCARD","CHDLZ","PREFERRED","PREMIUM UNLEADED","","091403","REGULAR","2022-01-01","ONE9 EZ TRIP 1277","AVENAL","CA","CALIFORNIA","87061","TRAILER","948067","PREMIUM UNLEADED","UNLEADED","109","5.1490","561.24","561.24","GAL","2022-01-01","1","USD","E","LINGARAJ, NAVEEN","0","F","CL191","44779 S. LASSEN AVE.","","93204-0000","PM003","0","NO","561.24","0","0","0","0","3500209","3850209","FALLON LOGISTICS","PDX","FALLON LOGISTICS","WILLIAMS1","2022-01-03 00:00:00","EXPORTED FOR PAYMENT","JOHNSON1","2022-01-18 00:00:00","CST","WILLIAMS1","2022-01-03 00:00:00","202201","","Other Auxiliary Equipment","0.1"
"617134","OGG","77OGG","S2068","001000210","F","FUELMAN MASTERCARD","CHDLZ","PREFERRED","DIESEL","","096364","REGULAR","2022-01-01","SPEEDWAY","STOCKTON","CA","CALIFORNIA","83683","TRUCK(STRAIGHT)","894985","PREMIUM UNLEADED","DIESEL","99","5.3050","525.19","525.19","GAL","2022-01-01","1","USD","E","LINGARAJ, NAVEEN","0","F","CL191","2345 ASH ST.","","93204-0000","PM003","0","NO","525.19","0","0","0","0","3500210","3850210","FALLON LOGISTICS","OGG","FALLON LOGISTICS","SMITH1","2022-01-03 00:00:00","EXPORTED FOR PAYMENT","CAPWELA1","2022-01-18 00:00:00","CST","MILLER1","2022-01-03 00:00:00","202201","","Other Auxiliary Equipment","0.1"
"617135","SFO","77SFO","S2070","001000211","F","FUELMAN MASTERCARD","CHDLZ","PREFERRED","UNLEADED GASOLINE","","096286","REGULAR","2022-01-01","TA PETRO","FONTANA","CA","CALIFORNIA","88186","TRAILER","588466","DIESEL #2 ULTRA-LOW SULFUR CARB WIT","DIESEL","54","5.2840","285.34","285.34","GAL","2022-01-01","1","USD","E","LINGARAJ, NAVEEN","0","F","CL191","4567 CEDAR ST.","","93204-0000","PM003","0","NO","285.34","0","0","0","0","3500211","3850211","FALLON LOGISTICS","SFO","FALLON LOGISTICS","WILSON1","2022-01-03 00:00:00","EXPORTED FOR PAYMENT","MOORE1","2022-01-18 00:00:00","CST","DAVIS1","2022-01-03 00:00:00","202201","","Other Auxiliary Equipment","0.1"
"617136","OGG","77OGG","S2073","001000212","F","FUELMAN MASTERCARD","CHDLZ","PREFERRED","DIESEL","","090493","REGULAR","2022-01-01","PILOT FLYING J","MODESTO","CA","CALIFORNIA","86847","TRAILER","513193","UNLEADED GASOLINE","UNLEADED","65","3.6840","239.46","239.46","GAL","2022-01-01","1","USD","E","LINGARAJ, NAVEEN","0","F","CL191","6789 BIRCH ST.","","93204-0000","PM003","0","NO","239.46","0","0","0","0","3500212","3850212","FALLON LOGISTICS","OGG","FALLON LOGISTICS","DAVIS1","2022-01-03 00:00:00","EXPORTED FOR PAYMENT","JACKSON1","2022-01-18 00:00:00","CST","SMITH1","2022-01-03 00:00:00","202201","","Other Auxiliary Equipment","0.1"
"617137","SFO","77SFO","S2066","001000213","F","FUELMAN MASTERCARD","CHDLZ","PREFERRED","DIESEL","","096701","REGULAR","2022-01-01","EXXON MOBIL","BAKERSFIELD","CA","CALIFORNIA","88934","TRUCK(STRAIGHT)","934178","DIESEL","PREMIUM","74","4.2870","317.24","317.24","GAL","2022-01-01","1","USD","E","LINGARAJ, NAVEEN","0","F","CL191","9012 ELM ST.","","93204-0000","PM003","0","NO","317.24","0","0","0","0","3500213","3850213","FALLON LOGISTICS","SFO","FALLON LOGISTICS","BROWN1","2022-01-03 00:00:00","EXPORTED FOR PAYMENT","TAYLOR1","2022-01-18 00:00:00","CST","DAVIS1","2022-01-03 00:00:00","202201","","Other Auxiliary Equipment","0.1"
"617138","OGG","77OGG","S2073","001000214","F","FUELMAN MASTERCARD","CHDLZ","PREFERRED","UNLEADED GASOLINE","","097829","REGULAR","2022-01-01","LOVES TRAVEL STOP","VISALIA","CA","CALIFORNIA","89052","TRAILER","631434","DIESEL #2 ULTRA-LOW SULFUR CARB WIT","PREMIUM","137","3.8730","530.60","530.60","GAL","2022-01-01","1","USD","E","LINGARAJ, NAVEEN","0","F","CL191","0123 WILLOW AVE.","","93204-0000","PM003","0","NO","530.60","0","0","0","0","3500214","3850214","FALLON LOGISTICS","OGG","FALLON LOGISTICS","SMITH1","2022-01-03 00:00:00","EXPORTED FOR PAYMENT","MOORE1","2022-01-18 00:00:00","CST","VEMURIB1","2022-01-03 00:00:00","202201","","Other Auxiliary Equipment","0.1"
"617139","FNL","77FNL","S2067","001000215","F","FUELMAN MASTERCARD","CHDLZ","PREFERRED","DIESEL #2 ULTRA-LOW SULFUR CARB WIT","","099912","REGULAR","2022-01-01","SUNOCO STATION","SAN DIEGO","CA","CALIFORNIA","80139","TRACTOR(SLEEP)","803503","DIESEL","DIESEL","100","4.5370","453.70","453.70","GAL","2022-01-01","1","USD","E","LINGARAJ, NAVEEN","0","F","CL191","7890 MAPLE AVE.","","93204-0000","PM003","0","NO","453.70","0","0","0","0","3500215","3850215","FALLON LOGISTICS","FNL","FALLON LOGISTICS","SMITH1","2022-01-03 00:00:00","EXPORTED FOR PAYMENT","CAPWELA1","2022-01-18 00:00:00","CST","WILSON1","2022-01-03 00:00:00","202201","","Other Auxiliary Equipment","0.1"
"617140","OGG","77OGG","S2073","001000216","F","FUELMAN MASTERCARD","CHDLZ","PREFERRED","PREMIUM UNLEADED","","092289","REGULAR","2022-01-01","EXXON MOBIL","BAKERSFIELD","CA","CALIFORNIA","83955","TANKER","559762","DIESEL #2 ULTRA-LOW SULFUR CARB WIT","UNLEADED","133","5.4360","722.99","722.99","GAL","2022-01-01","1","USD","E","LINGARAJ, NAVEEN","0","F","CL191","9012 ELM ST.","","93204-0000","PM003","0","NO","722.99","0","0","0","0","3500216","3850216","FALLON LOGISTICS","OGG","FALLON LOGISTICS","BROWN1","2022-01-03 00:00:00","EXPORTED FOR PAYMENT","THOMAS1","2022-01-18 00:00:00","CST","WILLIAMS1","2022-01-03 00:00:00","202201","","Other Auxiliary Equipment","0.1"
"617141","SEA","77SEA","S2066","001000217","F","FUELMAN MASTERCARD","CHDLZ","PREFERRED","UNLEADED GASOLINE","","094060","REGULAR","2022-01-01","CHEVRON FUEL","FRESNO","CA","CALIFORNIA","89424","VAN","703108","UNLEADED GASOLINE","DIESEL","127","3.8910","494.16","494.16","GAL","2022-01-01","1","USD","E","LINGARAJ, NAVEEN","0","F","CL191","5678 OAK AVE.","","93204-0000","PM003","0","NO","494.16","0","0","0","0","3500217","3850217","FALLON LOGISTICS","SEA","FALLON LOGISTICS","MILLER1","2022-01-03 00:00:00","EXPORTED FOR PAYMENT","JACKSON1","2022-01-18 00:00:00","CST","VEMURIB1","2022-01-03 00:00:00","202201","","Other Auxiliary Equipment","0.1"
"617142","DEN","77DEN","S2068","001000218","F","FUELMAN MASTERCARD","CHDLZ","PREFERRED","DIESEL #2 ULTRA-LOW SULFUR CARB WIT","","099166","REGULAR","2022-01-01","SUNOCO STATION","SAN DIEGO","CA","CALIFORNIA","80116","TRUCK(STRAIGHT)","543208","PREMIUM UNLEADED","GASOLINE","99","4.3060","426.29","426.29","GAL","2022-01-01","1","USD","E","LINGARAJ, NAVEEN","0","F","CL191","7890 MAPLE AVE.","","93204-0000","PM003","0","NO","426.29","0","0","0","0","3500218","3850218","FALLON LOGISTICS","DEN","FALLON LOGISTICS","BROWN1","2022-01-03 00:00:00","EXPORTED FOR PAYMENT","CAPWELA1","2022-01-18 00:00:00","CST","DAVIS1","2022-01-03 00:00:00","202201","","Other Auxiliary Equipment","0.1"
"617143","PDX","77PDX","S2074","001000219","F","FUELMAN MASTERCARD","CHDLZ","PREFERRED","DIESEL","","091911","REGULAR","2022-01-01","PILOT FLYING J","MODESTO","CA","CALIFORNIA","81032","TRACTOR(DAY)","733928","DIESEL #2 ULTRA-LOW SULFUR CARB WIT","UNLEADED","79","5.1720","408.59","408.59","GAL","2022-01-01","1","USD","E","LINGARAJ, NAVEEN","0","F","CL191","6789 BIRCH ST.","","93204-0000","PM003","0","NO","408.59","0","0","0","0","3500219","3850219","FALLON LOGISTICS","PDX","FALLON LOGISTICS","WILSON1","2022-01-03 00:00:00","EXPORTED FOR PAYMENT","TAYLOR1","2022-01-18 00:00:00","CST","DAVIS1","2022-01-03 00:00:00","202201","","Other Auxiliary Equipment","0.1"
"617144","LAX","77LAX","S2067","001000220","F","FUELMAN MASTERCARD","CHDLZ","PREFERRED","DIESEL #2 ULTRA-LOW SULFUR CARB WIT","","097979","REGULAR","2022-01-01","LOVES TRAVEL STOP","VISALIA","CA","CALIFORNIA","88392","TRAILER","788574","DIESEL #2 ULTRA-LOW SULFUR CARB WIT","DIESEL","143","4.4070","630.20","630.20","GAL","2022-01-01","1","USD","E","LINGARAJ, NAVEEN","0","F","CL191","0123 WILLOW AVE.","","93204-0000","PM003","0","NO","630.20","0","0","0","0","3500220","3850220","FALLON LOGISTICS","LAX","FALLON LOGISTICS","JONES1","2022-01-03 00:00:00","EXPORTED FOR PAYMENT","MOORE1","2022-01-18 00:00:00","CST","WILLIAMS1","2022-01-03 00:00:00","202201","","Other Auxiliary Equipment","0.1"
"617145","PDX","77PDX","S2074","001000221","F","FUELMAN MASTERCARD","CHDLZ","PREFERRED","PREMIUM UNLEADED","","092071","REGULAR","2022-01-01","PILOT FLYING J","MODESTO","CA","CALIFORNIA","87350","FLATBED","929094","UNLEADED GASOLINE","GASOLINE","108","3.5570","384.16","384.16","GAL","2022-01-01","1","USD","E","LINGARAJ, NAVEEN","0","F","CL191","6789 BIRCH ST.","","93204-0000","PM003","0","NO","384.16","0","0","0","0","3500221","3850221","FALLON LOGISTICS","PDX","FALLON LOGISTICS","BROWN1","2022-01-03 00:00:00","EXPORTED FOR PAYMENT","CAPWELA1","2022-01-18 00:00:00","CST","SMITH1","2022-01-03 00:00:00","202201","","Other Auxiliary Equipment","0.1"
"617146","SFO","77SFO","S2068","001000222","F","FUELMAN MASTERCARD","CHDLZ","PREFERRED","DIESEL #2 ULTRA-LOW SULFUR CARB WIT","","099459","REGULAR","2022-01-01","SUNOCO STATION","SAN DIEGO","CA","CALIFORNIA","84962","TRACTOR(DAY)","991122","PREMIUM UNLEADED","UNLEADED","143","5.0470","721.72","721.72","GAL","2022-01-01","1","USD","E","LINGARAJ, NAVEEN","0","F","CL191","7890 MAPLE AVE.","","93204-0000","PM003","0","NO","721.72","0","0","0","0","3500222","3850222","FALLON LOGISTICS","SFO","FALLON LOGISTICS","SMITH1","2022-01-03 00:00:00","EXPORTED FOR PAYMENT","TAYLOR1","2022-01-18 00:00:00","CST","WILSON1","2022-01-03 00:00:00","202201","","Other Auxiliary Equipment","0.1"
"617147","DEN","77DEN","S2074","001000223","F","FUELMAN MASTERCARD","CHDLZ","PREFERRED","DIESEL #2 ULTRA-LOW SULFUR CARB WIT","","095342","REGULAR","2022-01-01","BP FUEL STOP","SACRAMENTO","CA","CALIFORNIA","87182","FLATBED","627467","UNLEADED GASOLINE","PREMIUM","81","4.0740","329.99","329.99","GAL","2022-01-01","1","USD","E","LINGARAJ, NAVEEN","0","F","CL191","3456 PINE ST.","","93204-0000","PM003","0","NO","329.99","0","0","0","0","3500223","3850223","FALLON LOGISTICS","DEN","FALLON LOGISTICS","SMITH1","2022-01-03 00:00:00","EXPORTED FOR PAYMENT","MARTIN1","2022-01-18 00:00:00","CST","JONES1","2022-01-03 00:00:00","202201","","Other Auxiliary Equipment","0.1"
"617148","LAX","77LAX","S2069","001000224","F","FUELMAN MASTERCARD","CHDLZ","PREFERRED","PREMIUM UNLEADED","","097859","REGULAR","2022-01-01","SUNOCO STATION","SAN DIEGO","CA","CALIFORNIA","89253","TRUCK(STRAIGHT)","791813","UNLEADED GASOLINE","GASOLINE","136","5.4450","740.52","740.52","GAL","2022-01-01","1","USD","E","LINGARAJ, NAVEEN","0","F","CL191","7890 MAPLE AVE.","","93204-0000","PM003","0","NO","740.52","0","0","0","0","3500224","3850224","FALLON LOGISTICS","LAX","FALLON LOGISTICS","VEMURIB1","2022-01-03 00:00:00","EXPORTED FOR PAYMENT","TAYLOR1","2022-01-18 00:00:00","CST","JONES1","2022-01-03 00:00:00","202201","","Other Auxiliary Equipment","0.1"
"617149","LAX","77LAX","S2071","001000225","F","FUELMAN MASTERCARD","CHDLZ","PREFERRED","PREMIUM UNLEADED","","091835","REGULAR","2022-01-01","SPEEDWAY","STOCKTON","CA","CALIFORNIA","82822","TRUCK(STRAIGHT)","836254","UNLEADED GASOLINE","GASOLINE","62","4.4690","277.08","277.08","GAL","2022-01-01","1","USD","E","LINGARAJ, NAVEEN","0","F","CL191","2345 ASH ST.","","93204-0000","PM003","0","NO","277.08","0","0","0","0","3500225","3850225","FALLON LOGISTICS","LAX","FALLON LOGISTICS","SMITH1","2022-01-03 00:00:00","EXPORTED FOR PAYMENT","THOMAS1","2022-01-18 00:00:00","CST","BROWN1","2022-01-03 00:00:00","202201","","Other Auxiliary Equipment","0.1"
"617150","SFO","77SFO","S2068","001000226","F","FUELMAN MASTERCARD","CHDLZ","PREFERRED","PREMIUM UNLEADED","","095736","REGULAR","2022-01-01","CHEVRON FUEL","FRESNO","CA","CALIFORNIA","84172","VAN","979264","DIESEL #2 ULTRA-LOW SULFUR CARB WIT","GASOLINE","104","4.5850","476.84","476.84","GAL","2022-01-01","1","USD","E","LINGARAJ, NAVEEN","0","F","CL191","5678 OAK AVE.","","93204-0000","PM003","0","NO","476.84","0","0","0","0","3500226","3850226","FALLON LOGISTICS","SFO","FALLON LOGISTICS","VEMURIB1","2022-01-03 00:00:00","EXPORTED FOR PAYMENT","TAYLOR1","2022-01-18 00:00:00","CST","SMITH1","2022-01-03 00:00:00","202201","","Other Auxiliary Equipment","0.1"
"617151","DEN","77DEN","S2066","001000227","F","FUELMAN MASTERCARD","CHDLZ","PREFERRED","DIESEL #2 ULTRA-LOW SULFUR CARB WIT","","097822","REGULAR","2022-01-01","EXXON MOBIL","BAKERSFIELD","CA","CALIFORNIA","82771","TRAILER","845749","PREMIUM UNLEADED","UNLEADED","100","5.3500","535.00","535.00","GAL","2022-01-01","1","USD","E","LINGARAJ, NAVEEN","0","F","CL191","9012 ELM ST.","","93204-0000","PM003","0","NO","535.00","0","0","0","0","3500227","3850227","FALLON LOGISTICS","DEN","FALLON LOGISTICS","MILLER1","2022-01-03 00:00:00","EXPORTED FOR PAYMENT","MARTIN1","2022-01-18 00:00:00","CST","WILSON1","2022-01-03 00:00:00","202201","","Other Auxiliary Equipment","0.1"
"617152","PDX","77PDX","S2068","001000228","F","FUELMAN MASTERCARD","CHDLZ","PREFERRED","PREMIUM UNLEADED","","091715","REGULAR","2022-01-01","ONE9 EZ TRIP 1277","AVENAL","CA","CALIFORNIA","82241","TRACTOR(DAY)","756977","PREMIUM UNLEADED","UNLEADED","60","4.1990","251.94","251.94","GAL","2022-01-01","1","USD","E","LINGARAJ, NAVEEN","0","F","CL191","44779 S. LASSEN AVE.","","93204-0000","PM003","0","NO","251.94","0","0","0","0","3500228","3850228","FALLON LOGISTICS","PDX","FALLON LOGISTICS","SMITH1","2022-01-03 00:00:00","EXPORTED FOR PAYMENT","MOORE1","2022-01-18 00:00:00","CST","SMITH1","2022-01-03 00:00:00","202201","","Other Auxiliary Equipment","0.1"
"617153","LAX","77LAX","S2068","001000229","F","FUELMAN MASTERCARD","CHDLZ","PREFERRED","PREMIUM UNLEADED","","098240","REGULAR","2022-01-01","SUNOCO STATION","SAN DIEGO","CA","CALIFORNIA","85085","VAN","969129","PREMIUM UNLEADED","PREMIUM","80","4.7330","378.64","378.64","GAL","2022-01-01","1","USD","E","LINGARAJ, NAVEEN","0","F","CL191","7890 MAPLE AVE.","","93204-0000","PM003","0","NO","378.64","0","0","0","0","3500229","3850229","FALLON LOGISTICS","LAX","FALLON LOGISTICS","SMITH1","2022-01-03 00:00:00","EXPORTED FOR PAYMENT","TAYLOR1","2022-01-18 00:00:00","CST","WILLIAMS1","2022-01-03 00:00:00","202201","","Other Auxiliary Equipment","0.1"
"617154","OGG","77OGG","S2073","001000230","F","FUELMAN MASTERCARD","CHDLZ","PREFERRED","DIESEL","","096989","REGULAR","2022-01-01","ONE9 EZ TRIP 1277","AVENAL","CA","CALIFORNIA","85504","FLATBED","809387","DIESEL","PREMIUM","82","3.7790","309.88","309.88","GAL","2022-01-01","1","USD","E","LINGARAJ, NAVEEN","0","F","CL191","44779 S. LASSEN AVE.","","93204-0000","PM003","0","NO","309.88","0","0","0","0","3500230","3850230","FALLON LOGISTICS","OGG","FALLON LOGISTICS","VEMURIB1","2022-01-03 00:00:00","EXPORTED FOR PAYMENT","ANDERSON1","2022-01-18 00:00:00","CST","DAVIS1","2022-01-03 00:00:00","202201","","Other Auxiliary Equipment","0.1"
"617155","PHX","77PHX","S2073","001000231","F","FUELMAN MASTERCARD","CHDLZ","PREFERRED","DIESEL","","097706","REGULAR","2022-01-01","EXXON MOBIL","BAKERSFIELD","CA","CALIFORNIA","88912","CONTAINER","771794","DIESEL #2 ULTRA-LOW SULFUR CARB WIT","DIESEL","146","4.7830","698.32","698.32","GAL","2022-01-01","1","USD","E","LINGARAJ, NAVEEN","0","F","CL191","9012 ELM ST.","","93204-0000","PM003","0","NO","698.32","0","0","0","0","3500231","3850231","FALLON LOGISTICS","PHX","FALLON LOGISTICS","JONES1","2022-01-03 00:00:00","EXPORTED FOR PAYMENT","THOMAS1","2022-01-18 00:00:00","CST","DAVIS1","2022-01-03 00:00:00","202201","","Other Auxiliary Equipment","0.1"
"617156","PDX","77PDX","S2071","001000232","F","FUELMAN MASTERCARD","CHDLZ","PREFERRED","PREMIUM UNLEADED","","091928","REGULAR","2022-01-01","SHELL GAS STATION","LOS ANGELES","CA","CALIFORNIA","82449","TRACTOR(DAY)","594410","UNLEADED GASOLINE","UNLEADED","100","5.0030","500.30","500.30","GAL","2022-01-01","1","USD","E","LINGARAJ, NAVEEN","0","F","CL191","1234 MAIN ST.","","93204-0000","PM003","0","NO","500.30","0","0","0","0","3500232","3850232","FALLON LOGISTICS","PDX","FALLON LOGISTICS","BROWN1","2022-01-03 00:00:00","EXPORTED FOR PAYMENT","JOHNSON1","2022-01-18 00:00:00","CST","BROWN1","2022-01-03 00:00:00","202201","","Other Auxiliary Equipment","0.1"
"617157","PDX","77PDX","S2070","001000233","F","FUELMAN MASTERCARD","CHDLZ","PREFERRED","PREMIUM UNLEADED","","095979","REGULAR","2022-01-01","SPEEDWAY","STOCKTON","CA","CALIFORNIA","86611","CONTAINER","596855","DIESEL #2 ULTRA-LOW SULFUR CARB WIT","PREMIUM","148","4.4870","664.08","664.08","GAL","2022-01-01","1","USD","E","LINGARAJ, NAVEEN","0","F","CL191","2345 ASH ST.","","93204-0000","PM003","0","NO","664.08","0","0","0","0","3500233","3850233","FALLON LOGISTICS","PDX","FALLON LOGISTICS","WILLIAMS1","2022-01-03 00:00:00","EXPORTED FOR PAYMENT","MOORE1","2022-01-18 00:00:00","CST","BROWN1","2022-01-03 00:00:00","202201","","Other Auxiliary Equipment","0.1"
"617158","LAX","77LAX","S2066","001000234","F","FUELMAN MASTERCARD","CHDLZ","PREFERRED","PREMIUM UNLEADED","","095242","REGULAR","2022-01-01","LOVES TRAVEL STOP","VISALIA","CA","CALIFORNIA","81716","VAN","584923","PREMIUM UNLEADED","PREMIUM","126","5.0190","632.39","632.39","GAL","2022-01-01","1","USD","E","LINGARAJ, NAVEEN","0","F","CL191","0123 WILLOW AVE.","","93204-0000","PM003","0","NO","632.39","0","0","0","0","3500234","3850234","FALLON LOGISTICS","LAX","FALLON LOGISTICS","DAVIS1","2022-01-03 00:00:00","EXPORTED FOR PAYMENT","JACKSON1","2022-01-18 00:00:00","CST","DAVIS1","2022-01-03 00:00:00","202201","","Other Auxiliary Equipment","0.1"
"617159","SAN","77SAN","S2070","001000235","F","FUELMAN MASTERCARD","CHDLZ","PREFERRED","DIESEL #2 ULTRA-LOW SULFUR CARB WIT","","098554","REGULAR","2022-01-01","SPEEDWAY","STOCKTON","CA","CALIFORNIA","80200","TRAILER","986502","DIESEL","DIESEL","134","4.5620","611.31","611.31","GAL","2022-01-01","1","USD","E","LINGARAJ, NAVEEN","0","F","CL191","2345 ASH ST.","","93204-0000","PM003","0","NO","611.31","0","0","0","0","3500235","3850235","FALLON LOGISTICS","SAN","FALLON LOGISTICS","DAVIS1","2022-01-03 00:00:00","EXPORTED FOR PAYMENT","MARTIN1","2022-01-18 00:00:00","CST","WILLIAMS1","2022-01-03 00:00:00","202201","","Other Auxiliary Equipment","0.1"
"617160","OGG","77OGG","S2066","001000236","F","FUELMAN MASTERCARD","CHDLZ","PREFERRED","DIESEL #2 ULTRA-LOW SULFUR CARB WIT","","093513","REGULAR","2022-01-01","PILOT FLYING J","MODESTO","CA","CALIFORNIA","82979","VAN","752013","DIESEL #2 ULTRA-LOW SULFUR CARB WIT","GASOLINE","71","4.7760","339.10","339.10","GAL","2022-01-01","1","USD","E","LINGARAJ, NAVEEN","0","F","CL191","6789 BIRCH ST.","","93204-0000","PM003","0","NO","339.10","0","0","0","0","3500236","3850236","FALLON LOGISTICS","OGG","FALLON LOGISTICS","JONES1","2022-01-03 00:00:00","EXPORTED FOR PAYMENT","THOMAS1","2022-01-18 00:00:00","CST","SMITH1","2022-01-03 00:00:00","202201","","Other Auxiliary Equipment","0.1"
"617161","LAX","77LAX","S2068","001000237","F","FUELMAN MASTERCARD","CHDLZ","PREFERRED","PREMIUM UNLEADED","","094504","REGULAR","2022-01-01","TA PETRO","FONTANA","CA","CALIFORNIA","81907","TRACTOR(DAY)","677371","PREMIUM UNLEADED","GASOLINE","71","4.0940","290.67","290.67","GAL","2022-01-01","1","USD","E","LINGARAJ, NAVEEN","0","F","CL191","4567 CEDAR ST.","","93204-0000","PM003","0","NO","290.67","0","0","0","0","3500237","3850237","FALLON LOGISTICS","LAX","FALLON LOGISTICS","WILLIAMS1","2022-01-03 00:00:00","EXPORTED FOR PAYMENT","TAYLOR1","2022-01-18 00:00:00","CST","VEMURIB1","2022-01-03 00:00:00","202201","","Other Auxiliary Equipment","0.1"
"617162","LAX","77LAX","S2068","001000238","F","FUELMAN MASTERCARD","CHDLZ","PREFERRED","DIESEL","","095039","REGULAR","2022-01-01","TA PETRO","FONTANA","CA","CALIFORNIA","85530","VAN","659518","UNLEADED GASOLINE","DIESEL","111","3.6350","403.48","403.48","GAL","2022-01-01","1","USD","E","LINGARAJ, NAVEEN","0","F","CL191","4567 CEDAR ST.","","93204-0000","PM003","0","NO","403.48","0","0","0","0","3500238","3850238","FALLON LOGISTICS","LAX","FALLON LOGISTICS","WILSON1","2022-01-03 00:00:00","EXPORTED FOR PAYMENT","MOORE1","2022-01-18 00:00:00","CST","WILLIAMS1","2022-01-03 00:00:00","202201","","Other Auxiliary Equipment","0.1"
"617163","FNL","77FNL","S2069","001000239","F","FUELMAN MASTERCARD","CHDLZ","PREFERRED","DIESEL #2 ULTRA-LOW SULFUR CARB WIT","","098904","REGULAR","2022-01-01","EXXON MOBIL","BAKERSFIELD","CA","CALIFORNIA","86175","FLATBED","585918","UNLEADED GASOLINE","DIESEL","57","4.9010","279.36","279.36","GAL","2022-01-01","1","USD","E","LINGARAJ, NAVEEN","0","F","CL191","9012 ELM ST.","","93204-0000","PM003","0","NO","279.36","0","0","0","0","3500239","3850239","FALLON LOGISTICS","FNL","FALLON LOGISTICS","SMITH1","2022-01-03 00:00:00","EXPORTED FOR PAYMENT","ANDERSON1","2022-01-18 00:00:00","CST","BROWN1","2022-01-03 00:00:00","202201","","Other Auxiliary Equipment","0.1"
"617164","DEN","77DEN","S2066","001000240","F","FUELMAN MASTERCARD","CHDLZ","PREFERRED","DIESEL #2 ULTRA-LOW SULFUR CARB WIT","","095671","REGULAR","2022-01-01","ONE9 EZ TRIP 1277","AVENAL","CA","CALIFORNIA","86209","TRAILER","670932","PREMIUM UNLEADED","UNLEADED","83","4.0370","335.07","335.07","GAL","2022-01-01","1","USD","E","LINGARAJ, NAVEEN","0","F","CL191","44779 S. LASSEN AVE.","","93204-0000","PM003","0","NO","335.07","0","0","0","0","3500240","3850240","FALLON LOGISTICS","DEN","FALLON LOGISTICS","VEMURIB1","2022-01-03 00:00:00","EXPORTED FOR PAYMENT","MARTIN1","2022-01-18 00:00:00","CST","WILSON1","2022-01-03 00:00:00","202201","","Other Auxiliary Equipment","0.1"
"617165","PHX","77PHX","S2065","001000241","F","FUELMAN MASTERCARD","CHDLZ","PREFERRED","PREMIUM UNLEADED","","098915","REGULAR","2022-01-01","EXXON MOBIL","BAKERSFIELD","CA","CALIFORNIA","85166","TRAILER","601604","DIESEL","DIESEL","87","4.5610","396.81","396.81","GAL","2022-01-01","1","USD","E","LINGARAJ, NAVEEN","0","F","CL191","9012 ELM ST.","","93204-0000","PM003","0","NO","396.81","0","0","0","0","3500241","3850241","FALLON LOGISTICS","PHX","FALLON LOGISTICS","VEMURIB1","2022-01-03 00:00:00","EXPORTED FOR PAYMENT","JACKSON1","2022-01-18 00:00:00","CST","SMITH1","2022-01-03 00:00:00","202201","","Other Auxiliary Equipment","0.1"
"617166","SAN","77SAN","S2069","001000242","F","FUELMAN MASTERCARD","CHDLZ","PREFERRED","PREMIUM UNLEADED","","091255","REGULAR","2022-01-01","TA PETRO","FONTANA","CA","CALIFORNIA","80923","TRACTOR(SLEEP)","531683","UNLEADED GASOLINE","GASOLINE","113","4.6420","524.55","524.55","GAL","2022-01-01","1","USD","E","LINGARAJ, NAVEEN","0","F","CL191","4567 CEDAR ST.","","93204-0000","PM003","0","NO","524.55","0","0","0","0","3500242","3850242","FALLON LOGISTICS","SAN","FALLON LOGISTICS","WILSON1","2022-01-03 00:00:00","EXPORTED FOR PAYMENT","JOHNSON1","2022-01-18 00:00:00","CST","VEMURIB1","2022-01-03 00:00:00","202201","","Other Auxiliary Equipment","0.1"
"617167","OGG","77OGG","S2073","001000243","F","FUELMAN MASTERCARD","CHDLZ","PREFERRED","UNLEADED GASOLINE","","092652","REGULAR","2022-01-01","LOVES TRAVEL STOP","VISALIA","CA","CALIFORNIA","87227","TRUCK(STRAIGHT)","763623","UNLEADED GASOLINE","PREMIUM","81","4.9000","396.90","396.90","GAL","2022-01-01","1","USD","E","LINGARAJ, NAVEEN","0","F","CL191","0123 WILLOW AVE.","","93204-0000","PM003","0","NO","396.90","0","0","0","0","3500243","3850243","FALLON LOGISTICS","OGG","FALLON LOGISTICS","VEMURIB1","2022-01-03 00:00:00","EXPORTED FOR PAYMENT","CAPWELA1","2022-01-18 00:00:00","CST","BROWN1","2022-01-03 00:00:00","202201","","Other Auxiliary Equipment","0.1"
"617168","PDX","77PDX","S2068","001000244","F","FUELMAN MASTERCARD","CHDLZ","PREFERRED","UNLEADED GASOLINE","","093651","REGULAR","2022-01-01","EXXON MOBIL","BAKERSFIELD","CA","CALIFORNIA","81463","FLATBED","574588","DIESEL","UNLEADED","114","4.2430","483.70","483.70","GAL","2022-01-01","1","USD","E","LINGARAJ, NAVEEN","0","F","CL191","9012 ELM ST.","","93204-0000","PM003","0","NO","483.70","0","0","0","0","3500244","3850244","FALLON LOGISTICS","PDX","FALLON LOGISTICS","VEMURIB1","2022-01-03 00:00:00","EXPORTED FOR PAYMENT","ANDERSON1","2022-01-18 00:00:00","CST","WILLIAMS1","2022-01-03 00:00:00","202201","","Other Auxiliary Equipment","0.1"
"617169","PDX","77PDX","S2066","001000245","F","FUELMAN MASTERCARD","CHDLZ","PREFERRED","PREMIUM UNLEADED","","098585","REGULAR","2022-01-01","BP FUEL STOP","SACRAMENTO","CA","CALIFORNIA","82251","TRACTOR(SLEEP)","975124","DIESEL","PREMIUM","109","4.9080","534.97","534.97","GAL","2022-01-01","1","USD","E","LINGARAJ, NAVEEN","0","F","CL191","3456 PINE ST.","","93204-0000","PM003","0","NO","534.97","0","0","0","0","3500245","3850245","FALLON LOGISTICS","PDX","FALLON LOGISTICS","VEMURIB1","2022-01-03 00:00:00","EXPORTED FOR PAYMENT","MARTIN1","2022-01-18 00:00:00","CST","WILLIAMS1","2022-01-03 00:00:00","202201","","Other Auxiliary Equipment","0.1"
"617170","SFO","77SFO","S2071","001000246","F","FUELMAN MASTERCARD","CHDLZ","PREFERRED","UNLEADED GASOLINE","","098615","REGULAR","2022-01-01","PILOT FLYING J","MODESTO","CA","CALIFORNIA","83211","TRAILER","564450","PREMIUM UNLEADED","PREMIUM","50","5.3230","266.15","266.15","GAL","2022-01-01","1","USD","E","LINGARAJ, NAVEEN","0","F","CL191","6789 BIRCH ST.","","93204-0000","PM003","0","NO","266.15","0","0","0","0","3500246","3850246","FALLON LOGISTICS","SFO","FALLON LOGISTICS","DAVIS1","2022-01-03 00:00:00","EXPORTED FOR PAYMENT","THOMAS1","2022-01-18 00:00:00","CST","WILLIAMS1","2022-01-03 00:00:00","202201","","Other Auxiliary Equipment","0.1"
"617171","LAS","77LAS","S2068","001000247","F","FUELMAN MASTERCARD","CHDLZ","PREFERRED","PREMIUM UNLEADED","","093203","REGULAR","2022-01-01","CHEVRON FUEL","FRESNO","CA","CALIFORNIA","89898","TRAILER","984592","DIESEL","DIESEL","84","4.1010","344.48","344.48","GAL","2022-01-01","1","USD","E","LINGARAJ, NAVEEN","0","F","CL191","5678 OAK AVE.","","93204-0000","PM003","0","NO","344.48","0","0","0","0","3500247","3850247","FALLON LOGISTICS","LAS","FALLON LOGISTICS","DAVIS1","2022-01-03 00:00:00","EXPORTED FOR PAYMENT","MOORE1","2022-01-18 00:00:00","CST","BROWN1","2022-01-03 00:00:00","202201","","Other Auxiliary Equipment","0.1"
"617172","FNL","77FNL","S2073","001000248","F","FUELMAN MASTERCARD","CHDLZ","PREFERRED","DIESEL #2 ULTRA-LOW SULFUR CARB WIT","","090876","REGULAR","2022-01-01","BP FUEL STOP","SACRAMENTO","CA","CALIFORNIA","81938","TRUCK(STRAIGHT)","610942","PREMIUM UNLEADED","GASOLINE","90","4.2980","386.82","386.82","GAL","2022-01-01","1","USD","E","LINGARAJ, NAVEEN","0","F","CL191","3456 PINE ST.","","93204-0000","PM003","0","NO","386.82","0","0","0","0","3500248","3850248","FALLON LOGISTICS","FNL","FALLON LOGISTICS","DAVIS1","2022-01-03 00:00:00","EXPORTED FOR PAYMENT","TAYLOR1","2022-01-18 00:00:00","CST","WILLIAMS1","2022-01-03 00:00:00","202201","","Other Auxiliary Equipment","0.1"
"617173","DEN","77DEN","S2072","001000249","F","FUELMAN MASTERCARD","CHDLZ","PREFERRED","UNLEADED GASOLINE","","093813","REGULAR","2022-01-01","TA PETRO","FONTANA","CA","CALIFORNIA","80221","TANKER","565009","UNLEADED GASOLINE","UNLEADED","147","4.4810","658.71","658.71","GAL","2022-01-01","1","USD","E","LINGARAJ, NAVEEN","0","F","CL191","4567 CEDAR ST.","","93204-0000","PM003","0","NO","658.71","0","0","0","0","3500249","3850249","FALLON LOGISTICS","DEN","FALLON LOGISTICS","DAVIS1","2022-01-03 00:00:00","EXPORTED FOR PAYMENT","THOMAS1","2022-01-18 00:00:00","CST","SMITH1","2022-01-03 00:00:00","202201","","Other Auxiliary Equipment","0.1"
"617174","LAS","77LAS","S2071","001000250","F","FUELMAN MASTERCARD","CHDLZ","PREFERRED","DIESEL #2 ULTRA-LOW SULFUR CARB WIT","","095339","REGULAR","2022-01-01","PILOT FLYING J","MODESTO","CA","CALIFORNIA","86048","TRAILER","531952","DIESEL #2 ULTRA-LOW SULFUR CARB WIT","GASOLINE","141","3.8680","545.39","545.39","GAL","2022-01-01","1","USD","E","LINGARAJ, NAVEEN","0","F","CL191","6789 BIRCH ST.","","93204-0000","PM003","0","NO","545.39","0","0","0","0","3500250","3850250","FALLON LOGISTICS","LAS","FALLON LOGISTICS","VEMURIB1","2022-01-03 00:00:00","EXPORTED FOR PAYMENT","MOORE1","2022-01-18 00:00:00","CST","WILSON1","2022-01-03 00:00:00","202201","","Other Auxiliary Equipment","0.1"
"617175","LAX","77LAX","S2067","001000251","F","FUELMAN MASTERCARD","CHDLZ","PREFERRED","PREMIUM UNLEADED","","090635","REGULAR","2022-01-01","SPEEDWAY","STOCKTON","CA","CALIFORNIA","84062","FLATBED","879063","PREMIUM UNLEADED","GASOLINE","119","3.6380","432.92","432.92","GAL","2022-01-01","1","USD","E","LINGARAJ, NAVEEN","0","F","CL191","2345 ASH ST.","","93204-0000","PM003","0","NO","432.92","0","0","0","0","3500251","3850251","FALLON LOGISTICS","LAX","FALLON LOGISTICS","DAVIS1","2022-01-03 00:00:00","EXPORTED FOR PAYMENT","JACKSON1","2022-01-18 00:00:00","CST","VEMURIB1","2022-01-03 00:00:00","202201","","Other Auxiliary Equipment","0.1"
"617176","SFO","77SFO","S2070","001000252","F","FUELMAN MASTERCARD","CHDLZ","PREFERRED","DIESEL #2 ULTRA-LOW SULFUR CARB WIT","","091936","REGULAR","2022-01-01","TA PETRO","FONTANA","CA","CALIFORNIA","89694","CONTAINER","737854","DIESEL","GASOLINE","61","3.6530","222.83","222.83","GAL","2022-01-01","1","USD","E","LINGARAJ, NAVEEN","0","F","CL191","4567 CEDAR ST.","","93204-0000","PM003","0","NO","222.83","0","0","0","0","3500252","3850252","FALLON LOGISTICS","SFO","FALLON LOGISTICS","WILSON1","2022-01-03 00:00:00","EXPORTED FOR PAYMENT","CAPWELA1","2022-01-18 00:00:00","CST","SMITH1","2022-01-03 00:00:00","202201","","Other Auxiliary Equipment","0.1"
"617177","OGG","77OGG","S2070","001000253","F","FUELMAN MASTERCARD","CHDLZ","PREFERRED","DIESEL","","098268","REGULAR","2022-01-01","PILOT FLYING J","MODESTO","CA","CALIFORNIA","83900","TRACTOR(SLEEP)","834225","DIESEL #2 ULTRA-LOW SULFUR CARB WIT","PREMIUM","119","3.7770","449.46","449.46","GAL","2022-01-01","1","USD","E","LINGARAJ, NAVEEN","0","F","CL191","6789 BIRCH ST.","","93204-0000","PM003","0","NO","449.46","0","0","0","0","3500253","3850253","FALLON LOGISTICS","OGG","FALLON LOGISTICS","MILLER1","2022-01-03 00:00:00","EXPORTED FOR PAYMENT","CAPWELA1","2022-01-18 00:00:00","CST","SMITH1","2022-01-03 00:00:00","202201","","Other Auxiliary Equipment","0.1"
"617178","OGG","77OGG","S2067","001000254","F","FUELMAN MASTERCARD","CHDLZ","PREFERRED","DIESEL #2 ULTRA-LOW SULFUR CARB WIT","","096294","REGULAR","2022-01-01","PILOT FLYING J","MODESTO","CA","CALIFORNIA","82912","VAN","576286","DIESEL #2 ULTRA-LOW SULFUR CARB WIT","UNLEADED","101","5.0950","514.60","514.60","GAL","2022-01-01","1","USD","E","LINGARAJ, NAVEEN","0","F","CL191","6789 BIRCH ST.","","93204-0000","PM003","0","NO","514.60","0","0","0","0","3500254","3850254","FALLON LOGISTICS","OGG","FALLON LOGISTICS","BROWN1","2022-01-03 00:00:00","EXPORTED FOR PAYMENT","MARTIN1","2022-01-18 00:00:00","CST","VEMURIB1","2022-01-03 00:00:00","202201","","Other Auxiliary Equipment","0.1"
"617179","OGG","77OGG","S2068","001000255","F","FUELMAN MASTERCARD","CHDLZ","PREFERRED","DIESEL #2 ULTRA-LOW SULFUR CARB WIT","","097145","REGULAR","2022-01-01","ONE9 EZ TRIP 1277","AVENAL","CA","CALIFORNIA","89051","TRACTOR(DAY)","655953","DIESEL #2 ULTRA-LOW SULFUR CARB WIT","DIESEL","125","3.6060","450.75","450.75","GAL","2022-01-01","1","USD","E","LINGARAJ, NAVEEN","0","F","CL191","44779 S. LASSEN AVE.","","93204-0000","PM003","0","NO","450.75","0","0","0","0","3500255","3850255","FALLON LOGISTICS","OGG","FALLON LOGISTICS","WILLIAMS1","2022-01-03 00:00:00","EXPORTED FOR PAYMENT","JACKSON1","2022-01-18 00:00:00","CST","JONES1","2022-01-03 00:00:00","202201","","Other Auxiliary Equipment","0.1"
"617180","PDX","77PDX","S2069","001000256","F","FUELMAN MASTERCARD","CHDLZ","PREFERRED","DIESEL","","096700","REGULAR","2022-01-01","BP FUEL STOP","SACRAMENTO","CA","CALIFORNIA","86622","FLATBED","646466","DIESEL #2 ULTRA-LOW SULFUR CARB WIT","GASOLINE","124","4.9150","609.46","609.46","GAL","2022-01-01","1","USD","E","LINGARAJ, NAVEEN","0","F","CL191","3456 PINE ST.","","93204-0000","PM003","0","NO","609.46","0","0","0","0","3500256","3850256","FALLON LOGISTICS","PDX","FALLON LOGISTICS","WILLIAMS1","2022-01-03 00:00:00","EXPORTED FOR PAYMENT","JACKSON1","2022-01-18 00:00:00","CST","MILLER1","2022-01-03 00:00:00","202201","","Other Auxiliary Equipment","0.1"
"617181","SFO","77SFO","S2065","001000257","F","FUELMAN MASTERCARD","CHDLZ","PREFERRED","DIESEL #2 ULTRA-LOW SULFUR CARB WIT","","094432","REGULAR","2022-01-01","SHELL GAS STATION","LOS ANGELES","CA","CALIFORNIA","89064","FLATBED","764357","UNLEADED GASOLINE","UNLEADED","92","4.2490","390.91","390.91","GAL","2022-01-01","1","USD","E","LINGARAJ, NAVEEN","0","F","CL191","1234 MAIN ST.","","93204-0000","PM003","0","NO","390.91","0","0","0","0","3500257","3850257","FALLON LOGISTICS","SFO","FALLON LOGISTICS","WILSON1","2022-01-03 00:00:00","EXPORTED FOR PAYMENT","THOMAS1","2022-01-18 00:00:00","CST","MILLER1","2022-01-03 00:00:00","202201","","Other Auxiliary Equipment","0.1"
"617182","PHX","77PHX","S2066","001000258","F","FUELMAN MASTERCARD","CHDLZ","PREFERRED","DIESEL #2 ULTRA-LOW SULFUR CARB WIT","","091160","REGULAR","2022-01-01","PILOT FLYING J","MODESTO","CA","CALIFORNIA","83525","TRACTOR(SLEEP)","783623","PREMIUM UNLEADED","PREMIUM","96","3.6390","349.34","349.34","GAL","2022-01-01","1","USD","E","LINGARAJ, NAVEEN","0","F","CL191","6789 BIRCH ST.","","93204-0000","PM003","0","NO","349.34","0","0","0","0","3500258","3850258","FALLON LOGISTICS","PHX","FALLON LOGISTICS","VEMURIB1","2022-01-03 00:00:00","EXPORTED FOR PAYMENT","MARTIN1","2022-01-18 00:00:00","CST","SMITH1","2022-01-03 00:00:00","202201","","Other Auxiliary Equipment","0.1"
"617183","PDX","77PDX","S2067","001000259","F","FUELMAN MASTERCARD","CHDLZ","PREFERRED","PREMIUM UNLEADED","","094307","REGULAR","2022-01-01","SPEEDWAY","STOCKTON","CA","CALIFORNIA","80687","TRACTOR(SLEEP)","617185","DIESEL #2 ULTRA-LOW SULFUR CARB WIT","GASOLINE","96","4.0450","388.32","388.32","GAL","2022-01-01","1","USD","E","LINGARAJ, NAVEEN","0","F","CL191","2345 ASH ST.","","93204-0000","PM003","0","NO","388.32","0","0","0","0","3500259","3850259","FALLON LOGISTICS","PDX","FALLON LOGISTICS","WILLIAMS1","2022-01-03 00:00:00","EXPORTED FOR PAYMENT","THOMAS1","2022-01-18 00:00:00","CST","MILLER1","2022-01-03 00:00:00","202201","","Other Auxiliary Equipment","0.1"
"617184","PDX","77PDX","S2070","001000260","F","FUELMAN MASTERCARD","CHDLZ","PREFERRED","DIESEL #2 ULTRA-LOW SULFUR CARB WIT","","091190","REGULAR","2022-01-01","EXXON MOBIL","BAKERSFIELD","CA","CALIFORNIA","86262","VAN","638777","PREMIUM UNLEADED","UNLEADED","57","4.9800","283.86","283.86","GAL","2022-01-01","1","USD","E","LINGARAJ, NAVEEN","0","F","CL191","9012 ELM ST.","","93204-0000","PM003","0","NO","283.86","0","0","0","0","3500260","3850260","FALLON LOGISTICS","PDX","FALLON LOGISTICS","WILSON1","2022-01-03 00:00:00","EXPORTED FOR PAYMENT","THOMAS1","2022-01-18 00:00:00","CST","BROWN1","2022-01-03 00:00:00","202201","","Other Auxiliary Equipment","0.1"
"617185","SFO","77SFO","S2069","001000261","F","FUELMAN MASTERCARD","CHDLZ","PREFERRED","UNLEADED GASOLINE","","090566","REGULAR","2022-01-01","SPEEDWAY","STOCKTON","CA","CALIFORNIA","82305","CONTAINER","601311","DIESEL","PREMIUM","97","4.6130","447.46","447.46","GAL","2022-01-01","1","USD","E","LINGARAJ, NAVEEN","0","F","CL191","2345 ASH ST.","","93204-0000","PM003","0","NO","447.46","0","0","0","0","3500261","3850261","FALLON LOGISTICS","SFO","FALLON LOGISTICS","VEMURIB1","2022-01-03 00:00:00","EXPORTED FOR PAYMENT","THOMAS1","2022-01-18 00:00:00","CST","VEMURIB1","2022-01-03 00:00:00","202201","","Other Auxiliary Equipment","0.1"
"617186","SAN","77SAN","S2070","001000262","F","FUELMAN MASTERCARD","CHDLZ","PREFERRED","DIESEL #2 ULTRA-LOW SULFUR CARB WIT","","096653","REGULAR","2022-01-01","SPEEDWAY","STOCKTON","CA","CALIFORNIA","80570","TRUCK(STRAIGHT)","621240","DIESEL #2 ULTRA-LOW SULFUR CARB WIT","PREMIUM","67","4.4380","297.35","297.35","GAL","2022-01-01","1","USD","E","LINGARAJ, NAVEEN","0","F","CL191","2345 ASH ST.","","93204-0000","PM003","0","NO","297.35","0","0","0","0","3500262","3850262","FALLON LOGISTICS","SAN","FALLON LOGISTICS","BROWN1","2022-01-03 00:00:00","EXPORTED FOR PAYMENT","MARTIN1","2022-01-18 00:00:00","CST","WILLIAMS1","2022-01-03 00:00:00","202201","","Other Auxiliary Equipment","0.1"
"617187","PHX","77PHX","S2066","001000263","F","FUELMAN MASTERCARD","CHDLZ","PREFERRED","DIESEL #2 ULTRA-LOW SULFUR CARB WIT","","093820","REGULAR","2022-01-01","SPEEDWAY","STOCKTON","CA","CALIFORNIA","87963","TANKER","799250","UNLEADED GASOLINE","UNLEADED","84","5.1860","435.62","435.62","GAL","2022-01-01","1","USD","E","LINGARAJ, NAVEEN","0","F","CL191","2345 ASH ST.","","93204-0000","PM003","0","NO","435.62","0","0","0","0","3500263","3850263","FALLON LOGISTICS","PHX","FALLON LOGISTICS","JONES1","2022-01-03 00:00:00","EXPORTED FOR PAYMENT","JOHNSON1","2022-01-18 00:00:00","CST","SMITH1","2022-01-03 00:00:00","202201","","Other Auxiliary Equipment","0.1"
"617188","SAN","77SAN","S2067","001000264","F","FUELMAN MASTERCARD","CHDLZ","PREFERRED","DIESEL","","099409","REGULAR","2022-01-01","SHELL GAS STATION","LOS ANGELES","CA","CALIFORNIA","83908","TRACTOR(DAY)","503380","PREMIUM UNLEADED","DIESEL","138","5.2640","726.43","726.43","GAL","2022-01-01","1","USD","E","LINGARAJ, NAVEEN","0","F","CL191","1234 MAIN ST.","","93204-0000","PM003","0","NO","726.43","0","0","0","0","3500264","3850264","FALLON LOGISTICS","SAN","FALLON LOGISTICS","JONES1","2022-01-03 00:00:00","EXPORTED FOR PAYMENT","ANDERSON1","2022-01-18 00:00:00","CST","SMITH1","2022-01-03 00:00:00","202201","","Other Auxiliary Equipment","0.1"
"617189","SAN","77SAN","S2067","001000265","F","FUELMAN MASTERCARD","CHDLZ","PREFERRED","PREMIUM UNLEADED","","092241","REGULAR","2022-01-01","LOVES TRAVEL STOP","VISALIA","CA","CALIFORNIA","85062","CONTAINER","592654","DIESEL","PREMIUM","134","5.1020","683.67","683.67","GAL","2022-01-01","1","USD","E","LINGARAJ, NAVEEN","0","F","CL191","0123 WILLOW AVE.","","93204-0000","PM003","0","NO","683.67","0","0","0","0","3500265","3850265","FALLON LOGISTICS","SAN","FALLON LOGISTICS","VEMURIB1","2022-01-03 00:00:00","EXPORTED FOR PAYMENT","ANDERSON1","2022-01-18 00:00:00","CST","JONES1","2022-01-03 00:00:00","202201","","Other Auxiliary Equipment","0.1"
"617190","LAX","77LAX","S2068","001000266","F","FUELMAN MASTERCARD","CHDLZ","PREFERRED","DIESEL","","090153","REGULAR","2022-01-01","SPEEDWAY","STOCKTON","CA","CALIFORNIA","89145","CONTAINER","959968","DIESEL","DIESEL","85","5.3780","457.13","457.13","GAL","2022-01-01","1","USD","E","LINGARAJ, NAVEEN","0","F","CL191","2345 ASH ST.","","93204-0000","PM003","0","NO","457.13","0","0","0","0","3500266","3850266","FALLON LOGISTICS","LAX","FALLON LOGISTICS","WILSON1","2022-01-03 00:00:00","EXPORTED FOR PAYMENT","MARTIN1","2022-01-18 00:00:00","CST","WILLIAMS1","2022-01-03 00:00:00","202201","","Other Auxiliary Equipment","0.1"
"617191","SFO","77SFO","S2073","001000267","F","FUELMAN MASTERCARD","CHDLZ","PREFERRED","PREMIUM UNLEADED","","097759","REGULAR","2022-01-01","LOVES TRAVEL STOP","VISALIA","CA","CALIFORNIA","81659","TRACTOR(DAY)","945952","UNLEADED GASOLINE","GASOLINE","126","5.0960","642.10","642.10","GAL","2022-01-01","1","USD","E","LINGARAJ, NAVEEN","0","F","CL191","0123 WILLOW AVE.","","93204-0000","PM003","0","NO","642.10","0","0","0","0","3500267","3850267","FALLON LOGISTICS","SFO","FALLON LOGISTICS","DAVIS1","2022-01-03 00:00:00","EXPORTED FOR PAYMENT","TAYLOR1","2022-01-18 00:00:00","CST","MILLER1","2022-01-03 00:00:00","202201","","Other Auxiliary Equipment","0.1"
"617192","PHX","77PHX","S2066","001000268","F","FUELMAN MASTERCARD","CHDLZ","PREFERRED","UNLEADED GASOLINE","","092296","REGULAR","2022-01-01","CHEVRON FUEL","FRESNO","CA","CALIFORNIA","86495","TRUCK(STRAIGHT)","505716","DIESEL","UNLEADED","69","4.8040","331.48","331.48","GAL","2022-01-01","1","USD","E","LINGARAJ, NAVEEN","0","F","CL191","5678 OAK AVE.","","93204-0000","PM003","0","NO","331.48","0","0","0","0","3500268","3850268","FALLON LOGISTICS","PHX","FALLON LOGISTICS","VEMURIB1","2022-01-03 00:00:00","EXPORTED FOR PAYMENT","CAPWELA1","2022-01-18 00:00:00","CST","BROWN1","2022-01-03 00:00:00","202201","","Other Auxiliary Equipment","0.1"
"617193","OGG","77OGG","S2069","001000269","F","FUELMAN MASTERCARD","CHDLZ","PREFERRED","DIESEL #2 ULTRA-LOW SULFUR CARB WIT","","094389","REGULAR","2022-01-01","EXXON MOBIL","BAKERSFIELD","CA","CALIFORNIA","85905","TRACTOR(DAY)","663886","DIESEL","GASOLINE","103","4.3310","446.09","446.09","GAL","2022-01-01","1","USD","E","LINGARAJ, NAVEEN","0","F","CL191","9012 ELM ST.","","93204-0000","PM003","0","NO","446.09","0","0","0","0","3500269","3850269","FALLON LOGISTICS","OGG","FALLON LOGISTICS","BROWN1","2022-01-03 00:00:00","EXPORTED FOR PAYMENT","MARTIN1","2022-01-18 00:00:00","CST","WILSON1","2022-01-03 00:00:00","202201","","Other Auxiliary Equipment","0.1"
"617194","LAS","77LAS","S2068","001000270","F","FUELMAN MASTERCARD","CHDLZ","PREFERRED","DIESEL #2 ULTRA-LOW SULFUR CARB WIT","","099048","REGULAR","2022-01-01","PILOT FLYING J","MODESTO","CA","CALIFORNIA","82922","FLATBED","688769","PREMIUM UNLEADED","GASOLINE","57","3.7400","213.18","213.18","GAL","2022-01-01","1","USD","E","LINGARAJ, NAVEEN","0","F","CL191","6789 BIRCH ST.","","93204-0000","PM003","0","NO","213.18","0","0","0","0","3500270","3850270","FALLON LOGISTICS","LAS","FALLON LOGISTICS","JONES1","2022-01-03 00:00:00","EXPORTED FOR PAYMENT","JOHNSON1","2022-01-18 00:00:00","CST","DAVIS1","2022-01-03 00:00:00","202201","","Other Auxiliary Equipment","0.1"
"617195","PDX","77PDX","S2073","001000271","F","FUELMAN MASTERCARD","CHDLZ","PREFERRED","UNLEADED GASOLINE","","095891","REGULAR","2022-01-01","CHEVRON FUEL","FRESNO","CA","CALIFORNIA","85609","TRACTOR(SLEEP)","661403","UNLEADED GASOLINE","DIESEL","81","4.0560","328.54","328.54","GAL","2022-01-01","1","USD","E","LINGARAJ, NAVEEN","0","F","CL191","5678 OAK AVE.","","93204-0000","PM003","0","NO","328.54","0","0","0","0","3500271","3850271","FALLON LOGISTICS","PDX","FALLON LOGISTICS","JONES1","2022-01-03 00:00:00","EXPORTED FOR PAYMENT","THOMAS1","2022-01-18 00:00:00","CST","MILLER1","2022-01-03 00:00:00","202201","","Other Auxiliary Equipment","0.1"
"617196","PDX","77PDX","S2069","001000272","F","FUELMAN MASTERCARD","CHDLZ","PREFERRED","DIESEL #2 ULTRA-LOW SULFUR CARB WIT","","099444","REGULAR","2022-01-01","PILOT FLYING J","MODESTO","CA","CALIFORNIA","81793","FLATBED","941053","DIESEL","UNLEADED","77","3.5900","276.43","276.43","GAL","2022-01-01","1","USD","E","LINGARAJ, NAVEEN","0","F","CL191","6789 BIRCH ST.","","93204-0000","PM003","0","NO","276.43","0","0","0","0","3500272","3850272","FALLON LOGISTICS","PDX","FALLON LOGISTICS","JONES1","2022-01-03 00:00:00","EXPORTED FOR PAYMENT","CAPWELA1","2022-01-18 00:00:00","CST","BROWN1","2022-01-03 00:00:00","202201","","Other Auxiliary Equipment","0.1"
"617197","DEN","77DEN","S2071","001000273","F","FUELMAN MASTERCARD","CHDLZ","PREFERRED","PREMIUM UNLEADED","","098398","REGULAR","2022-01-01","LOVES TRAVEL STOP","VISALIA","CA","CALIFORNIA","81886","TANKER","535090","DIESEL #2 ULTRA-LOW SULFUR CARB WIT","DIESEL","84","3.9580","332.47","332.47","GAL","2022-01-01","1","USD","E","LINGARAJ, NAVEEN","0","F","CL191","0123 WILLOW AVE.","","93204-0000","PM003","0","NO","332.47","0","0","0","0","3500273","3850273","FALLON LOGISTICS","DEN","FALLON LOGISTICS","SMITH1","2022-01-03 00:00:00","EXPORTED FOR PAYMENT","MOORE1","2022-01-18 00:00:00","CST","SMITH1","2022-01-03 00:00:00","202201","","Other Auxiliary Equipment","0.1"
"617198","FNL","77FNL","S2071","001000274","F","FUELMAN MASTERCARD","CHDLZ","PREFERRED","PREMIUM UNLEADED","","097321","REGULAR","2022-01-01","SHELL GAS STATION","LOS ANGELES","CA","CALIFORNIA","83888","FLATBED","998395","DIESEL #2 ULTRA-LOW SULFUR CARB WIT","UNLEADED","108","4.5400","490.32","490.32","GAL","2022-01-01","1","USD","E","LINGARAJ, NAVEEN","0","F","CL191","1234 MAIN ST.","","93204-0000","PM003","0","NO","490.32","0","0","0","0","3500274","3850274","FALLON LOGISTICS","FNL","FALLON LOGISTICS","WILLIAMS1","2022-01-03 00:00:00","EXPORTED FOR PAYMENT","JACKSON1","2022-01-18 00:00:00","CST","JONES1","2022-01-03 00:00:00","202201","","Other Auxiliary Equipment","0.1"
"617199","OGG","77OGG","S2070","001000275","F","FUELMAN MASTERCARD","CHDLZ","PREFERRED","UNLEADED GASOLINE","","093908","REGULAR","2022-01-01","PILOT FLYING J","MODESTO","CA","CALIFORNIA","88151","CONTAINER","756009","PREMIUM UNLEADED","PREMIUM","51","4.1420","211.24","211.24","GAL","2022-01-01","1","USD","E","LINGARAJ, NAVEEN","0","F","CL191","6789 BIRCH ST.","","93204-0000","PM003","0","NO","211.24","0","0","0","0","3500275","3850275","FALLON LOGISTICS","OGG","FALLON LOGISTICS","WILLIAMS1","2022-01-03 00:00:00","EXPORTED FOR PAYMENT","JOHNSON1","2022-01-18 00:00:00","CST","BROWN1","2022-01-03 00:00:00","202201","","Other Auxiliary Equipment","0.1"
"617200","LAS","77LAS","S2073","001000276","F","FUELMAN MASTERCARD","CHDLZ","PREFERRED","PREMIUM UNLEADED","","093157","REGULAR","2022-01-01","SHELL GAS STATION","LOS ANGELES","CA","CALIFORNIA","81913","TANKER","857636","DIESEL","UNLEADED","97","5.0530","490.14","490.14","GAL","2022-01-01","1","USD","E","LINGARAJ, NAVEEN","0","F","CL191","1234 MAIN ST.","","93204-0000","PM003","0","NO","490.14","0","0","0","0","3500276","3850276","FALLON LOGISTICS","LAS","FALLON LOGISTICS","WILLIAMS1","2022-01-03 00:00:00","EXPORTED FOR PAYMENT","ANDERSON1","2022-01-18 00:00:00","CST","DAVIS1","2022-01-03 00:00:00","202201","","Other Auxiliary Equipment","0.1"
"617201","SFO","77SFO","S2073","001000277","F","FUELMAN MASTERCARD","CHDLZ","PREFERRED","PREMIUM UNLEADED","","090731","REGULAR","2022-01-01","TA PETRO","FONTANA","CA","CALIFORNIA","84276","FLATBED","957229","DIESEL","GASOLINE","145","5.2050","754.72","754.72","GAL","2022-01-01","1","USD","E","LINGARAJ, NAVEEN","0","F","CL191","4567 CEDAR ST.","","93204-0000","PM003","0","NO","754.72","0","0","0","0","3500277","3850277","FALLON LOGISTICS","SFO","FALLON LOGISTICS","MILLER1","2022-01-03 00:00:00","EXPORTED FOR PAYMENT","MARTIN1","2022-01-18 00:00:00","CST","SMITH1","2022-01-03 00:00:00","202201","","Other Auxiliary Equipment","0.1"
"617202","DEN","77DEN","S2074","001000278","F","FUELMAN MASTERCARD","CHDLZ","PREFERRED","UNLEADED GASOLINE","","095942","REGULAR","2022-01-01","PILOT FLYING J","MODESTO","CA","CALIFORNIA","84480","VAN","658839","UNLEADED GASOLINE","PREMIUM","93","4.2890","398.88","398.88","GAL","2022-01-01","1","USD","E","LINGARAJ, NAVEEN","0","F","CL191","6789 BIRCH ST.","","93204-0000","PM003","0","NO","398.88","0","0","0","0","3500278","3850278","FALLON LOGISTICS","DEN","FALLON LOGISTICS","VEMURIB1","2022-01-03 00:00:00","EXPORTED FOR PAYMENT","TAYLOR1","2022-01-18 00:00:00","CST","JONES1","2022-01-03 00:00:00","202201","","Other Auxiliary Equipment","0.1"
"617203","SFO","77SFO","S2069","001000279","F","FUELMAN MASTERCARD","CHDLZ","PREFERRED","UNLEADED GASOLINE","","093398","REGULAR","2022-01-01","PILOT FLYING J","MODESTO","CA","CALIFORNIA","83611","TRUCK(STRAIGHT)","542339","PREMIUM UNLEADED","DIESEL","60","4.1280","247.68","247.68","GAL","2022-01-01","1","USD","E","LINGARAJ, NAVEEN","0","F","CL191","6789 BIRCH ST.","","93204-0000","PM003","0","NO","247.68","0","0","0","0","3500279","3850279","FALLON LOGISTICS","SFO","FALLON LOGISTICS","SMITH1","2022-01-03 00:00:00","EXPORTED FOR PAYMENT","TAYLOR1","2022-01-18 00:00:00","CST","VEMURIB1","2022-01-03 00:00:00","202201","","Other Auxiliary Equipment","0.1"
"617204","LAS","77LAS","S2073","001000280","F","FUELMAN MASTERCARD","CHDLZ","PREFERRED","PREMIUM UNLEADED","","095416","REGULAR","2022-01-01","SHELL GAS STATION","LOS ANGELES","CA","CALIFORNIA","83437","FLATBED","778291","DIESEL","GASOLINE","92","3.9330","361.84","361.84","GAL","2022-01-01","1","USD","E","LINGARAJ, NAVEEN","0","F","CL191","1234 MAIN ST.","","93204-0000","PM003","0","NO","361.84","0","0","0","0","3500280","3850280","FALLON LOGISTICS","LAS","FALLON LOGISTICS","JONES1","2022-01-03 00:00:00","EXPORTED FOR PAYMENT","ANDERSON1","2022-01-18 00:00:00","CST","DAVIS1","2022-01-03 00:00:00","202201","","Other Auxiliary Equipment","0.1"
"617205","DEN","77DEN","S2068","001000281","F","FUELMAN MASTERCARD","CHDLZ","PREFERRED","DIESEL #2 ULTRA-LOW SULFUR CARB WIT","","099819","REGULAR","2022-01-01","PILOT FLYING J","MODESTO","CA","CALIFORNIA","88918","TRACTOR(DAY)","677297","DIESEL #2 ULTRA-LOW SULFUR CARB WIT","GASOLINE","51","4.4890","228.94","228.94","GAL","2022-01-01","1","USD","E","LINGARAJ, NAVEEN","0","F","CL191","6789 BIRCH ST.","","93204-0000","PM003","0","NO","228.94","0","0","0","0","3500281","3850281","FALLON LOGISTICS","DEN","FALLON LOGISTICS","BROWN1","2022-01-03 00:00:00","EXPORTED FOR PAYMENT","JOHNSON1","2022-01-18 00:00:00","CST","WILLIAMS1","2022-01-03 00:00:00","202201","","Other Auxiliary Equipment","0.1"
"617206","DEN","77DEN","S2068","001000282","F","FUELMAN MASTERCARD","CHDLZ","PREFERRED","UNLEADED GASOLINE","","095766","REGULAR","2022-01-01","ONE9 EZ TRIP 1277","AVENAL","CA","CALIFORNIA","84866","TRAILER","818419","DIESEL #2 ULTRA-LOW SULFUR CARB WIT","GASOLINE","87","4.2590","370.53","370.53","GAL","2022-01-01","1","USD","E","LINGARAJ, NAVEEN","0","F","CL191","44779 S. LASSEN AVE.","","93204-0000","PM003","0","NO","370.53","0","0","0","0","3500282","3850282","FALLON LOGISTICS","DEN","FALLON LOGISTICS","JONES1","2022-01-03 00:00:00","EXPORTED FOR PAYMENT","ANDERSON1","2022-01-18 00:00:00","CST","DAVIS1","2022-01-03 00:00:00","202201","","Other Auxiliary Equipment","0.1"
"617207","SEA","77SEA","S2074","001000283","F","FUELMAN MASTERCARD","CHDLZ","PREFERRED","PREMIUM UNLEADED","","090349","REGULAR","2022-01-01","SUNOCO STATION","SAN DIEGO","CA","CALIFORNIA","89317","CONTAINER","926720","DIESEL #2 ULTRA-LOW SULFUR CARB WIT","GASOLINE","55","4.2330","232.81","232.81","GAL","2022-01-01","1","USD","E","LINGARAJ, NAVEEN","0","F","CL191","7890 MAPLE AVE.","","93204-0000","PM003","0","NO","232.81","0","0","0","0","3500283","3850283","FALLON LOGISTICS","SEA","FALLON LOGISTICS","SMITH1","2022-01-03 00:00:00","EXPORTED FOR PAYMENT","JOHNSON1","2022-01-18 00:00:00","CST","WILLIAMS1","2022-01-03 00:00:00","202201","","Other Auxiliary Equipment","0.1"
"617208","FNL","77FNL","S2073","001000284","F","FUELMAN MASTERCARD","CHDLZ","PREFERRED","DIESEL #2 ULTRA-LOW SULFUR CARB WIT","","099112","REGULAR","2022-01-01","TA PETRO","FONTANA","CA","CALIFORNIA","88138","VAN","551204","PREMIUM UNLEADED","DIESEL","137","4.0980","561.43","561.43","GAL","2022-01-01","1","USD","E","LINGARAJ, NAVEEN","0","F","CL191","4567 CEDAR ST.","","93204-0000","PM003","0","NO","561.43","0","0","0","0","3500284","3850284","FALLON LOGISTICS","FNL","FALLON LOGISTICS","MILLER1","2022-01-03 00:00:00","EXPORTED FOR PAYMENT","MOORE1","2022-01-18 00:00:00","CST","JONES1","2022-01-03 00:00:00","202201","","Other Auxiliary Equipment","0.1"
"617209","FNL","77FNL","S2065","001000285","F","FUELMAN MASTERCARD","CHDLZ","PREFERRED","DIESEL #2 ULTRA-LOW SULFUR CARB WIT","","093831","REGULAR","2022-01-01","ONE9 EZ TRIP 1277","AVENAL","CA","CALIFORNIA","86820","TANKER","942396","DIESEL","PREMIUM","119","4.4830","533.48","533.48","GAL","2022-01-01","1","USD","E","LINGARAJ, NAVEEN","0","F","CL191","44779 S. LASSEN AVE.","","93204-0000","PM003","0","NO","533.48","0","0","0","0","3500285","3850285","FALLON LOGISTICS","FNL","FALLON LOGISTICS","DAVIS1","2022-01-03 00:00:00","EXPORTED FOR PAYMENT","TAYLOR1","2022-01-18 00:00:00","CST","WILLIAMS1","2022-01-03 00:00:00","202201","","Other Auxiliary Equipment","0.1"
"617210","SFO","77SFO","S2071","001000286","F","FUELMAN MASTERCARD","CHDLZ","PREFERRED","PREMIUM UNLEADED","","093316","REGULAR","2022-01-01","ONE9 EZ TRIP 1277","AVENAL","CA","CALIFORNIA","86288","TRACTOR(SLEEP)","744825","PREMIUM UNLEADED","DIESEL","56","4.1740","233.74","233.74","GAL","2022-01-01","1","USD","E","LINGARAJ, NAVEEN","0","F","CL191","44779 S. LASSEN AVE.","","93204-0000","PM003","0","NO","233.74","0","0","0","0","3500286","3850286","FALLON LOGISTICS","SFO","FALLON LOGISTICS","DAVIS1","2022-01-03 00:00:00","EXPORTED FOR PAYMENT","TAYLOR1","2022-01-18 00:00:00","CST","VEMURIB1","2022-01-03 00:00:00","202201","","Other Auxiliary Equipment","0.1"
"617211","DEN","77DEN","S2068","001000287","F","FUELMAN MASTERCARD","CHDLZ","PREFERRED","DIESEL","","092158","REGULAR","2022-01-01","BP FUEL STOP","SACRAMENTO","CA","CALIFORNIA","81389","TRUCK(STRAIGHT)","918402","DIESEL #2 ULTRA-LOW SULFUR CARB WIT","UNLEADED","142","5.3220","755.72","755.72","GAL","2022-01-01","1","USD","E","LINGARAJ, NAVEEN","0","F","CL191","3456 PINE ST.","","93204-0000","PM003","0","NO","755.72","0","0","0","0","3500287","3850287","FALLON LOGISTICS","DEN","FALLON LOGISTICS","BROWN1","2022-01-03 00:00:00","EXPORTED FOR PAYMENT","JOHNSON1","2022-01-18 00:00:00","CST","WILLIAMS1","2022-01-03 00:00:00","202201","","Other Auxiliary Equipment","0.1"
"617212","FNL","77FNL","S2065","001000288","F","FUELMAN MASTERCARD","CHDLZ","PREFERRED","DIESEL #2 ULTRA-LOW SULFUR CARB WIT","","095183","REGULAR","2022-01-01","ONE9 EZ TRIP 1277","AVENAL","CA","CALIFORNIA","83377","TRACTOR(DAY)","951157","UNLEADED GASOLINE","UNLEADED","79","5.0100","395.79","395.79","GAL","2022-01-01","1","USD","E","LINGARAJ, NAVEEN","0","F","CL191","44779 S. LASSEN AVE.","","93204-0000","PM003","0","NO","395.79","0","0","0","0","3500288","3850288","FALLON LOGISTICS","FNL","FALLON LOGISTICS","SMITH1","2022-01-03 00:00:00","EXPORTED FOR PAYMENT","JOHNSON1","2022-01-18 00:00:00","CST","VEMURIB1","2022-01-03 00:00:00","202201","","Other Auxiliary Equipment","0.1"
"617213","FNL","77FNL","S2065","001000289","F","FUELMAN MASTERCARD","CHDLZ","PREFERRED","DIESEL #2 ULTRA-LOW SULFUR CARB WIT","","097117","REGULAR","2022-01-01","EXXON MOBIL","BAKERSFIELD","CA","CALIFORNIA","87031","TRAILER","810219","PREMIUM UNLEADED","UNLEADED","90","5.3890","485.01","485.01","GAL","2022-01-01","1","USD","E","LINGARAJ, NAVEEN","0","F","CL191","9012 ELM ST.","","93204-0000","PM003","0","NO","485.01","0","0","0","0","3500289","3850289","FALLON LOGISTICS","FNL","FALLON LOGISTICS","JONES1","2022-01-03 00:00:00","EXPORTED FOR PAYMENT","ANDERSON1","2022-01-18 00:00:00","CST","DAVIS1","2022-01-03 00:00:00","202201","","Other Auxiliary Equipment","0.1"
"617214","FNL","77FNL","S2074","001000290","F","FUELMAN MASTERCARD","CHDLZ","PREFERRED","PREMIUM UNLEADED","","099467","REGULAR","2022-01-01","SUNOCO STATION","SAN DIEGO","CA","CALIFORNIA","88300","TRUCK(STRAIGHT)","960354","PREMIUM UNLEADED","GASOLINE","120","5.0030","600.36","600.36","GAL","2022-01-01","1","USD","E","LINGARAJ, NAVEEN","0","F","CL191","7890 MAPLE AVE.","","93204-0000","PM003","0","NO","600.36","0","0","0","0","3500290","3850290","FALLON LOGISTICS","FNL","FALLON LOGISTICS","MILLER1","2022-01-03 00:00:00","EXPORTED FOR PAYMENT","TAYLOR1","2022-01-18 00:00:00","CST","WILLIAMS1","2022-01-03 00:00:00","202201","","Other Auxiliary Equipment","0.1"
"617215","LAX","77LAX","S2072","001000291","F","FUELMAN MASTERCARD","CHDLZ","PREFERRED","DIESEL","","091552","REGULAR","2022-01-01","TA PETRO","FONTANA","CA","CALIFORNIA","83925","TRACTOR(SLEEP)","638572","PREMIUM UNLEADED","PREMIUM","105","3.6070","378.74","378.74","GAL","2022-01-01","1","USD","E","LINGARAJ, NAVEEN","0","F","CL191","4567 CEDAR ST.","","93204-0000","PM003","0","NO","378.74","0","0","0","0","3500291","3850291","FALLON LOGISTICS","LAX","FALLON LOGISTICS","VEMURIB1","2022-01-03 00:00:00","EXPORTED FOR PAYMENT","JOHNSON1","2022-01-18 00:00:00","CST","BROWN1","2022-01-03 00:00:00","202201","","Other Auxiliary Equipment","0.1"
"617216","SEA","77SEA","S2069","001000292","F","FUELMAN MASTERCARD","CHDLZ","PREFERRED","PREMIUM UNLEADED","","092946","REGULAR","2022-01-01","BP FUEL STOP","SACRAMENTO","CA","CALIFORNIA","81484","TRAILER","710389","PREMIUM UNLEADED","GASOLINE","53","3.6780","194.93","194.93","GAL","2022-01-01","1","USD","E","LINGARAJ, NAVEEN","0","F","CL191","3456 PINE ST.","","93204-0000","PM003","0","NO","194.93","0","0","0","0","3500292","3850292","FALLON LOGISTICS","SEA","FALLON LOGISTICS","BROWN1","2022-01-03 00:00:00","EXPORTED FOR PAYMENT","MOORE1","2022-01-18 00:00:00","CST","MILLER1","2022-01-03 00:00:00","202201","","Other Auxiliary Equipment","0.1"
"617217","SFO","77SFO","S2069","001000293","F","FUELMAN MASTERCARD","CHDLZ","PREFERRED","PREMIUM UNLEADED","","097397","REGULAR","2022-01-01","TA PETRO","FONTANA","CA","CALIFORNIA","82164","TRUCK(STRAIGHT)","814948","DIESEL #2 ULTRA-LOW SULFUR CARB WIT","UNLEADED","95","3.7530","356.54","356.54","GAL","2022-01-01","1","USD","E","LINGARAJ, NAVEEN","0","F","CL191","4567 CEDAR ST.","","93204-0000","PM003","0","NO","356.54","0","0","0","0","3500293","3850293","FALLON LOGISTICS","SFO","FALLON LOGISTICS","WILSON1","2022-01-03 00:00:00","EXPORTED FOR PAYMENT","ANDERSON1","2022-01-18 00:00:00","CST","DAVIS1","2022-01-03 00:00:00","202201","","Other Auxiliary Equipment","0.1"
"617218","SAN","77SAN","S2070","001000294","F","FUELMAN MASTERCARD","CHDLZ","PREFERRED","DIESEL","","096406","REGULAR","2022-01-01","SHELL GAS STATION","LOS ANGELES","CA","CALIFORNIA","88639","TRACTOR(SLEEP)","961119","DIESEL","DIESEL","136","3.8850","528.36","528.36","GAL","2022-01-01","1","USD","E","LINGARAJ, NAVEEN","0","F","CL191","1234 MAIN ST.","","93204-0000","PM003","0","NO","528.36","0","0","0","0","3500294","3850294","FALLON LOGISTICS","SAN","FALLON LOGISTICS","VEMURIB1","2022-01-03 00:00:00","EXPORTED FOR PAYMENT","CAPWELA1","2022-01-18 00:00:00","CST","SMITH1","2022-01-03 00:00:00","202201","","Other Auxiliary Equipment","0.1"
"617219","SFO","77SFO","S2069","001000295","F","FUELMAN MASTERCARD","CHDLZ","PREFERRED","UNLEADED GASOLINE","","092945","REGULAR","2022-01-01","LOVES TRAVEL STOP","VISALIA","CA","CALIFORNIA","86084","CONTAINER","590775","UNLEADED GASOLINE","DIESEL","70","4.6420","324.94","324.94","GAL","2022-01-01","1","USD","E","LINGARAJ, NAVEEN","0","F","CL191","0123 WILLOW AVE.","","93204-0000","PM003","0","NO","324.94","0","0","0","0","3500295","3850295","FALLON LOGISTICS","SFO","FALLON LOGISTICS","JONES1","2022-01-03 00:00:00","EXPORTED FOR PAYMENT","THOMAS1","2022-01-18 00:00:00","CST","SMITH1","2022-01-03 00:00:00","202201","","Other Auxiliary Equipment","0.1"
"617220","SFO","77SFO","S2074","001000296","F","FUELMAN MASTERCARD","CHDLZ","PREFERRED","UNLEADED GASOLINE","","093218","REGULAR","2022-01-01","CHEVRON FUEL","FRESNO","CA","CALIFORNIA","88146","CONTAINER","624941","DIESEL #2 ULTRA-LOW SULFUR CARB WIT","GASOLINE","66","4.5880","302.81","302.81","GAL","2022-01-01","1","USD","E","LINGARAJ, NAVEEN","0","F","CL191","5678 OAK AVE.","","93204-0000","PM003","0","NO","302.81","0","0","0","0","3500296","3850296","FALLON LOGISTICS","SFO","FALLON LOGISTICS","DAVIS1","2022-01-03 00:00:00","EXPORTED FOR PAYMENT","TAYLOR1","2022-01-18 00:00:00","CST","DAVIS1","2022-01-03 00:00:00","202201","","Other Auxiliary Equipment","0.1"
"617221","LAX","77LAX","S2065","001000297","F","FUELMAN MASTERCARD","CHDLZ","PREFERRED","UNLEADED GASOLINE","","093504","REGULAR","2022-01-01","SPEEDWAY","STOCKTON","CA","CALIFORNIA","84314","TRACTOR(DAY)","853223","DIESEL","UNLEADED","67","5.1810","347.13","347.13","GAL","2022-01-01","1","USD","E","LINGARAJ, NAVEEN","0","F","CL191","2345 ASH ST.","","93204-0000","PM003","0","NO","347.13","0","0","0","0","3500297","3850297","FALLON LOGISTICS","LAX","FALLON LOGISTICS","WILLIAMS1","2022-01-03 00:00:00","EXPORTED FOR PAYMENT","THOMAS1","2022-01-18 00:00:00","CST","VEMURIB1","2022-01-03 00:00:00","202201","","Other Auxiliary Equipment","0.1"
"617222","OGG","77OGG","S2070","001000298","F","FUELMAN MASTERCARD","CHDLZ","PREFERRED","UNLEADED GASOLINE","","095040","REGULAR","2022-01-01","ONE9 EZ TRIP 1277","AVENAL","CA","CALIFORNIA","86961","FLATBED","700021","DIESEL #2 ULTRA-LOW SULFUR CARB WIT","DIESEL","145","4.0790","591.45","591.45","GAL","2022-01-01","1","USD","E","LINGARAJ, NAVEEN","0","F","CL191","44779 S. LASSEN AVE.","","93204-0000","PM003","0","NO","591.45","0","0","0","0","3500298","3850298","FALLON LOGISTICS","OGG","FALLON LOGISTICS","WILSON1","2022-01-03 00:00:00","EXPORTED FOR PAYMENT","JACKSON1","2022-01-18 00:00:00","CST","JONES1","2022-01-03 00:00:00","202201","","Other Auxiliary Equipment","0.1"
"617223","SFO","77SFO","S2066","001000299","F","FUELMAN MASTERCARD","CHDLZ","PREFERRED","UNLEADED GASOLINE","","090467","REGULAR","2022-01-01","SPEEDWAY","STOCKTON","CA","CALIFORNIA","84575","FLATBED","926229","PREMIUM UNLEADED","UNLEADED","72","5.2410","377.35","377.35","GAL","2022-01-01","1","USD","E","LINGARAJ, NAVEEN","0","F","CL191","2345 ASH ST.","","93204-0000","PM003","0","NO","377.35","0","0","0","0","3500299","3850299","FALLON LOGISTICS","SFO","FALLON LOGISTICS","MILLER1","2022-01-03 00:00:00","EXPORTED FOR PAYMENT","TAYLOR1","2022-01-18 00:00:00","CST","VEMURIB1","2022-01-03 00:00:00","202201","","Other Auxiliary Equipment","0.1"
"617224","SAN","77SAN","S2073","001000300","F","FUELMAN MASTERCARD","CHDLZ","PREFERRED","UNLEADED GASOLINE","","094785","REGULAR","2022-01-01","SHELL GAS STATION","LOS ANGELES","CA","CALIFORNIA","84885","TRUCK(STRAIGHT)","708900","UNLEADED GASOLINE","PREMIUM","127","3.6080","458.22","458.22","GAL","2022-01-01","1","USD","E","LINGARAJ, NAVEEN","0","F","CL191","1234 MAIN ST.","","93204-0000","PM003","0","NO","458.22","0","0","0","0","3500300","3850300","FALLON LOGISTICS","SAN","FALLON LOGISTICS","VEMURIB1","2022-01-03 00:00:00","EXPORTED FOR PAYMENT","MOORE1","2022-01-18 00:00:00","CST","WILSON1","2022-01-03 00:00:00","202201","","Other Auxiliary Equipment","0.1"
"617225","OGG","77OGG","S2070","001000301","F","FUELMAN MASTERCARD","CHDLZ","PREFERRED","PREMIUM UNLEADED","","093214","REGULAR","2022-01-01","TA PETRO","FONTANA","CA","CALIFORNIA","88378","FLATBED","834282","DIESEL","PREMIUM","82","5.4060","443.29","443.29","GAL","2022-01-01","1","USD","E","LINGARAJ, NAVEEN","0","F","CL191","4567 CEDAR ST.","","93204-0000","PM003","0","NO","443.29","0","0","0","0","3500301","3850301","FALLON LOGISTICS","OGG","FALLON LOGISTICS","JONES1","2022-01-03 00:00:00","EXPORTED FOR PAYMENT","THOMAS1","2022-01-18 00:00:00","CST","WILLIAMS1","2022-01-03 00:00:00","202201","","Other Auxiliary Equipment","0.1"
"617226","SFO","77SFO","S2074","001000302","F","FUELMAN MASTERCARD","CHDLZ","PREFERRED","UNLEADED GASOLINE","","093233","REGULAR","2022-01-01","BP FUEL STOP","SACRAMENTO","CA","CALIFORNIA","84941","CONTAINER","968705","DIESEL","UNLEADED","81","4.9640","402.08","402.08","GAL","2022-01-01","1","USD","E","LINGARAJ, NAVEEN","0","F","CL191","3456 PINE ST.","","93204-0000","PM003","0","NO","402.08","0","0","0","0","3500302","3850302","FALLON LOGISTICS","SFO","FALLON LOGISTICS","MILLER1","2022-01-03 00:00:00","EXPORTED FOR PAYMENT","MOORE1","2022-01-18 00:00:00","CST","WILLIAMS1","2022-01-03 00:00:00","202201","","Other Auxiliary Equipment","0.1"
"617227","OGG","77OGG","S2067","001000303","F","FUELMAN MASTERCARD","CHDLZ","PREFERRED","DIESEL","","097428","REGULAR","2022-01-01","CHEVRON FUEL","FRESNO","CA","CALIFORNIA","88504","VAN","649755","DIESEL #2 ULTRA-LOW SULFUR CARB WIT","PREMIUM","139","4.7880","665.53","665.53","GAL","2022-01-01","1","USD","E","LINGARAJ, NAVEEN","0","F","CL191","5678 OAK AVE.","","93204-0000","PM003","0","NO","665.53","0","0","0","0","3500303","3850303","FALLON LOGISTICS","OGG","FALLON LOGISTICS","DAVIS1","2022-01-03 00:00:00","EXPORTED FOR PAYMENT","JACKSON1","2022-01-18 00:00:00","CST","WILLIAMS1","2022-01-03 00:00:00","202201","","Other Auxiliary Equipment","0.1"
"617228","PHX","77PHX","S2069","001000304","F","FUELMAN MASTERCARD","CHDLZ","PREFERRED","DIESEL #2 ULTRA-LOW SULFUR CARB WIT","","092362","REGULAR","2022-01-01","SUNOCO STATION","SAN DIEGO","CA","CALIFORNIA","83091","TANKER","844083","DIESEL #2 ULTRA-LOW SULFUR CARB WIT","UNLEADED","76","4.8900","371.64","371.64","GAL","2022-01-01","1","USD","E","LINGARAJ, NAVEEN","0","F","CL191","7890 MAPLE AVE.","","93204-0000","PM003","0","NO","371.64","0","0","0","0","3500304","3850304","FALLON LOGISTICS","PHX","FALLON LOGISTICS","BROWN1","2022-01-03 00:00:00","EXPORTED FOR PAYMENT","MOORE1","2022-01-18 00:00:00","CST","WILSON1","2022-01-03 00:00:00","202201","","Other Auxiliary Equipment","0.1"
"617229","SAN","77SAN","S2073","001000305","F","FUELMAN MASTERCARD","CHDLZ","PREFERRED","PREMIUM UNLEADED","","090740","REGULAR","2022-01-01","EXXON MOBIL","BAKERSFIELD","CA","CALIFORNIA","88309","TRUCK(STRAIGHT)","600598","DIESEL","UNLEADED","139","4.4190","614.24","614.24","GAL","2022-01-01","1","USD","E","LINGARAJ, NAVEEN","0","F","CL191","9012 ELM ST.","","93204-0000","PM003","0","NO","614.24","0","0","0","0","3500305","3850305","FALLON LOGISTICS","SAN","FALLON LOGISTICS","WILLIAMS1","2022-01-03 00:00:00","EXPORTED FOR PAYMENT","MOORE1","2022-01-18 00:00:00","CST","JONES1","2022-01-03 00:00:00","202201","","Other Auxiliary Equipment","0.1"
"617230","PDX","77PDX","S2069","001000306","F","FUELMAN MASTERCARD","CHDLZ","PREFERRED","DIESEL","","091978","REGULAR","2022-01-01","LOVES TRAVEL STOP","VISALIA","CA","CALIFORNIA","82841","TRACTOR(DAY)","841259","UNLEADED GASOLINE","GASOLINE","85","5.4830","466.05","466.05","GAL","2022-01-01","1","USD","E","LINGARAJ, NAVEEN","0","F","CL191","0123 WILLOW AVE.","","93204-0000","PM003","0","NO","466.05","0","0","0","0","3500306","3850306","FALLON LOGISTICS","PDX","FALLON LOGISTICS","WILSON1","2022-01-03 00:00:00","EXPORTED FOR PAYMENT","MARTIN1","2022-01-18 00:00:00","CST","WILSON1","2022-01-03 00:00:00","202201","","Other Auxiliary Equipment","0.1"
"617231","DEN","77DEN","S2074","001000307","F","FUELMAN MASTERCARD","CHDLZ","PREFERRED","UNLEADED GASOLINE","","093350","REGULAR","2022-01-01","EXXON MOBIL","BAKERSFIELD","CA","CALIFORNIA","87481","FLATBED","844816","PREMIUM UNLEADED","PREMIUM","102","5.4870","559.67","559.67","GAL","2022-01-01","1","USD","E","LINGARAJ, NAVEEN","0","F","CL191","9012 ELM ST.","","93204-0000","PM003","0","NO","559.67","0","0","0","0","3500307","3850307","FALLON LOGISTICS","DEN","FALLON LOGISTICS","WILSON1","2022-01-03 00:00:00","EXPORTED FOR PAYMENT","MOORE1","2022-01-18 00:00:00","CST","MILLER1","2022-01-03 00:00:00","202201","","Other Auxiliary Equipment","0.1"
"617232","SAN","77SAN","S2066","001000308","F","FUELMAN MASTERCARD","CHDLZ","PREFERRED","UNLEADED GASOLINE","","094337","REGULAR","2022-01-01","SPEEDWAY","STOCKTON","CA","CALIFORNIA","80944","TRUCK(STRAIGHT)","733196","UNLEADED GASOLINE","DIESEL","81","4.3990","356.32","356.32","GAL","2022-01-01","1","USD","E","LINGARAJ, NAVEEN","0","F","CL191","2345 ASH ST.","","93204-0000","PM003","0","NO","356.32","0","0","0","0","3500308","3850308","FALLON LOGISTICS","SAN","FALLON LOGISTICS","VEMURIB1","2022-01-03 00:00:00","EXPORTED FOR PAYMENT","TAYLOR1","2022-01-18 00:00:00","CST","BROWN1","2022-01-03 00:00:00","202201","","Other Auxiliary Equipment","0.1"
"617233","LAX","77LAX","S2070","001000309","F","FUELMAN MASTERCARD","CHDLZ","PREFERRED","DIESEL #2 ULTRA-LOW SULFUR CARB WIT","","097118","REGULAR","2022-01-01","BP FUEL STOP","SACRAMENTO","CA","CALIFORNIA","82357","TRAILER","674922","DIESEL","DIESEL","56","4.4230","247.69","247.69","GAL","2022-01-01","1","USD","E","LINGARAJ, NAVEEN","0","F","CL191","3456 PINE ST.","","93204-0000","PM003","0","NO","247.69","0","0","0","0","3500309","3850309","FALLON LOGISTICS","LAX","FALLON LOGISTICS","SMITH1","2022-01-03 00:00:00","EXPORTED FOR PAYMENT","TAYLOR1","2022-01-18 00:00:00","CST","WILLIAMS1","2022-01-03 00:00:00","202201","","Other Auxiliary Equipment","0.1"
"617234","FNL","77FNL","S2068","001000310","F","FUELMAN MASTERCARD","CHDLZ","PREFERRED","DIESEL #2 ULTRA-LOW SULFUR CARB WIT","","093817","REGULAR","2022-01-01","SHELL GAS STATION","LOS ANGELES","CA","CALIFORNIA","82007","FLATBED","916849","UNLEADED GASOLINE","GASOLINE","55","5.1450","282.97","282.97","GAL","2022-01-01","1","USD","E","LINGARAJ, NAVEEN","0","F","CL191","1234 MAIN ST.","","93204-0000","PM003","0","NO","282.97","0","0","0","0","3500310","3850310","FALLON LOGISTICS","FNL","FALLON LOGISTICS","MILLER1","2022-01-03 00:00:00","EXPORTED FOR PAYMENT","CAPWELA1","2022-01-18 00:00:00","CST","VEMURIB1","2022-01-03 00:00:00","202201","","Other Auxiliary Equipment","0.1"
"617235","SAN","77SAN","S2069","001000311","F","FUELMAN MASTERCARD","CHDLZ","PREFERRED","DIESEL #2 ULTRA-LOW SULFUR CARB WIT","","096571","REGULAR","2022-01-01","SHELL GAS STATION","LOS ANGELES","CA","CALIFORNIA","81844","TANKER","816793","DIESEL","PREMIUM","88","3.5860","315.57","315.57","GAL","2022-01-01","1","USD","E","LINGARAJ, NAVEEN","0","F","CL191","1234 MAIN ST.","","93204-0000","PM003","0","NO","315.57","0","0","0","0","3500311","3850311","FALLON LOGISTICS","SAN","FALLON LOGISTICS","JONES1","2022-01-03 00:00:00","EXPORTED FOR PAYMENT","MARTIN1","2022-01-18 00:00:00","CST","VEMURIB1","2022-01-03 00:00:00","202201","","Other Auxiliary Equipment","0.1"
"617236","PHX","77PHX","S2070","001000312","F","FUELMAN MASTERCARD","CHDLZ","PREFERRED","PREMIUM UNLEADED","","093729","REGULAR","2022-01-01","SHELL GAS STATION","LOS ANGELES","CA","CALIFORNIA","83655","TANKER","960465","DIESEL #2 ULTRA-LOW SULFUR CARB WIT","UNLEADED","135","5.0220","677.97","677.97","GAL","2022-01-01","1","USD","E","LINGARAJ, NAVEEN","0","F","CL191","1234 MAIN ST.","","93204-0000","PM003","0","NO","677.97","0","0","0","0","3500312","3850312","FALLON LOGISTICS","PHX","FALLON LOGISTICS","VEMURIB1","2022-01-03 00:00:00","EXPORTED FOR PAYMENT","THOMAS1","2022-01-18 00:00:00","CST","WILSON1","2022-01-03 00:00:00","202201","","Other Auxiliary Equipment","0.1"
"617237","OGG","77OGG","S2071","001000313","F","FUELMAN MASTERCARD","CHDLZ","PREFERRED","UNLEADED GASOLINE","","093255","REGULAR","2022-01-01","TA PETRO","FONTANA","CA","CALIFORNIA","87337","TRACTOR(SLEEP)","635269","UNLEADED GASOLINE","PREMIUM","140","3.8650","541.10","541.10","GAL","2022-01-01","1","USD","E","LINGARAJ, NAVEEN","0","F","CL191","4567 CEDAR ST.","","93204-0000","PM003","0","NO","541.10","0","0","0","0","3500313","3850313","FALLON LOGISTICS","OGG","FALLON LOGISTICS","VEMURIB1","2022-01-03 00:00:00","EXPORTED FOR PAYMENT","JOHNSON1","2022-01-18 00:00:00","CST","BROWN1","2022-01-03 00:00:00","202201","","Other Auxiliary Equipment","0.1"
"617238","LAX","77LAX","S2065","001000314","F","FUELMAN MASTERCARD","CHDLZ","PREFERRED","DIESEL #2 ULTRA-LOW SULFUR CARB WIT","","093241","REGULAR","2022-01-01","PILOT FLYING J","MODESTO","CA","CALIFORNIA","86392","TRUCK(STRAIGHT)","968022","DIESEL #2 ULTRA-LOW SULFUR CARB WIT","GASOLINE","137","4.2280","579.24","579.24","GAL","2022-01-01","1","USD","E","LINGARAJ, NAVEEN","0","F","CL191","6789 BIRCH ST.","","93204-0000","PM003","0","NO","579.24","0","0","0","0","3500314","3850314","FALLON LOGISTICS","LAX","FALLON LOGISTICS","JONES1","2022-01-03 00:00:00","EXPORTED FOR PAYMENT","JOHNSON1","2022-01-18 00:00:00","CST","JONES1","2022-01-03 00:00:00","202201","","Other Auxiliary Equipment","0.1"
"617239","LAX","77LAX","S2071","001000315","F","FUELMAN MASTERCARD","CHDLZ","PREFERRED","PREMIUM UNLEADED","","092401","REGULAR","2022-01-01","SPEEDWAY","STOCKTON","CA","CALIFORNIA","81208","TANKER","753411","DIESEL","DIESEL","50","4.2170","210.85","210.85","GAL","2022-01-01","1","USD","E","LINGARAJ, NAVEEN","0","F","CL191","2345 ASH ST.","","93204-0000","PM003","0","NO","210.85","0","0","0","0","3500315","3850315","FALLON LOGISTICS","LAX","FALLON LOGISTICS","JONES1","2022-01-03 00:00:00","EXPORTED FOR PAYMENT","JOHNSON1","2022-01-18 00:00:00","CST","JONES1","2022-01-03 00:00:00","202201","","Other Auxiliary Equipment","0.1"
"617240","PDX","77PDX","S2073","001000316","F","FUELMAN MASTERCARD","CHDLZ","PREFERRED","DIESEL","","090417","REGULAR","2022-01-01","SHELL GAS STATION","LOS ANGELES","CA","CALIFORNIA","81063","FLATBED","626041","UNLEADED GASOLINE","DIESEL","124","3.7430","464.13","464.13","GAL","2022-01-01","1","USD","E","LINGARAJ, NAVEEN","0","F","CL191","1234 MAIN ST.","","93204-0000","PM003","0","NO","464.13","0","0","0","0","3500316","3850316","FALLON LOGISTICS","PDX","FALLON LOGISTICS","DAVIS1","2022-01-03 00:00:00","EXPORTED FOR PAYMENT","TAYLOR1","2022-01-18 00:00:00","CST","VEMURIB1","2022-01-03 00:00:00","202201","","Other Auxiliary Equipment","0.1"
"617241","PDX","77PDX","S2067","001000317","F","FUELMAN MASTERCARD","CHDLZ","PREFERRED","UNLEADED GASOLINE","","099476","REGULAR","2022-01-01","CHEVRON FUEL","FRESNO","CA","CALIFORNIA","82885","CONTAINER","659457","UNLEADED GASOLINE","PREMIUM","109","5.1040","556.34","556.34","GAL","2022-01-01","1","USD","E","LINGARAJ, NAVEEN","0","F","CL191","5678 OAK AVE.","","93204-0000","PM003","0","NO","556.34","0","0","0","0","3500317","3850317","FALLON LOGISTICS","PDX","FALLON LOGISTICS","WILLIAMS1","2022-01-03 00:00:00","EXPORTED FOR PAYMENT","THOMAS1","2022-01-18 00:00:00","CST","JONES1","2022-01-03 00:00:00","202201","","Other Auxiliary Equipment","0.1"
"617242","FNL","77FNL","S2066","001000318","F","FUELMAN MASTERCARD","CHDLZ","PREFERRED","DIESEL","","095207","REGULAR","2022-01-01","EXXON MOBIL","BAKERSFIELD","CA","CALIFORNIA","82397","VAN","517061","DIESEL #2 ULTRA-LOW SULFUR CARB WIT","GASOLINE","56","4.8290","270.42","270.42","GAL","2022-01-01","1","USD","E","LINGARAJ, NAVEEN","0","F","CL191","9012 ELM ST.","","93204-0000","PM003","0","NO","270.42","0","0","0","0","3500318","3850318","FALLON LOGISTICS","FNL","FALLON LOGISTICS","SMITH1","2022-01-03 00:00:00","EXPORTED FOR PAYMENT","MARTIN1","2022-01-18 00:00:00","CST","MILLER1","2022-01-03 00:00:00","202201","","Other Auxiliary Equipment","0.1"
"617243","PDX","77PDX","S2074","001000319","F","FUELMAN MASTERCARD","CHDLZ","PREFERRED","UNLEADED GASOLINE","","090117","REGULAR","2022-01-01","SPEEDWAY","STOCKTON","CA","CALIFORNIA","81125","TRACTOR(SLEEP)","673740","PREMIUM UNLEADED","DIESEL","128","3.9330","503.42","503.42","GAL","2022-01-01","1","USD","E","LINGARAJ, NAVEEN","0","F","CL191","2345 ASH ST.","","93204-0000","PM003","0","NO","503.42","0","0","0","0","3500319","3850319","FALLON LOGISTICS","PDX","FALLON LOGISTICS","WILLIAMS1","2022-01-03 00:00:00","EXPORTED FOR PAYMENT","MARTIN1","2022-01-18 00:00:00","CST","MILLER1","2022-01-03 00:00:00","202201","","Other Auxiliary Equipment","0.1"
"617244","PDX","77PDX","S2071","001000320","F","FUELMAN MASTERCARD","CHDLZ","PREFERRED","DIESEL #2 ULTRA-LOW SULFUR CARB WIT","","090290","REGULAR","2022-01-01","EXXON MOBIL","BAKERSFIELD","CA","CALIFORNIA","84514","VAN","843142","PREMIUM UNLEADED","PREMIUM","144","4.7690","686.74","686.74","GAL","2022-01-01","1","USD","E","LINGARAJ, NAVEEN","0","F","CL191","9012 ELM ST.","","93204-0000","PM003","0","NO","686.74","0","0","0","0","3500320","3850320","FALLON LOGISTICS","PDX","FALLON LOGISTICS","DAVIS1","2022-01-03 00:00:00","EXPORTED FOR PAYMENT","MOORE1","2022-01-18 00:00:00","CST","VEMURIB1","2022-01-03 00:00:00","202201","","Other Auxiliary Equipment","0.1"
"617245","OGG","77OGG","S2067","001000321","F","FUELMAN MASTERCARD","CHDLZ","PREFERRED","PREMIUM UNLEADED","","091461","REGULAR","2022-01-01","ONE9 EZ TRIP 1277","AVENAL","CA","CALIFORNIA","83127","TRACTOR(DAY)","558737","DIESEL","PREMIUM","86","4.8740","419.16","419.16","GAL","2022-01-01","1","USD","E","LINGARAJ, NAVEEN","0","F","CL191","44779 S. LASSEN AVE.","","93204-0000","PM003","0","NO","419.16","0","0","0","0","3500321","3850321","FALLON LOGISTICS","OGG","FALLON LOGISTICS","BROWN1","2022-01-03 00:00:00","EXPORTED FOR PAYMENT","THOMAS1","2022-01-18 00:00:00","CST","DAVIS1","2022-01-03 00:00:00","202201","","Other Auxiliary Equipment","0.1"
"617246","SAN","77SAN","S2065","001000322","F","FUELMAN MASTERCARD","CHDLZ","PREFERRED","PREMIUM UNLEADED","","093011","REGULAR","2022-01-01","LOVES TRAVEL STOP","VISALIA","CA","CALIFORNIA","83124","CONTAINER","937974","PREMIUM UNLEADED","GASOLINE","87","5.0680","440.92","440.92","GAL","2022-01-01","1","USD","E","LINGARAJ, NAVEEN","0","F","CL191","0123 WILLOW AVE.","","93204-0000","PM003","0","NO","440.92","0","0","0","0","3500322","3850322","FALLON LOGISTICS","SAN","FALLON LOGISTICS","MILLER1","2022-01-03 00:00:00","EXPORTED FOR PAYMENT","THOMAS1","2022-01-18 00:00:00","CST","VEMURIB1","2022-01-03 00:00:00","202201","","Other Auxiliary Equipment","0.1"
"617247","OGG","77OGG","S2070","001000323","F","FUELMAN MASTERCARD","CHDLZ","PREFERRED","UNLEADED GASOLINE","","095264","REGULAR","2022-01-01","TA PETRO","FONTANA","CA","CALIFORNIA","82869","TRACTOR(SLEEP)","914488","DIESEL","UNLEADED","57","4.3790","249.60","249.60","GAL","2022-01-01","1","USD","E","LINGARAJ, NAVEEN","0","F","CL191","4567 CEDAR ST.","","93204-0000","PM003","0","NO","249.60","0","0","0","0","3500323","3850323","FALLON LOGISTICS","OGG","FALLON LOGISTICS","JONES1","2022-01-03 00:00:00","EXPORTED FOR PAYMENT","MOORE1","2022-01-18 00:00:00","CST","JONES1","2022-01-03 00:00:00","202201","","Other Auxiliary Equipment","0.1"
"617248","SAN","77SAN","S2072","001000324","F","FUELMAN MASTERCARD","CHDLZ","PREFERRED","PREMIUM UNLEADED","","090521","REGULAR","2022-01-01","ONE9 EZ TRIP 1277","AVENAL","CA","CALIFORNIA","85405","VAN","802037","UNLEADED GASOLINE","DIESEL","131","3.7710","494.00","494.00","GAL","2022-01-01","1","USD","E","LINGARAJ, NAVEEN","0","F","CL191","44779 S. LASSEN AVE.","","93204-0000","PM003","0","NO","494.00","0","0","0","0","3500324","3850324","FALLON LOGISTICS","SAN","FALLON LOGISTICS","MILLER1","2022-01-03 00:00:00","EXPORTED FOR PAYMENT","ANDERSON1","2022-01-18 00:00:00","CST","DAVIS1","2022-01-03 00:00:00","202201","","Other Auxiliary Equipment","0.1"
"617249","SFO","77SFO","S2069","001000325","F","FUELMAN MASTERCARD","CHDLZ","PREFERRED","UNLEADED GASOLINE","","095067","REGULAR","2022-01-01","ONE9 EZ TRIP 1277","AVENAL","CA","CALIFORNIA","83667","VAN","600887","UNLEADED GASOLINE","DIESEL","68","3.9130","266.08","266.08","GAL","2022-01-01","1","USD","E","LINGARAJ, NAVEEN","0","F","CL191","44779 S. LASSEN AVE.","","93204-0000","PM003","0","NO","266.08","0","0","0","0","3500325","3850325","FALLON LOGISTICS","SFO","FALLON LOGISTICS","WILLIAMS1","2022-01-03 00:00:00","EXPORTED FOR PAYMENT","JOHNSON1","2022-01-18 00:00:00","CST","JONES1","2022-01-03 00:00:00","202201","","Other Auxiliary Equipment","0.1"
"617250","SEA","77SEA","S2068","001000326","F","FUELMAN MASTERCARD","CHDLZ","PREFERRED","PREMIUM UNLEADED","","093920","REGULAR","2022-01-01","EXXON MOBIL","BAKERSFIELD","CA","CALIFORNIA","87462","CONTAINER","664945","UNLEADED GASOLINE","PREMIUM","109","4.2550","463.80","463.80","GAL","2022-01-01","1","USD","E","LINGARAJ, NAVEEN","0","F","CL191","9012 ELM ST.","","93204-0000","PM003","0","NO","463.80","0","0","0","0","3500326","3850326","FALLON LOGISTICS","SEA","FALLON LOGISTICS","WILLIAMS1","2022-01-03 00:00:00","EXPORTED FOR PAYMENT","ANDERSON1","2022-01-18 00:00:00","CST","JONES1","2022-01-03 00:00:00","202201","","Other Auxiliary Equipment","0.1"
"617251","LAX","77LAX","S2073","001000327","F","FUELMAN MASTERCARD","CHDLZ","PREFERRED","PREMIUM UNLEADED","","096894","REGULAR","2022-01-01","EXXON MOBIL","BAKERSFIELD","CA","CALIFORNIA","80997","TRUCK(STRAIGHT)","768158","DIESEL","DIESEL","122","4.4630","544.49","544.49","GAL","2022-01-01","1","USD","E","LINGARAJ, NAVEEN","0","F","CL191","9012 ELM ST.","","93204-0000","PM003","0","NO","544.49","0","0","0","0","3500327","3850327","FALLON LOGISTICS","LAX","FALLON LOGISTICS","WILSON1","2022-01-03 00:00:00","EXPORTED FOR PAYMENT","CAPWELA1","2022-01-18 00:00:00","CST","JONES1","2022-01-03 00:00:00","202201","","Other Auxiliary Equipment","0.1"
"617252","SAN","77SAN","S2067","001000328","F","FUELMAN MASTERCARD","CHDLZ","PREFERRED","PREMIUM UNLEADED","","091641","REGULAR","2022-01-01","EXXON MOBIL","BAKERSFIELD","CA","CALIFORNIA","86485","TRACTOR(SLEEP)","702259","PREMIUM UNLEADED","GASOLINE","103","5.2180","537.45","537.45","GAL","2022-01-01","1","USD","E","LINGARAJ, NAVEEN","0","F","CL191","9012 ELM ST.","","93204-0000","PM003","0","NO","537.45","0","0","0","0","3500328","3850328","FALLON LOGISTICS","SAN","FALLON LOGISTICS","VEMURIB1","2022-01-03 00:00:00","EXPORTED FOR PAYMENT","JACKSON1","2022-01-18 00:00:00","CST","WILLIAMS1","2022-01-03 00:00:00","202201","","Other Auxiliary Equipment","0.1"
"617253","SFO","77SFO","S2073","001000329","F","FUELMAN MASTERCARD","CHDLZ","PREFERRED","UNLEADED GASOLINE","","093163","REGULAR","2022-01-01","EXXON MOBIL","BAKERSFIELD","CA","CALIFORNIA","83066","TANKER","809108","UNLEADED GASOLINE","DIESEL","139","5.1460","715.29","715.29","GAL","2022-01-01","1","USD","E","LINGARAJ, NAVEEN","0","F","CL191","9012 ELM ST.","","93204-0000","PM003","0","NO","715.29","0","0","0","0","3500329","3850329","FALLON LOGISTICS","SFO","FALLON LOGISTICS","JONES1","2022-01-03 00:00:00","EXPORTED FOR PAYMENT","MARTIN1","2022-01-18 00:00:00","CST","SMITH1","2022-01-03 00:00:00","202201","","Other Auxiliary Equipment","0.1"
"617254","OGG","77OGG","S2070","001000330","F","FUELMAN MASTERCARD","CHDLZ","PREFERRED","DIESEL #2 ULTRA-LOW SULFUR CARB WIT","","095915","REGULAR","2022-01-01","ONE9 EZ TRIP 1277","AVENAL","CA","CALIFORNIA","85983","TRAILER","806353","DIESEL #2 ULTRA-LOW SULFUR CARB WIT","GASOLINE","98","4.1170","403.47","403.47","GAL","2022-01-01","1","USD","E","LINGARAJ, NAVEEN","0","F","CL191","44779 S. LASSEN AVE.","","93204-0000","PM003","0","NO","403.47","0","0","0","0","3500330","3850330","FALLON LOGISTICS","OGG","FALLON LOGISTICS","DAVIS1","2022-01-03 00:00:00","EXPORTED FOR PAYMENT","CAPWELA1","2022-01-18 00:00:00","CST","BROWN1","2022-01-03 00:00:00","202201","","Other Auxiliary Equipment","0.1"
"617255","PHX","77PHX","S2067","001000331","F","FUELMAN MASTERCARD","CHDLZ","PREFERRED","DIESEL #2 ULTRA-LOW SULFUR CARB WIT","","090391","REGULAR","2022-01-01","EXXON MOBIL","BAKERSFIELD","CA","CALIFORNIA","86879","TRACTOR(SLEEP)","545541","UNLEADED GASOLINE","PREMIUM","71","4.0050","284.36","284.36","GAL","2022-01-01","1","USD","E","LINGARAJ, NAVEEN","0","F","CL191","9012 ELM ST.","","93204-0000","PM003","0","NO","284.36","0","0","0","0","3500331","3850331","FALLON LOGISTICS","PHX","FALLON LOGISTICS","WILLIAMS1","2022-01-03 00:00:00","EXPORTED FOR PAYMENT","TAYLOR1","2022-01-18 00:00:00","CST","SMITH1","2022-01-03 00:00:00","202201","","Other Auxiliary Equipment","0.1"
"617256","SFO","77SFO","S2070","001000332","F","FUELMAN MASTERCARD","CHDLZ","PREFERRED","PREMIUM UNLEADED","","094357","REGULAR","2022-01-01","CHEVRON FUEL","FRESNO","CA","CALIFORNIA","84266","VAN","730999","DIESEL","DIESEL","136","4.2450","577.32","577.32","GAL","2022-01-01","1","USD","E","LINGARAJ, NAVEEN","0","F","CL191","5678 OAK AVE.","","93204-0000","PM003","0","NO","577.32","0","0","0","0","3500332","3850332","FALLON LOGISTICS","SFO","FALLON LOGISTICS","VEMURIB1","2022-01-03 00:00:00","EXPORTED FOR PAYMENT","MOORE1","2022-01-18 00:00:00","CST","DAVIS1","2022-01-03 00:00:00","202201","","Other Auxiliary Equipment","0.1"
"617257","PDX","77PDX","S2073","001000333","F","FUELMAN MASTERCARD","CHDLZ","PREFERRED","PREMIUM UNLEADED","","096305","REGULAR","2022-01-01","EXXON MOBIL","BAKERSFIELD","CA","CALIFORNIA","84766","VAN","747438","DIESEL #2 ULTRA-LOW SULFUR CARB WIT","UNLEADED","146","4.7520","693.79","693.79","GAL","2022-01-01","1","USD","E","LINGARAJ, NAVEEN","0","F","CL191","9012 ELM ST.","","93204-0000","PM003","0","NO","693.79","0","0","0","0","3500333","3850333","FALLON LOGISTICS","PDX","FALLON LOGISTICS","JONES1","2022-01-03 00:00:00","EXPORTED FOR PAYMENT","TAYLOR1","2022-01-18 00:00:00","CST","SMITH1","2022-01-03 00:00:00","202201","","Other Auxiliary Equipment","0.1"
"617258","LAS","77LAS","S2067","001000334","F","FUELMAN MASTERCARD","CHDLZ","PREFERRED","DIESEL #2 ULTRA-LOW SULFUR CARB WIT","","090616","REGULAR","2022-01-01","LOVES TRAVEL STOP","VISALIA","CA","CALIFORNIA","88516","VAN","579619","PREMIUM UNLEADED","PREMIUM","51","4.6050","234.86","234.86","GAL","2022-01-01","1","USD","E","LINGARAJ, NAVEEN","0","F","CL191","0123 WILLOW AVE.","","93204-0000","PM003","0","NO","234.86","0","0","0","0","3500334","3850334","FALLON LOGISTICS","LAS","FALLON LOGISTICS","WILLIAMS1","2022-01-03 00:00:00","EXPORTED FOR PAYMENT","JOHNSON1","2022-01-18 00:00:00","CST","DAVIS1","2022-01-03 00:00:00","202201","","Other Auxiliary Equipment","0.1"
"617259","DEN","77DEN","S2072","001000335","F","FUELMAN MASTERCARD","CHDLZ","PREFERRED","PREMIUM UNLEADED","","098360","REGULAR","2022-01-01","ONE9 EZ TRIP 1277","AVENAL","CA","CALIFORNIA","82396","CONTAINER","759688","UNLEADED GASOLINE","UNLEADED","133","4.3810","582.67","582.67","GAL","2022-01-01","1","USD","E","LINGARAJ, NAVEEN","0","F","CL191","44779 S. LASSEN AVE.","","93204-0000","PM003","0","NO","582.67","0","0","0","0","3500335","3850335","FALLON LOGISTICS","DEN","FALLON LOGISTICS","MILLER1","2022-01-03 00:00:00","EXPORTED FOR PAYMENT","JOHNSON1","2022-01-18 00:00:00","CST","BROWN1","2022-01-03 00:00:00","202201","","Other Auxiliary Equipment","0.1"
"617260","PDX","77PDX","S2069","001000336","F","FUELMAN MASTERCARD","CHDLZ","PREFERRED","DIESEL #2 ULTRA-LOW SULFUR CARB WIT","","091050","REGULAR","2022-01-01","SHELL GAS STATION","LOS ANGELES","CA","CALIFORNIA","83801","TRACTOR(SLEEP)","970220","PREMIUM UNLEADED","UNLEADED","100","4.8890","488.90","488.90","GAL","2022-01-01","1","USD","E","LINGARAJ, NAVEEN","0","F","CL191","1234 MAIN ST.","","93204-0000","PM003","0","NO","488.90","0","0","0","0","3500336","3850336","FALLON LOGISTICS","PDX","FALLON LOGISTICS","BROWN1","2022-01-03 00:00:00","EXPORTED FOR PAYMENT","ANDERSON1","2022-01-18 00:00:00","CST","WILLIAMS1","2022-01-03 00:00:00","202201","","Other Auxiliary Equipment","0.1"
"617261","PHX","77PHX","S2067","001000337","F","FUELMAN MASTERCARD","CHDLZ","PREFERRED","UNLEADED GASOLINE","","093718","REGULAR","2022-01-01","SPEEDWAY","STOCKTON","CA","CALIFORNIA","88537","TRACTOR(DAY)","863535","DIESEL #2 ULTRA-LOW SULFUR CARB WIT","UNLEADED","62","3.7780","234.24","234.24","GAL","2022-01-01","1","USD","E","LINGARAJ, NAVEEN","0","F","CL191","2345 ASH ST.","","93204-0000","PM003","0","NO","234.24","0","0","0","0","3500337","3850337","FALLON LOGISTICS","PHX","FALLON LOGISTICS","VEMURIB1","2022-01-03 00:00:00","EXPORTED FOR PAYMENT","CAPWELA1","2022-01-18 00:00:00","CST","BROWN1","2022-01-03 00:00:00","202201","","Other Auxiliary Equipment","0.1"
"617262","SEA","77SEA","S2066","001000338","F","FUELMAN MASTERCARD","CHDLZ","PREFERRED","DIESEL","","091825","REGULAR","2022-01-01","ONE9 EZ TRIP 1277","AVENAL","CA","CALIFORNIA","84941","TRACTOR(SLEEP)","850713","DIESEL #2 ULTRA-LOW SULFUR CARB WIT","PREMIUM","51","5.2480","267.65","267.65","GAL","2022-01-01","1","USD","E","LINGARAJ, NAVEEN","0","F","CL191","44779 S. LASSEN AVE.","","93204-0000","PM003","0","NO","267.65","0","0","0","0","3500338","3850338","FALLON LOGISTICS","SEA","FALLON LOGISTICS","MILLER1","2022-01-03 00:00:00","EXPORTED FOR PAYMENT","TAYLOR1","2022-01-18 00:00:00","CST","SMITH1","2022-01-03 00:00:00","202201","","Other Auxiliary Equipment","0.1"
"617263","DEN","77DEN","S2072","001000339","F","FUELMAN MASTERCARD","CHDLZ","PREFERRED","DIESEL #2 ULTRA-LOW SULFUR CARB WIT","","096287","REGULAR","2022-01-01","CHEVRON FUEL","FRESNO","CA","CALIFORNIA","89202","VAN","731187","DIESEL","DIESEL","108","4.3040","464.83","464.83","GAL","2022-01-01","1","USD","E","LINGARAJ, NAVEEN","0","F","CL191","5678 OAK AVE.","","93204-0000","PM003","0","NO","464.83","0","0","0","0","3500339","3850339","FALLON LOGISTICS","DEN","FALLON LOGISTICS","VEMURIB1","2022-01-03 00:00:00","EXPORTED FOR PAYMENT","CAPWELA1","2022-01-18 00:00:00","CST","BROWN1","2022-01-03 00:00:00","202201","","Other Auxiliary Equipment","0.1"
"617264","PDX","77PDX","S2065","001000340","F","FUELMAN MASTERCARD","CHDLZ","PREFERRED","DIESEL #2 ULTRA-LOW SULFUR CARB WIT","","091744","REGULAR","2022-01-01","ONE9 EZ TRIP 1277","AVENAL","CA","CALIFORNIA","83731","CONTAINER","613617","DIESEL","UNLEADED","60","4.3960","263.76","263.76","GAL","2022-01-01","1","USD","E","LINGARAJ, NAVEEN","0","F","CL191","44779 S. LASSEN AVE.","","93204-0000","PM003","0","NO","263.76","0","0","0","0","3500340","3850340","FALLON LOGISTICS","PDX","FALLON LOGISTICS","WILSON1","2022-01-03 00:00:00","EXPORTED FOR PAYMENT","CAPWELA1","2022-01-18 00:00:00","CST","BROWN1","2022-01-03 00:00:00","202201","","Other Auxiliary Equipment","0.1"
"617265","FNL","77FNL","S2068","001000341","F","FUELMAN MASTERCARD","CHDLZ","PREFERRED","PREMIUM UNLEADED","","091643","REGULAR","2022-01-01","TA PETRO","FONTANA","CA","CALIFORNIA","89689","VAN","946679","DIESEL","UNLEADED","54","5.4340","293.44","293.44","GAL","2022-01-01","1","USD","E","LINGARAJ, NAVEEN","0","F","CL191","4567 CEDAR ST.","","93204-0000","PM003","0","NO","293.44","0","0","0","0","3500341","3850341","FALLON LOGISTICS","FNL","FALLON LOGISTICS","DAVIS1","2022-01-03 00:00:00","EXPORTED FOR PAYMENT","ANDERSON1","2022-01-18 00:00:00","CST","VEMURIB1","2022-01-03 00:00:00","202201","","Other Auxiliary Equipment","0.1"
"617266","DEN","77DEN","S2069","001000342","F","FUELMAN MASTERCARD","CHDLZ","PREFERRED","PREMIUM UNLEADED","","092618","REGULAR","2022-01-01","TA PETRO","FONTANA","CA","CALIFORNIA","89610","TRAILER","675122","UNLEADED GASOLINE","DIESEL","109","3.9980","435.78","435.78","GAL","2022-01-01","1","USD","E","LINGARAJ, NAVEEN","0","F","CL191","4567 CEDAR ST.","","93204-0000","PM003","0","NO","435.78","0","0","0","0","3500342","3850342","FALLON LOGISTICS","DEN","FALLON LOGISTICS","SMITH1","2022-01-03 00:00:00","EXPORTED FOR PAYMENT","CAPWELA1","2022-01-18 00:00:00","CST","JONES1","2022-01-03 00:00:00","202201","","Other Auxiliary Equipment","0.1"
"617267","PHX","77PHX","S2069","001000343","F","FUELMAN MASTERCARD","CHDLZ","PREFERRED","UNLEADED GASOLINE","","092688","REGULAR","2022-01-01","PILOT FLYING J","MODESTO","CA","CALIFORNIA","84676","TANKER","987076","PREMIUM UNLEADED","UNLEADED","100","5.2470","524.70","524.70","GAL","2022-01-01","1","USD","E","LINGARAJ, NAVEEN","0","F","CL191","6789 BIRCH ST.","","93204-0000","PM003","0","NO","524.70","0","0","0","0","3500343","3850343","FALLON LOGISTICS","PHX","FALLON LOGISTICS","BROWN1","2022-01-03 00:00:00","EXPORTED FOR PAYMENT","TAYLOR1","2022-01-18 00:00:00","CST","VEMURIB1","2022-01-03 00:00:00","202201","","Other Auxiliary Equipment","0.1"
"617268","FNL","77FNL","S2069","001000344","F","FUELMAN MASTERCARD","CHDLZ","PREFERRED","PREMIUM UNLEADED","","094410","REGULAR","2022-01-01","EXXON MOBIL","BAKERSFIELD","CA","CALIFORNIA","85311","TRUCK(STRAIGHT)","795323","UNLEADED GASOLINE","GASOLINE","71","4.7200","335.12","335.12","GAL","2022-01-01","1","USD","E","LINGARAJ, NAVEEN","0","F","CL191","9012 ELM ST.","","93204-0000","PM003","0","NO","335.12","0","0","0","0","3500344","3850344","FALLON LOGISTICS","FNL","FALLON LOGISTICS","VEMURIB1","2022-01-03 00:00:00","EXPORTED FOR PAYMENT","TAYLOR1","2022-01-18 00:00:00","CST","JONES1","2022-01-03 00:00:00","202201","","Other Auxiliary Equipment","0.1"
"617269","SEA","77SEA","S2073","001000345","F","FUELMAN MASTERCARD","CHDLZ","PREFERRED","UNLEADED GASOLINE","","094966","REGULAR","2022-01-01","TA PETRO","FONTANA","CA","CALIFORNIA","84561","FLATBED","806638","UNLEADED GASOLINE","UNLEADED","74","3.8840","287.42","287.42","GAL","2022-01-01","1","USD","E","LINGARAJ, NAVEEN","0","F","CL191","4567 CEDAR ST.","","93204-0000","PM003","0","NO","287.42","0","0","0","0","3500345","3850345","FALLON LOGISTICS","SEA","FALLON LOGISTICS","DAVIS1","2022-01-03 00:00:00","EXPORTED FOR PAYMENT","ANDERSON1","2022-01-18 00:00:00","CST","SMITH1","2022-01-03 00:00:00","202201","","Other Auxiliary Equipment","0.1"
"617270","DEN","77DEN","S2071","001000346","F","FUELMAN MASTERCARD","CHDLZ","PREFERRED","PREMIUM UNLEADED","","092260","REGULAR","2022-01-01","PILOT FLYING J","MODESTO","CA","CALIFORNIA","82093","TRUCK(STRAIGHT)","654905","DIESEL","GASOLINE","72","4.1960","302.11","302.11","GAL","2022-01-01","1","USD","E","LINGARAJ, NAVEEN","0","F","CL191","6789 BIRCH ST.","","93204-0000","PM003","0","NO","302.11","0","0","0","0","3500346","3850346","FALLON LOGISTICS","DEN","FALLON LOGISTICS","SMITH1","2022-01-03 00:00:00","EXPORTED FOR PAYMENT","MOORE1","2022-01-18 00:00:00","CST","SMITH1","2022-01-03 00:00:00","202201","","Other Auxiliary Equipment","0.1"
"617271","OGG","77OGG","S2073","001000347","F","FUELMAN MASTERCARD","CHDLZ","PREFERRED","DIESEL #2 ULTRA-LOW SULFUR CARB WIT","","091991","REGULAR","2022-01-01","SHELL GAS STATION","LOS ANGELES","CA","CALIFORNIA","84987","TRAILER","680923","PREMIUM UNLEADED","DIESEL","140","4.1670","583.38","583.38","GAL","2022-01-01","1","USD","E","LINGARAJ, NAVEEN","0","F","CL191","1234 MAIN ST.","","93204-0000","PM003","0","NO","583.38","0","0","0","0","3500347","3850347","FALLON LOGISTICS","OGG","FALLON LOGISTICS","WILLIAMS1","2022-01-03 00:00:00","EXPORTED FOR PAYMENT","TAYLOR1","2022-01-18 00:00:00","CST","JONES1","2022-01-03 00:00:00","202201","","Other Auxiliary Equipment","0.1"
"617272","SAN","77SAN","S2070","001000348","F","FUELMAN MASTERCARD","CHDLZ","PREFERRED","PREMIUM UNLEADED","","093865","REGULAR","2022-01-01","LOVES TRAVEL STOP","VISALIA","CA","CALIFORNIA","86036","FLATBED","880250","DIESEL #2 ULTRA-LOW SULFUR CARB WIT","GASOLINE","73","4.2680","311.56","311.56","GAL","2022-01-01","1","USD","E","LINGARAJ, NAVEEN","0","F","CL191","0123 WILLOW AVE.","","93204-0000","PM003","0","NO","311.56","0","0","0","0","3500348","3850348","FALLON LOGISTICS","SAN","FALLON LOGISTICS","DAVIS1","2022-01-03 00:00:00","EXPORTED FOR PAYMENT","MARTIN1","2022-01-18 00:00:00","CST","DAVIS1","2022-01-03 00:00:00","202201","","Other Auxiliary Equipment","0.1"
"617273","PHX","77PHX","S2070","001000349","F","FUELMAN MASTERCARD","CHDLZ","PREFERRED","UNLEADED GASOLINE","","096446","REGULAR","2022-01-01","CHEVRON FUEL","FRESNO","CA","CALIFORNIA","88521","TRACTOR(SLEEP)","555933","UNLEADED GASOLINE","GASOLINE","53","4.1240","218.57","218.57","GAL","2022-01-01","1","USD","E","LINGARAJ, NAVEEN","0","F","CL191","5678 OAK AVE.","","93204-0000","PM003","0","NO","218.57","0","0","0","0","3500349","3850349","FALLON LOGISTICS","PHX","FALLON LOGISTICS","DAVIS1","2022-01-03 00:00:00","EXPORTED FOR PAYMENT","ANDERSON1","2022-01-18 00:00:00","CST","DAVIS1","2022-01-03 00:00:00","202201","","Other Auxiliary Equipment","0.1"
"617274","SEA","77SEA","S2066","001000350","F","FUELMAN MASTERCARD","CHDLZ","PREFERRED","UNLEADED GASOLINE","","091513","REGULAR","2022-01-01","EXXON MOBIL","BAKERSFIELD","CA","CALIFORNIA","81172","TANKER","743917","DIESEL #2 ULTRA-LOW SULFUR CARB WIT","DIESEL","101","3.5090","354.41","354.41","GAL","2022-01-01","1","USD","E","LINGARAJ, NAVEEN","0","F","CL191","9012 ELM ST.","","93204-0000","PM003","0","NO","354.41","0","0","0","0","3500350","3850350","FALLON LOGISTICS","SEA","FALLON LOGISTICS","VEMURIB1","2022-01-03 00:00:00","EXPORTED FOR PAYMENT","MARTIN1","2022-01-18 00:00:00","CST","SMITH1","2022-01-03 00:00:00","202201","","Other Auxiliary Equipment","0.1"
"617275","OGG","77OGG","S2071","001000351","F","FUELMAN MASTERCARD","CHDLZ","PREFERRED","UNLEADED GASOLINE","","099549","REGULAR","2022-01-01","SUNOCO STATION","SAN DIEGO","CA","CALIFORNIA","85617","CONTAINER","884642","UNLEADED GASOLINE","PREMIUM","58","4.7980","278.28","278.28","GAL","2022-01-01","1","USD","E","LINGARAJ, NAVEEN","0","F","CL191","7890 MAPLE AVE.","","93204-0000","PM003","0","NO","278.28","0","0","0","0","3500351","3850351","FALLON LOGISTICS","OGG","FALLON LOGISTICS","SMITH1","2022-01-03 00:00:00","EXPORTED FOR PAYMENT","JACKSON1","2022-01-18 00:00:00","CST","BROWN1","2022-01-03 00:00:00","202201","","Other Auxiliary Equipment","0.1"
"617276","DEN","77DEN","S2066","001000352","F","FUELMAN MASTERCARD","CHDLZ","PREFERRED","DIESEL #2 ULTRA-LOW SULFUR CARB WIT","","091413","REGULAR","2022-01-01","EXXON MOBIL","BAKERSFIELD","CA","CALIFORNIA","80523","TRACTOR(SLEEP)","990277","UNLEADED GASOLINE","PREMIUM","148","5.3680","794.46","794.46","GAL","2022-01-01","1","USD","E","LINGARAJ, NAVEEN","0","F","CL191","9012 ELM ST.","","93204-0000","PM003","0","NO","794.46","0","0","0","0","3500352","3850352","FALLON LOGISTICS","DEN","FALLON LOGISTICS","VEMURIB1","2022-01-03 00:00:00","EXPORTED FOR PAYMENT","JOHNSON1","2022-01-18 00:00:00","CST","JONES1","2022-01-03 00:00:00","202201","","Other Auxiliary Equipment","0.1"
"617277","SEA","77SEA","S2067","001000353","F","FUELMAN MASTERCARD","CHDLZ","PREFERRED","UNLEADED GASOLINE","","099105","REGULAR","2022-01-01","SPEEDWAY","STOCKTON","CA","CALIFORNIA","83799","CONTAINER","939580","UNLEADED GASOLINE","PREMIUM","102","3.5210","359.14","359.14","GAL","2022-01-01","1","USD","E","LINGARAJ, NAVEEN","0","F","CL191","2345 ASH ST.","","93204-0000","PM003","0","NO","359.14","0","0","0","0","3500353","3850353","FALLON LOGISTICS","SEA","FALLON LOGISTICS","MILLER1","2022-01-03 00:00:00","EXPORTED FOR PAYMENT","ANDERSON1","2022-01-18 00:00:00","CST","MILLER1","2022-01-03 00:00:00","202201","","Other Auxiliary Equipment","0.1"
"617278","FNL","77FNL","S2072","001000354","F","FUELMAN MASTERCARD","CHDLZ","PREFERRED","PREMIUM UNLEADED","","092186","REGULAR","2022-01-01","TA PETRO","FONTANA","CA","CALIFORNIA","89162","TRACTOR(DAY)","501680","DIESEL","GASOLINE","76","4.5420","345.19","345.19","GAL","2022-01-01","1","USD","E","LINGARAJ, NAVEEN","0","F","CL191","4567 CEDAR ST.","","93204-0000","PM003","0","NO","345.19","0","0","0","0","3500354","3850354","FALLON LOGISTICS","FNL","FALLON LOGISTICS","SMITH1","2022-01-03 00:00:00","EXPORTED FOR PAYMENT","THOMAS1","2022-01-18 00:00:00","CST","SMITH1","2022-01-03 00:00:00","202201","","Other Auxiliary Equipment","0.1"
"617279","DEN","77DEN","S2073","001000355","F","FUELMAN MASTERCARD","CHDLZ","PREFERRED","PREMIUM UNLEADED","","096851","REGULAR","2022-01-01","LOVES TRAVEL STOP","VISALIA","CA","CALIFORNIA","80254","TRACTOR(SLEEP)","818739","DIESEL","DIESEL","125","4.6720","584.00","584.00","GAL","2022-01-01","1","USD","E","LINGARAJ, NAVEEN","0","F","CL191","0123 WILLOW AVE.","","93204-0000","PM003","0","NO","584.00","0","0","0","0","3500355","3850355","FALLON LOGISTICS","DEN","FALLON LOGISTICS","SMITH1","2022-01-03 00:00:00","EXPORTED FOR PAYMENT","JACKSON1","2022-01-18 00:00:00","CST","MILLER1","2022-01-03 00:00:00","202201","","Other Auxiliary Equipment","0.1"
"617280","LAX","77LAX","S2070","001000356","F","FUELMAN MASTERCARD","CHDLZ","PREFERRED","DIESEL","","094446","REGULAR","2022-01-01","LOVES TRAVEL STOP","VISALIA","CA","CALIFORNIA","82043","VAN","543866","DIESEL","PREMIUM","61","5.2330","319.21","319.21","GAL","2022-01-01","1","USD","E","LINGARAJ, NAVEEN","0","F","CL191","0123 WILLOW AVE.","","93204-0000","PM003","0","NO","319.21","0","0","0","0","3500356","3850356","FALLON LOGISTICS","LAX","FALLON LOGISTICS","MILLER1","2022-01-03 00:00:00","EXPORTED FOR PAYMENT","MOORE1","2022-01-18 00:00:00","CST","MILLER1","2022-01-03 00:00:00","202201","","Other Auxiliary Equipment","0.1"
"617281","FNL","77FNL","S2074","001000357","F","FUELMAN MASTERCARD","CHDLZ","PREFERRED","PREMIUM UNLEADED","","097452","REGULAR","2022-01-01","EXXON MOBIL","BAKERSFIELD","CA","CALIFORNIA","85766","TANKER","605146","PREMIUM UNLEADED","UNLEADED","105","4.2080","441.84","441.84","GAL","2022-01-01","1","USD","E","LINGARAJ, NAVEEN","0","F","CL191","9012 ELM ST.","","93204-0000","PM003","0","NO","441.84","0","0","0","0","3500357","3850357","FALLON LOGISTICS","FNL","FALLON LOGISTICS","BROWN1","2022-01-03 00:00:00","EXPORTED FOR PAYMENT","ANDERSON1","2022-01-18 00:00:00","CST","DAVIS1","2022-01-03 00:00:00","202201","","Other Auxiliary Equipment","0.1"
"617282","SEA","77SEA","S2071","001000358","F","FUELMAN MASTERCARD","CHDLZ","PREFERRED","UNLEADED GASOLINE","","097560","REGULAR","2022-01-01","CHEVRON FUEL","FRESNO","CA","CALIFORNIA","83150","FLATBED","829581","DIESEL","GASOLINE","149","4.5720","681.23","681.23","GAL","2022-01-01","1","USD","E","LINGARAJ, NAVEEN","0","F","CL191","5678 OAK AVE.","","93204-0000","PM003","0","NO","681.23","0","0","0","0","3500358","3850358","FALLON LOGISTICS","SEA","FALLON LOGISTICS","VEMURIB1","2022-01-03 00:00:00","EXPORTED FOR PAYMENT","THOMAS1","2022-01-18 00:00:00","CST","SMITH1","2022-01-03 00:00:00","202201","","Other Auxiliary Equipment","0.1"
"617283","PDX","77PDX","S2066","001000359","F","FUELMAN MASTERCARD","CHDLZ","PREFERRED","UNLEADED GASOLINE","","092802","REGULAR","2022-01-01","ONE9 EZ TRIP 1277","AVENAL","CA","CALIFORNIA","82382","TANKER","604333","DIESEL","UNLEADED","86","3.7210","320.01","320.01","GAL","2022-01-01","1","USD","E","LINGARAJ, NAVEEN","0","F","CL191","44779 S. LASSEN AVE.","","93204-0000","PM003","0","NO","320.01","0","0","0","0","3500359","3850359","FALLON LOGISTICS","PDX","FALLON LOGISTICS","BROWN1","2022-01-03 00:00:00","EXPORTED FOR PAYMENT","JACKSON1","2022-01-18 00:00:00","CST","BROWN1","2022-01-03 00:00:00","202201","","Other Auxiliary Equipment","0.1"
"617284","SEA","77SEA","S2074","001000360","F","FUELMAN MASTERCARD","CHDLZ","PREFERRED","UNLEADED GASOLINE","","096106","REGULAR","2022-01-01","BP FUEL STOP","SACRAMENTO","CA","CALIFORNIA","87995","FLATBED","674954","DIESEL","PREMIUM","97","4.2530","412.54","412.54","GAL","2022-01-01","1","USD","E","LINGARAJ, NAVEEN","0","F","CL191","3456 PINE ST.","","93204-0000","PM003","0","NO","412.54","0","0","0","0","3500360","3850360","FALLON LOGISTICS","SEA","FALLON LOGISTICS","WILLIAMS1","2022-01-03 00:00:00","EXPORTED FOR PAYMENT","MOORE1","2022-01-18 00:00:00","CST","DAVIS1","2022-01-03 00:00:00","202201","","Other Auxiliary Equipment","0.1"
"617285","LAX","77LAX","S2073","001000361","F","FUELMAN MASTERCARD","CHDLZ","PREFERRED","DIESEL #2 ULTRA-LOW SULFUR CARB WIT","","093564","REGULAR","2022-01-01","ONE9 EZ TRIP 1277","AVENAL","CA","CALIFORNIA","82485","TANKER","563661","DIESEL #2 ULTRA-LOW SULFUR CARB WIT","PREMIUM","135","5.2140","703.89","703.89","GAL","2022-01-01","1","USD","E","LINGARAJ, NAVEEN","0","F","CL191","44779 S. LASSEN AVE.","","93204-0000","PM003","0","NO","703.89","0","0","0","0","3500361","3850361","FALLON LOGISTICS","LAX","FALLON LOGISTICS","WILLIAMS1","2022-01-03 00:00:00","EXPORTED FOR PAYMENT","JACKSON1","2022-01-18 00:00:00","CST","BROWN1","2022-01-03 00:00:00","202201","","Other Auxiliary Equipment","0.1"
"617286","LAS","77LAS","S2069","001000362","F","FUELMAN MASTERCARD","CHDLZ","PREFERRED","UNLEADED GASOLINE","","098795","REGULAR","2022-01-01","SUNOCO STATION","SAN DIEGO","CA","CALIFORNIA","87304","TRACTOR(SLEEP)","653762","UNLEADED GASOLINE","UNLEADED","121","3.9160","473.84","473.84","GAL","2022-01-01","1","USD","E","LINGARAJ, NAVEEN","0","F","CL191","7890 MAPLE AVE.","","93204-0000","PM003","0","NO","473.84","0","0","0","0","3500362","3850362","FALLON LOGISTICS","LAS","FALLON LOGISTICS","SMITH1","2022-01-03 00:00:00","EXPORTED FOR PAYMENT","THOMAS1","2022-01-18 00:00:00","CST","JONES1","2022-01-03 00:00:00","202201","","Other Auxiliary Equipment","0.1"
"617287","PHX","77PHX","S2070","001000363","F","FUELMAN MASTERCARD","CHDLZ","PREFERRED","PREMIUM UNLEADED","","090833","REGULAR","2022-01-01","LOVES TRAVEL STOP","VISALIA","CA","CALIFORNIA","82698","VAN","731854","DIESEL","GASOLINE","77","5.2300","402.71","402.71","GAL","2022-01-01","1","USD","E","LINGARAJ, NAVEEN","0","F","CL191","0123 WILLOW AVE.","","93204-0000","PM003","0","NO","402.71","0","0","0","0","3500363","3850363","FALLON LOGISTICS","PHX","FALLON LOGISTICS","VEMURIB1","2022-01-03 00:00:00","EXPORTED FOR PAYMENT","JOHNSON1","2022-01-18 00:00:00","CST","SMITH1","2022-01-03 00:00:00","202201","","Other Auxiliary Equipment","0.1"
"617288","PDX","77PDX","S2069","001000364","F","FUELMAN MASTERCARD","CHDLZ","PREFERRED","DIESEL #2 ULTRA-LOW SULFUR CARB WIT","","097369","REGULAR","2022-01-01","CHEVRON FUEL","FRESNO","CA","CALIFORNIA","86565","FLATBED","935385","UNLEADED GASOLINE","PREMIUM","144","5.3650","772.56","772.56","GAL","2022-01-01","1","USD","E","LINGARAJ, NAVEEN","0","F","CL191","5678 OAK AVE.","","93204-0000","PM003","0","NO","772.56","0","0","0","0","3500364","3850364","FALLON LOGISTICS","PDX","FALLON LOGISTICS","DAVIS1","2022-01-03 00:00:00","EXPORTED FOR PAYMENT","ANDERSON1","2022-01-18 00:00:00","CST","MILLER1","2022-01-03 00:00:00","202201","","Other Auxiliary Equipment","0.1"
"617289","DEN","77DEN","S2065","001000365","F","FUELMAN MASTERCARD","CHDLZ","PREFERRED","DIESEL","","094651","REGULAR","2022-01-01","TA PETRO","FONTANA","CA","CALIFORNIA","84597","VAN","677297","DIESEL #2 ULTRA-LOW SULFUR CARB WIT","PREMIUM","68","5.0550","343.74","343.74","GAL","2022-01-01","1","USD","E","LINGARAJ, NAVEEN","0","F","CL191","4567 CEDAR ST.","","93204-0000","PM003","0","NO","343.74","0","0","0","0","3500365","3850365","FALLON LOGISTICS","DEN","FALLON LOGISTICS","WILSON1","2022-01-03 00:00:00","EXPORTED FOR PAYMENT","JOHNSON1","2022-01-18 00:00:00","CST","BROWN1","2022-01-03 00:00:00","202201","","Other Auxiliary Equipment","0.1"
"617290","PDX","77PDX","S2066","001000366","F","FUELMAN MASTERCARD","CHDLZ","PREFERRED","PREMIUM UNLEADED","","099850","REGULAR","2022-01-01","CHEVRON FUEL","FRESNO","CA","CALIFORNIA","83332","VAN","532369","PREMIUM UNLEADED","UNLEADED","65","4.5150","293.47","293.47","GAL","2022-01-01","1","USD","E","LINGARAJ, NAVEEN","0","F","CL191","5678 OAK AVE.","","93204-0000","PM003","0","NO","293.47","0","0","0","0","3500366","3850366","FALLON LOGISTICS","PDX","FALLON LOGISTICS","WILLIAMS1","2022-01-03 00:00:00","EXPORTED FOR PAYMENT","JOHNSON1","2022-01-18 00:00:00","CST","DAVIS1","2022-01-03 00:00:00","202201","","Other Auxiliary Equipment","0.1"
"617291","SEA","77SEA","S2069","001000367","F","FUELMAN MASTERCARD","CHDLZ","PREFERRED","DIESEL #2 ULTRA-LOW SULFUR CARB WIT","","091514","REGULAR","2022-01-01","BP FUEL STOP","SACRAMENTO","CA","CALIFORNIA","81494","TRACTOR(DAY)","686862","PREMIUM UNLEADED","GASOLINE","58","4.8910","283.68","283.68","GAL","2022-01-01","1","USD","E","LINGARAJ, NAVEEN","0","F","CL191","3456 PINE ST.","","93204-0000","PM003","0","NO","283.68","0","0","0","0","3500367","3850367","FALLON LOGISTICS","SEA","FALLON LOGISTICS","BROWN1","2022-01-03 00:00:00","EXPORTED FOR PAYMENT","ANDERSON1","2022-01-18 00:00:00","CST","DAVIS1","2022-01-03 00:00:00","202201","","Other Auxiliary Equipment","0.1"
"617292","PHX","77PHX","S2067","001000368","F","FUELMAN MASTERCARD","CHDLZ","PREFERRED","PREMIUM UNLEADED","","093214","REGULAR","2022-01-01","PILOT FLYING J","MODESTO","CA","CALIFORNIA","87283","FLATBED","919712","UNLEADED GASOLINE","PREMIUM","141","4.6380","653.96","653.96","GAL","2022-01-01","1","USD","E","LINGARAJ, NAVEEN","0","F","CL191","6789 BIRCH ST.","","93204-0000","PM003","0","NO","653.96","0","0","0","0","3500368","3850368","FALLON LOGISTICS","PHX","FALLON LOGISTICS","BROWN1","2022-01-03 00:00:00","EXPORTED FOR PAYMENT","TAYLOR1","2022-01-18 00:00:00","CST","BROWN1","2022-01-03 00:00:00","202201","","Other Auxiliary Equipment","0.1"
"617293","PDX","77PDX","S2066","001000369","F","FUELMAN MASTERCARD","CHDLZ","PREFERRED","UNLEADED GASOLINE","","094637","REGULAR","2022-01-01","CHEVRON FUEL","FRESNO","CA","CALIFORNIA","87125","TRAILER","804483","UNLEADED GASOLINE","PREMIUM","107","4.4360","474.65","474.65","GAL","2022-01-01","1","USD","E","LINGARAJ, NAVEEN","0","F","CL191","5678 OAK AVE.","","93204-0000","PM003","0","NO","474.65","0","0","0","0","3500369","3850369","FALLON LOGISTICS","PDX","FALLON LOGISTICS","WILLIAMS1","2022-01-03 00:00:00","EXPORTED FOR PAYMENT","MARTIN1","2022-01-18 00:00:00","CST","BROWN1","2022-01-03 00:00:00","202201","","Other Auxiliary Equipment","0.1"
"617294","PDX","77PDX","S2072","001000370","F","FUELMAN MASTERCARD","CHDLZ","PREFERRED","DIESEL","","095702","REGULAR","2022-01-01","SPEEDWAY","STOCKTON","CA","CALIFORNIA","85454","TRUCK(STRAIGHT)","875022","PREMIUM UNLEADED","GASOLINE","91","4.8030","437.07","437.07","GAL","2022-01-01","1","USD","E","LINGARAJ, NAVEEN","0","F","CL191","2345 ASH ST.","","93204-0000","PM003","0","NO","437.07","0","0","0","0","3500370","3850370","FALLON LOGISTICS","PDX","FALLON LOGISTICS","MILLER1","2022-01-03 00:00:00","EXPORTED FOR PAYMENT","MARTIN1","2022-01-18 00:00:00","CST","DAVIS1","2022-01-03 00:00:00","202201","","Other Auxiliary Equipment","0.1"
"617295","PDX","77PDX","S2073","001000371","F","FUELMAN MASTERCARD","CHDLZ","PREFERRED","DIESEL","","096155","REGULAR","2022-01-01","CHEVRON FUEL","FRESNO","CA","CALIFORNIA","83760","CONTAINER","893235","DIESEL #2 ULTRA-LOW SULFUR CARB WIT","GASOLINE","119","4.0800","485.52","485.52","GAL","2022-01-01","1","USD","E","LINGARAJ, NAVEEN","0","F","CL191","5678 OAK AVE.","","93204-0000","PM003","0","NO","485.52","0","0","0","0","3500371","3850371","FALLON LOGISTICS","PDX","FALLON LOGISTICS","BROWN1","2022-01-03 00:00:00","EXPORTED FOR PAYMENT","MOORE1","2022-01-18 00:00:00","CST","DAVIS1","2022-01-03 00:00:00","202201","","Other Auxiliary Equipment","0.1"
"617296","PDX","77PDX","S2065","001000372","F","FUELMAN MASTERCARD","CHDLZ","PREFERRED","PREMIUM UNLEADED","","099254","REGULAR","2022-01-01","EXXON MOBIL","BAKERSFIELD","CA","CALIFORNIA","85581","TRUCK(STRAIGHT)","661300","UNLEADED GASOLINE","PREMIUM","99","4.9000","485.10","485.10","GAL","2022-01-01","1","USD","E","LINGARAJ, NAVEEN","0","F","CL191","9012 ELM ST.","","93204-0000","PM003","0","NO","485.10","0","0","0","0","3500372","3850372","FALLON LOGISTICS","PDX","FALLON LOGISTICS","JONES1","2022-01-03 00:00:00","EXPORTED FOR PAYMENT","JOHNSON1","2022-01-18 00:00:00","CST","MILLER1","2022-01-03 00:00:00","202201","","Other Auxiliary Equipment","0.1"
"617297","LAX","77LAX","S2074","001000373","F","FUELMAN MASTERCARD","CHDLZ","PREFERRED","DIESEL #2 ULTRA-LOW SULFUR CARB WIT","","092031","REGULAR","2022-01-01","BP FUEL STOP","SACRAMENTO","CA","CALIFORNIA","86520","TRACTOR(DAY)","609277","DIESEL #2 ULTRA-LOW SULFUR CARB WIT","UNLEADED","135","4.2530","574.16","574.16","GAL","2022-01-01","1","USD","E","LINGARAJ, NAVEEN","0","F","CL191","3456 PINE ST.","","93204-0000","PM003","0","NO","574.16","0","0","0","0","3500373","3850373","FALLON LOGISTICS","LAX","FALLON LOGISTICS","WILSON1","2022-01-03 00:00:00","EXPORTED FOR PAYMENT","MOORE1","2022-01-18 00:00:00","CST","BROWN1","2022-01-03 00:00:00","202201","","Other Auxiliary Equipment","0.1"
"617298","OGG","77OGG","S2072","001000374","F","FUELMAN MASTERCARD","CHDLZ","PREFERRED","DIESEL #2 ULTRA-LOW SULFUR CARB WIT","","096940","REGULAR","2022-01-01","SHELL GAS STATION","LOS ANGELES","CA","CALIFORNIA","84821","TRACTOR(SLEEP)","988657","DIESEL","UNLEADED","114","4.3150","491.91","491.91","GAL","2022-01-01","1","USD","E","LINGARAJ, NAVEEN","0","F","CL191","1234 MAIN ST.","","93204-0000","PM003","0","NO","491.91","0","0","0","0","3500374","3850374","FALLON LOGISTICS","OGG","FALLON LOGISTICS","DAVIS1","2022-01-03 00:00:00","EXPORTED FOR PAYMENT","CAPWELA1","2022-01-18 00:00:00","CST","MILLER1","2022-01-03 00:00:00","202201","","Other Auxiliary Equipment","0.1"
"617299","PDX","77PDX","S2072","001000375","F","FUELMAN MASTERCARD","CHDLZ","PREFERRED","DIESEL #2 ULTRA-LOW SULFUR CARB WIT","","094692","REGULAR","2022-01-01","CHEVRON FUEL","FRESNO","CA","CALIFORNIA","82418","CONTAINER","683293","DIESEL","UNLEADED","61","4.5640","278.40","278.40","GAL","2022-01-01","1","USD","E","LINGARAJ, NAVEEN","0","F","CL191","5678 OAK AVE.","","93204-0000","PM003","0","NO","278.40","0","0","0","0","3500375","3850375","FALLON LOGISTICS","PDX","FALLON LOGISTICS","BROWN1","2022-01-03 00:00:00","EXPORTED FOR PAYMENT","TAYLOR1","2022-01-18 00:00:00","CST","MILLER1","2022-01-03 00:00:00","202201","","Other Auxiliary Equipment","0.1"
"617300","SEA","77SEA","S2066","001000376","F","FUELMAN MASTERCARD","CHDLZ","PREFERRED","DIESEL #2 ULTRA-LOW SULFUR CARB WIT","","091307","REGULAR","2022-01-01","CHEVRON FUEL","FRESNO","CA","CALIFORNIA","88635","TANKER","958930","PREMIUM UNLEADED","DIESEL","78","4.6690","364.18","364.18","GAL","2022-01-01","1","USD","E","LINGARAJ, NAVEEN","0","F","CL191","5678 OAK AVE.","","93204-0000","PM003","0","NO","364.18","0","0","0","0","3500376","3850376","FALLON LOGISTICS","SEA","FALLON LOGISTICS","VEMURIB1","2022-01-03 00:00:00","EXPORTED FOR PAYMENT","ANDERSON1","2022-01-18 00:00:00","CST","MILLER1","2022-01-03 00:00:00","202201","","Other Auxiliary Equipment","0.1"
"617301","SEA","77SEA","S2067","001000377","F","FUELMAN MASTERCARD","CHDLZ","PREFERRED","UNLEADED GASOLINE","","095882","REGULAR","2022-01-01","TA PETRO","FONTANA","CA","CALIFORNIA","85397","TRACTOR(DAY)","892525","DIESEL #2 ULTRA-LOW SULFUR CARB WIT","GASOLINE","118","4.3450","512.71","512.71","GAL","2022-01-01","1","USD","E","LINGARAJ, NAVEEN","0","F","CL191","4567 CEDAR ST.","","93204-0000","PM003","0","NO","512.71","0","0","0","0","3500377","3850377","FALLON LOGISTICS","SEA","FALLON LOGISTICS","VEMURIB1","2022-01-03 00:00:00","EXPORTED FOR PAYMENT","JOHNSON1","2022-01-18 00:00:00","CST","SMITH1","2022-01-03 00:00:00","202201","","Other Auxiliary Equipment","0.1"
"617302","LAS","77LAS","S2069","001000378","F","FUELMAN MASTERCARD","CHDLZ","PREFERRED","DIESEL #2 ULTRA-LOW SULFUR CARB WIT","","099255","REGULAR","2022-01-01","CHEVRON FUEL","FRESNO","CA","CALIFORNIA","89581","FLATBED","780326","UNLEADED GASOLINE","PREMIUM","56","3.6600","204.96","204.96","GAL","2022-01-01","1","USD","E","LINGARAJ, NAVEEN","0","F","CL191","5678 OAK AVE.","","93204-0000","PM003","0","NO","204.96","0","0","0","0","3500378","3850378","FALLON LOGISTICS","LAS","FALLON LOGISTICS","SMITH1","2022-01-03 00:00:00","EXPORTED FOR PAYMENT","MARTIN1","2022-01-18 00:00:00","CST","WILLIAMS1","2022-01-03 00:00:00","202201","","Other Auxiliary Equipment","0.1"
"617303","PDX","77PDX","S2072","001000379","F","FUELMAN MASTERCARD","CHDLZ","PREFERRED","DIESEL #2 ULTRA-LOW SULFUR CARB WIT","","092562","REGULAR","2022-01-01","TA PETRO","FONTANA","CA","CALIFORNIA","88562","TRUCK(STRAIGHT)","873340","DIESEL #2 ULTRA-LOW SULFUR CARB WIT","UNLEADED","111","4.6880","520.37","520.37","GAL","2022-01-01","1","USD","E","LINGARAJ, NAVEEN","0","F","CL191","4567 CEDAR ST.","","93204-0000","PM003","0","NO","520.37","0","0","0","0","3500379","3850379","FALLON LOGISTICS","PDX","FALLON LOGISTICS","SMITH1","2022-01-03 00:00:00","EXPORTED FOR PAYMENT","TAYLOR1","2022-01-18 00:00:00","CST","JONES1","2022-01-03 00:00:00","202201","","Other Auxiliary Equipment","0.1"
"617304","SEA","77SEA","S2073","001000380","F","FUELMAN MASTERCARD","CHDLZ","PREFERRED","DIESEL #2 ULTRA-LOW SULFUR CARB WIT","","092386","REGULAR","2022-01-01","EXXON MOBIL","BAKERSFIELD","CA","CALIFORNIA","80879","VAN","601049","DIESEL #2 ULTRA-LOW SULFUR CARB WIT","DIESEL","86","5.3150","457.09","457.09","GAL","2022-01-01","1","USD","E","LINGARAJ, NAVEEN","0","F","CL191","9012 ELM ST.","","93204-0000","PM003","0","NO","457.09","0","0","0","0","3500380","3850380","FALLON LOGISTICS","SEA","FALLON LOGISTICS","WILLIAMS1","2022-01-03 00:00:00","EXPORTED FOR PAYMENT","THOMAS1","2022-01-18 00:00:00","CST","VEMURIB1","2022-01-03 00:00:00","202201","","Other Auxiliary Equipment","0.1"
"617305","OGG","77OGG","S2066","001000381","F","FUELMAN MASTERCARD","CHDLZ","PREFERRED","UNLEADED GASOLINE","","091174","REGULAR","2022-01-01","ONE9 EZ TRIP 1277","AVENAL","CA","CALIFORNIA","89052","VAN","850253","DIESEL #2 ULTRA-LOW SULFUR CARB WIT","DIESEL","66","4.5890","302.87","302.87","GAL","2022-01-01","1","USD","E","LINGARAJ, NAVEEN","0","F","CL191","44779 S. LASSEN AVE.","","93204-0000","PM003","0","NO","302.87","0","0","0","0","3500381","3850381","FALLON LOGISTICS","OGG","FALLON LOGISTICS","DAVIS1","2022-01-03 00:00:00","EXPORTED FOR PAYMENT","MOORE1","2022-01-18 00:00:00","CST","DAVIS1","2022-01-03 00:00:00","202201","","Other Auxiliary Equipment","0.1"
"617306","FNL","77FNL","S2070","001000382","F","FUELMAN MASTERCARD","CHDLZ","PREFERRED","UNLEADED GASOLINE","","097582","REGULAR","2022-01-01","LOVES TRAVEL STOP","VISALIA","CA","CALIFORNIA","82039","TRACTOR(DAY)","608230","DIESEL","PREMIUM","123","5.3420","657.07","657.07","GAL","2022-01-01","1","USD","E","LINGARAJ, NAVEEN","0","F","CL191","0123 WILLOW AVE.","","93204-0000","PM003","0","NO","657.07","0","0","0","0","3500382","3850382","FALLON LOGISTICS","FNL","FALLON LOGISTICS","WILLIAMS1","2022-01-03 00:00:00","EXPORTED FOR PAYMENT","THOMAS1","2022-01-18 00:00:00","CST","WILSON1","2022-01-03 00:00:00","202201","","Other Auxiliary Equipment","0.1"
"617307","FNL","77FNL","S2067","001000383","F","FUELMAN MASTERCARD","CHDLZ","PREFERRED","DIESEL #2 ULTRA-LOW SULFUR CARB WIT","","099018","REGULAR","2022-01-01","SHELL GAS STATION","LOS ANGELES","CA","CALIFORNIA","85666","TRACTOR(DAY)","795808","DIESEL","PREMIUM","109","3.7430","407.99","407.99","GAL","2022-01-01","1","USD","E","LINGARAJ, NAVEEN","0","F","CL191","1234 MAIN ST.","","93204-0000","PM003","0","NO","407.99","0","0","0","0","3500383","3850383","FALLON LOGISTICS","FNL","FALLON LOGISTICS","WILLIAMS1","2022-01-03 00:00:00","EXPORTED FOR PAYMENT","MOORE1","2022-01-18 00:00:00","CST","WILSON1","2022-01-03 00:00:00","202201","","Other Auxiliary Equipment","0.1"
"617308","SFO","77SFO","S2070","001000384","F","FUELMAN MASTERCARD","CHDLZ","PREFERRED","PREMIUM UNLEADED","","098719","REGULAR","2022-01-01","PILOT FLYING J","MODESTO","CA","CALIFORNIA","87732","TRACTOR(SLEEP)","886577","UNLEADED GASOLINE","GASOLINE","92","3.5500","326.60","326.60","GAL","2022-01-01","1","USD","E","LINGARAJ, NAVEEN","0","F","CL191","6789 BIRCH ST.","","93204-0000","PM003","0","NO","326.60","0","0","0","0","3500384","3850384","FALLON LOGISTICS","SFO","FALLON LOGISTICS","WILLIAMS1","2022-01-03 00:00:00","EXPORTED FOR PAYMENT","JACKSON1","2022-01-18 00:00:00","CST","VEMURIB1","2022-01-03 00:00:00","202201","","Other Auxiliary Equipment","0.1"
"617309","LAX","77LAX","S2069","001000385","F","FUELMAN MASTERCARD","CHDLZ","PREFERRED","DIESEL","","090113","REGULAR","2022-01-01","TA PETRO","FONTANA","CA","CALIFORNIA","81341","CONTAINER","901647","DIESEL","GASOLINE","80","4.4960","359.68","359.68","GAL","2022-01-01","1","USD","E","LINGARAJ, NAVEEN","0","F","CL191","4567 CEDAR ST.","","93204-0000","PM003","0","NO","359.68","0","0","0","0","3500385","3850385","FALLON LOGISTICS","LAX","FALLON LOGISTICS","WILLIAMS1","2022-01-03 00:00:00","EXPORTED FOR PAYMENT","MOORE1","2022-01-18 00:00:00","CST","WILSON1","2022-01-03 00:00:00","202201","","Other Auxiliary Equipment","0.1"
"617310","FNL","77FNL","S2068","001000386","F","FUELMAN MASTERCARD","CHDLZ","PREFERRED","UNLEADED GASOLINE","","093981","REGULAR","2022-01-01","SUNOCO STATION","SAN DIEGO","CA","CALIFORNIA","87647","TRACTOR(DAY)","855643","PREMIUM UNLEADED","GASOLINE","67","4.0000","268.00","268.00","GAL","2022-01-01","1","USD","E","LINGARAJ, NAVEEN","0","F","CL191","7890 MAPLE AVE.","","93204-0000","PM003","0","NO","268.00","0","0","0","0","3500386","3850386","FALLON LOGISTICS","FNL","FALLON LOGISTICS","SMITH1","2022-01-03 00:00:00","EXPORTED FOR PAYMENT","MARTIN1","2022-01-18 00:00:00","CST","DAVIS1","2022-01-03 00:00:00","202201","","Other Auxiliary Equipment","0.1"
"617311","PDX","77PDX","S2071","001000387","F","FUELMAN MASTERCARD","CHDLZ","PREFERRED","UNLEADED GASOLINE","","099770","REGULAR","2022-01-01","PILOT FLYING J","MODESTO","CA","CALIFORNIA","84019","TRACTOR(DAY)","651620","PREMIUM UNLEADED","PREMIUM","90","3.7290","335.61","335.61","GAL","2022-01-01","1","USD","E","LINGARAJ, NAVEEN","0","F","CL191","6789 BIRCH ST.","","93204-0000","PM003","0","NO","335.61","0","0","0","0","3500387","3850387","FALLON LOGISTICS","PDX","FALLON LOGISTICS","DAVIS1","2022-01-03 00:00:00","EXPORTED FOR PAYMENT","JACKSON1","2022-01-18 00:00:00","CST","WILLIAMS1","2022-01-03 00:00:00","202201","","Other Auxiliary Equipment","0.1"
"617312","DEN","77DEN","S2068","001000388","F","FUELMAN MASTERCARD","CHDLZ","PREFERRED","DIESEL #2 ULTRA-LOW SULFUR CARB WIT","","098479","REGULAR","2022-01-01","SPEEDWAY","STOCKTON","CA","CALIFORNIA","86246","VAN","893792","DIESEL #2 ULTRA-LOW SULFUR CARB WIT","UNLEADED","97","3.9040","378.69","378.69","GAL","2022-01-01","1","USD","E","LINGARAJ, NAVEEN","0","F","CL191","2345 ASH ST.","","93204-0000","PM003","0","NO","378.69","0","0","0","0","3500388","3850388","FALLON LOGISTICS","DEN","FALLON LOGISTICS","WILLIAMS1","2022-01-03 00:00:00","EXPORTED FOR PAYMENT","MARTIN1","2022-01-18 00:00:00","CST","BROWN1","2022-01-03 00:00:00","202201","","Other Auxiliary Equipment","0.1"
"617313","SFO","77SFO","S2067","001000389","F","FUELMAN MASTERCARD","CHDLZ","PREFERRED","PREMIUM UNLEADED","","095750","REGULAR","2022-01-01","ONE9 EZ TRIP 1277","AVENAL","CA","CALIFORNIA","84166","VAN","810374","DIESEL","DIESEL","114","4.0750","464.55","464.55","GAL","2022-01-01","1","USD","E","LINGARAJ, NAVEEN","0","F","CL191","44779 S. LASSEN AVE.","","93204-0000","PM003","0","NO","464.55","0","0","0","0","3500389","3850389","FALLON LOGISTICS","SFO","FALLON LOGISTICS","DAVIS1","2022-01-03 00:00:00","EXPORTED FOR PAYMENT","JACKSON1","2022-01-18 00:00:00","CST","DAVIS1","2022-01-03 00:00:00","202201","","Other Auxiliary Equipment","0.1"
"617314","DEN","77DEN","S2069","001000390","F","FUELMAN MASTERCARD","CHDLZ","PREFERRED","UNLEADED GASOLINE","","092549","REGULAR","2022-01-01","SPEEDWAY","STOCKTON","CA","CALIFORNIA","89072","FLATBED","659695","UNLEADED GASOLINE","PREMIUM","147","4.6900","689.43","689.43","GAL","2022-01-01","1","USD","E","LINGARAJ, NAVEEN","0","F","CL191","2345 ASH ST.","","93204-0000","PM003","0","NO","689.43","0","0","0","0","3500390","3850390","FALLON LOGISTICS","DEN","FALLON LOGISTICS","WILSON1","2022-01-03 00:00:00","EXPORTED FOR PAYMENT","ANDERSON1","2022-01-18 00:00:00","CST","SMITH1","2022-01-03 00:00:00","202201","","Other Auxiliary Equipment","0.1"
"617315","LAS","77LAS","S2070","001000391","F","FUELMAN MASTERCARD","CHDLZ","PREFERRED","UNLEADED GASOLINE","","096662","REGULAR","2022-01-01","SHELL GAS STATION","LOS ANGELES","CA","CALIFORNIA","82005","TRACTOR(SLEEP)","585116","DIESEL","UNLEADED","113","4.8110","543.64","543.64","GAL","2022-01-01","1","USD","E","LINGARAJ, NAVEEN","0","F","CL191","1234 MAIN ST.","","93204-0000","PM003","0","NO","543.64","0","0","0","0","3500391","3850391","FALLON LOGISTICS","LAS","FALLON LOGISTICS","JONES1","2022-01-03 00:00:00","EXPORTED FOR PAYMENT","MOORE1","2022-01-18 00:00:00","CST","WILSON1","2022-01-03 00:00:00","202201","","Other Auxiliary Equipment","0.1"
"617316","SFO","77SFO","S2070","001000392","F","FUELMAN MASTERCARD","CHDLZ","PREFERRED","DIESEL","","094942","REGULAR","2022-01-01","EXXON MOBIL","BAKERSFIELD","CA","CALIFORNIA","86654","TANKER","880977","PREMIUM UNLEADED","UNLEADED","83","4.0770","338.39","338.39","GAL","2022-01-01","1","USD","E","LINGARAJ, NAVEEN","0","F","CL191","9012 ELM ST.","","93204-0000","PM003","0","NO","338.39","0","0","0","0","3500392","3850392","FALLON LOGISTICS","SFO","FALLON LOGISTICS","WILSON1","2022-01-03 00:00:00","EXPORTED FOR PAYMENT","TAYLOR1","2022-01-18 00:00:00","CST","WILSON1","2022-01-03 00:00:00","202201","","Other Auxiliary Equipment","0.1"
"617317","DEN","77DEN","S2068","001000393","F","FUELMAN MASTERCARD","CHDLZ","PREFERRED","DIESEL","","095701","REGULAR","2022-01-01","SPEEDWAY","STOCKTON","CA","CALIFORNIA","88374","TRAILER","815492","UNLEADED GASOLINE","PREMIUM","119","4.4440","528.84","528.84","GAL","2022-01-01","1","USD","E","LINGARAJ, NAVEEN","0","F","CL191","2345 ASH ST.","","93204-0000","PM003","0","NO","528.84","0","0","0","0","3500393","3850393","FALLON LOGISTICS","DEN","FALLON LOGISTICS","JONES1","2022-01-03 00:00:00","EXPORTED FOR PAYMENT","TAYLOR1","2022-01-18 00:00:00","CST","WILSON1","2022-01-03 00:00:00","202201","","Other Auxiliary Equipment","0.1"
"617318","LAS","77LAS","S2071","001000394","F","FUELMAN MASTERCARD","CHDLZ","PREFERRED","UNLEADED GASOLINE","","095714","REGULAR","2022-01-01","SHELL GAS STATION","LOS ANGELES","CA","CALIFORNIA","81686","TANKER","882955","UNLEADED GASOLINE","UNLEADED","115","5.3900","619.85","619.85","GAL","2022-01-01","1","USD","E","LINGARAJ, NAVEEN","0","F","CL191","1234 MAIN ST.","","93204-0000","PM003","0","NO","619.85","0","0","0","0","3500394","3850394","FALLON LOGISTICS","LAS","FALLON LOGISTICS","VEMURIB1","2022-01-03 00:00:00","EXPORTED FOR PAYMENT","JACKSON1","2022-01-18 00:00:00","CST","BROWN1","2022-01-03 00:00:00","202201","","Other Auxiliary Equipment","0.1"
"617319","LAX","77LAX","S2072","001000395","F","FUELMAN MASTERCARD","CHDLZ","PREFERRED","DIESEL #2 ULTRA-LOW SULFUR CARB WIT","","091397","REGULAR","2022-01-01","CHEVRON FUEL","FRESNO","CA","CALIFORNIA","81774","VAN","859520","DIESEL #2 ULTRA-LOW SULFUR CARB WIT","GASOLINE","122","3.9580","482.88","482.88","GAL","2022-01-01","1","USD","E","LINGARAJ, NAVEEN","0","F","CL191","5678 OAK AVE.","","93204-0000","PM003","0","NO","482.88","0","0","0","0","3500395","3850395","FALLON LOGISTICS","LAX","FALLON LOGISTICS","VEMURIB1","2022-01-03 00:00:00","EXPORTED FOR PAYMENT","CAPWELA1","2022-01-18 00:00:00","CST","JONES1","2022-01-03 00:00:00","202201","","Other Auxiliary Equipment","0.1"
"617320","PDX","77PDX","S2074","001000396","F","FUELMAN MASTERCARD","CHDLZ","PREFERRED","PREMIUM UNLEADED","","090239","REGULAR","2022-01-01","BP FUEL STOP","SACRAMENTO","CA","CALIFORNIA","87972","CONTAINER","885855","DIESEL #2 ULTRA-LOW SULFUR CARB WIT","UNLEADED","118","5.1750","610.65","610.65","GAL","2022-01-01","1","USD","E","LINGARAJ, NAVEEN","0","F","CL191","3456 PINE ST.","","93204-0000","PM003","0","NO","610.65","0","0","0","0","3500396","3850396","FALLON LOGISTICS","PDX","FALLON LOGISTICS","WILSON1","2022-01-03 00:00:00","EXPORTED FOR PAYMENT","CAPWELA1","2022-01-18 00:00:00","CST","BROWN1","2022-01-03 00:00:00","202201","","Other Auxiliary Equipment","0.1"
"617321","LAX","77LAX","S2065","001000397","F","FUELMAN MASTERCARD","CHDLZ","PREFERRED","DIESEL","","097818","REGULAR","2022-01-01","PILOT FLYING J","MODESTO","CA","CALIFORNIA","80467","VAN","565429","DIESEL #2 ULTRA-LOW SULFUR CARB WIT","PREMIUM","52","4.8150","250.38","250.38","GAL","2022-01-01","1","USD","E","LINGARAJ, NAVEEN","0","F","CL191","6789 BIRCH ST.","","93204-0000","PM003","0","NO","250.38","0","0","0","0","3500397","3850397","FALLON LOGISTICS","LAX","FALLON LOGISTICS","MILLER1","2022-01-03 00:00:00","EXPORTED FOR PAYMENT","CAPWELA1","2022-01-18 00:00:00","CST","JONES1","2022-01-03 00:00:00","202201","","Other Auxiliary Equipment","0.1"
"617322","LAX","77LAX","S2070","001000398","F","FUELMAN MASTERCARD","CHDLZ","PREFERRED","DIESEL","","099177","REGULAR","2022-01-01","CHEVRON FUEL","FRESNO","CA","CALIFORNIA","86728","TRUCK(STRAIGHT)","768960","PREMIUM UNLEADED","UNLEADED","119","5.0240","597.86","597.86","GAL","2022-01-01","1","USD","E","LINGARAJ, NAVEEN","0","F","CL191","5678 OAK AVE.","","93204-0000","PM003","0","NO","597.86","0","0","0","0","3500398","3850398","FALLON LOGISTICS","LAX","FALLON LOGISTICS","WILLIAMS1","2022-01-03 00:00:00","EXPORTED FOR PAYMENT","CAPWELA1","2022-01-18 00:00:00","CST","SMITH1","2022-01-03 00:00:00","202201","","Other Auxiliary Equipment","0.1"
"617323","SFO","77SFO","S2073","001000399","F","FUELMAN MASTERCARD","CHDLZ","PREFERRED","PREMIUM UNLEADED","","092615","REGULAR","2022-01-01","CHEVRON FUEL","FRESNO","CA","CALIFORNIA","84012","VAN","712397","DIESEL #2 ULTRA-LOW SULFUR CARB WIT","PREMIUM","71","4.8750","346.12","346.12","GAL","2022-01-01","1","USD","E","LINGARAJ, NAVEEN","0","F","CL191","5678 OAK AVE.","","93204-0000","PM003","0","NO","346.12","0","0","0","0","3500399","3850399","FALLON LOGISTICS","SFO","FALLON LOGISTICS","MILLER1","2022-01-03 00:00:00","EXPORTED FOR PAYMENT","MARTIN1","2022-01-18 00:00:00","CST","DAVIS1","2022-01-03 00:00:00","202201","","Other Auxiliary Equipment","0.1"
"617324","OGG","77OGG","S2068","001000400","F","FUELMAN MASTERCARD","CHDLZ","PREFERRED","DIESEL #2 ULTRA-LOW SULFUR CARB WIT","","094346","REGULAR","2022-01-01","BP FUEL STOP","SACRAMENTO","CA","CALIFORNIA","80384","TANKER","859652","DIESEL #2 ULTRA-LOW SULFUR CARB WIT","PREMIUM","76","3.9900","303.24","303.24","GAL","2022-01-01","1","USD","E","LINGARAJ, NAVEEN","0","F","CL191","3456 PINE ST.","","93204-0000","PM003","0","NO","303.24","0","0","0","0","3500400","3850400","FALLON LOGISTICS","OGG","FALLON LOGISTICS","JONES1","2022-01-03 00:00:00","EXPORTED FOR PAYMENT","CAPWELA1","2022-01-18 00:00:00","CST","SMITH1","2022-01-03 00:00:00","202201","","Other Auxiliary Equipment","0.1"
"617325","DEN","77DEN","S2070","001000401","F","FUELMAN MASTERCARD","CHDLZ","PREFERRED","DIESEL #2 ULTRA-LOW SULFUR CARB WIT","","095107","REGULAR","2022-01-01","BP FUEL STOP","SACRAMENTO","CA","CALIFORNIA","89854","TRAILER","958479","DIESEL","DIESEL","77","4.8470","373.22","373.22","GAL","2022-01-01","1","USD","E","LINGARAJ, NAVEEN","0","F","CL191","3456 PINE ST.","","93204-0000","PM003","0","NO","373.22","0","0","0","0","3500401","3850401","FALLON LOGISTICS","DEN","FALLON LOGISTICS","VEMURIB1","2022-01-03 00:00:00","EXPORTED FOR PAYMENT","JOHNSON1","2022-01-18 00:00:00","CST","JONES1","2022-01-03 00:00:00","202201","","Other Auxiliary Equipment","0.1"
"617326","SAN","77SAN","S2072","001000402","F","FUELMAN MASTERCARD","CHDLZ","PREFERRED","DIESEL","","099790","REGULAR","2022-01-01","TA PETRO","FONTANA","CA","CALIFORNIA","83284","TRAILER","725123","DIESEL #2 ULTRA-LOW SULFUR CARB WIT","UNLEADED","75","5.1340","385.05","385.05","GAL","2022-01-01","1","USD","E","LINGARAJ, NAVEEN","0","F","CL191","4567 CEDAR ST.","","93204-0000","PM003","0","NO","385.05","0","0","0","0","3500402","3850402","FALLON LOGISTICS","SAN","FALLON LOGISTICS","WILSON1","2022-01-03 00:00:00","EXPORTED FOR PAYMENT","THOMAS1","2022-01-18 00:00:00","CST","SMITH1","2022-01-03 00:00:00","202201","","Other Auxiliary Equipment","0.1"
"617327","LAX","77LAX","S2065","001000403","F","FUELMAN MASTERCARD","CHDLZ","PREFERRED","UNLEADED GASOLINE","","096465","REGULAR","2022-01-01","PILOT FLYING J","MODESTO","CA","CALIFORNIA","89443","TRAILER","924933","UNLEADED GASOLINE","GASOLINE","75","4.5400","340.50","340.50","GAL","2022-01-01","1","USD","E","LINGARAJ, NAVEEN","0","F","CL191","6789 BIRCH ST.","","93204-0000","PM003","0","NO","340.50","0","0","0","0","3500403","3850403","FALLON LOGISTICS","LAX","FALLON LOGISTICS","BROWN1","2022-01-03 00:00:00","EXPORTED FOR PAYMENT","TAYLOR1","2022-01-18 00:00:00","CST","WILSON1","2022-01-03 00:00:00","202201","","Other Auxiliary Equipment","0.1"
"617328","SEA","77SEA","S2070","001000404","F","FUELMAN MASTERCARD","CHDLZ","PREFERRED","PREMIUM UNLEADED","","098566","REGULAR","2022-01-01","ONE9 EZ TRIP 1277","AVENAL","CA","CALIFORNIA","86353","TRAILER","744800","DIESEL #2 ULTRA-LOW SULFUR CARB WIT","UNLEADED","145","4.6080","668.16","668.16","GAL","2022-01-01","1","USD","E","LINGARAJ, NAVEEN","0","F","CL191","44779 S. LASSEN AVE.","","93204-0000","PM003","0","NO","668.16","0","0","0","0","3500404","3850404","FALLON LOGISTICS","SEA","FALLON LOGISTICS","VEMURIB1","2022-01-03 00:00:00","EXPORTED FOR PAYMENT","JOHNSON1","2022-01-18 00:00:00","CST","WILSON1","2022-01-03 00:00:00","202201","","Other Auxiliary Equipment","0.1"
"617329","SAN","77SAN","S2066","001000405","F","FUELMAN MASTERCARD","CHDLZ","PREFERRED","DIESEL","","096097","REGULAR","2022-01-01","BP FUEL STOP","SACRAMENTO","CA","CALIFORNIA","81650","TRAILER","582032","UNLEADED GASOLINE","PREMIUM","129","5.3360","688.34","688.34","GAL","2022-01-01","1","USD","E","LINGARAJ, NAVEEN","0","F","CL191","3456 PINE ST.","","93204-0000","PM003","0","NO","688.34","0","0","0","0","3500405","3850405","FALLON LOGISTICS","SAN","FALLON LOGISTICS","BROWN1","2022-01-03 00:00:00","EXPORTED FOR PAYMENT","JACKSON1","2022-01-18 00:00:00","CST","WILSON1","2022-01-03 00:00:00","202201","","Other Auxiliary Equipment","0.1"
"617330","LAX","77LAX","S2065","001000406","F","FUELMAN MASTERCARD","CHDLZ","PREFERRED","UNLEADED GASOLINE","","090563","REGULAR","2022-01-01","BP FUEL STOP","SACRAMENTO","CA","CALIFORNIA","87716","VAN","536459","DIESEL","PREMIUM","88","4.2120","370.66","370.66","GAL","2022-01-01","1","USD","E","LINGARAJ, NAVEEN","0","F","CL191","3456 PINE ST.","","93204-0000","PM003","0","NO","370.66","0","0","0","0","3500406","3850406","FALLON LOGISTICS","LAX","FALLON LOGISTICS","MILLER1","2022-01-03 00:00:00","EXPORTED FOR PAYMENT","ANDERSON1","2022-01-18 00:00:00","CST","JONES1","2022-01-03 00:00:00","202201","","Other Auxiliary Equipment","0.1"
"617331","PHX","77PHX","S2073","001000407","F","FUELMAN MASTERCARD","CHDLZ","PREFERRED","DIESEL #2 ULTRA-LOW SULFUR CARB WIT","","096937","REGULAR","2022-01-01","BP FUEL STOP","SACRAMENTO","CA","CALIFORNIA","83264","FLATBED","727917","PREMIUM UNLEADED","DIESEL","97","3.9950","387.52","387.52","GAL","2022-01-01","1","USD","E","LINGARAJ, NAVEEN","0","F","CL191","3456 PINE ST.","","93204-0000","PM003","0","NO","387.52","0","0","0","0","3500407","3850407","FALLON LOGISTICS","PHX","FALLON LOGISTICS","BROWN1","2022-01-03 00:00:00","EXPORTED FOR PAYMENT","CAPWELA1","2022-01-18 00:00:00","CST","VEMURIB1","2022-01-03 00:00:00","202201","","Other Auxiliary Equipment","0.1"
"617332","PDX","77PDX","S2067","001000408","F","FUELMAN MASTERCARD","CHDLZ","PREFERRED","DIESEL #2 ULTRA-LOW SULFUR CARB WIT","","097496","REGULAR","2022-01-01","BP FUEL STOP","SACRAMENTO","CA","CALIFORNIA","84667","CONTAINER","545668","DIESEL","PREMIUM","100","4.0740","407.40","407.40","GAL","2022-01-01","1","USD","E","LINGARAJ, NAVEEN","0","F","CL191","3456 PINE ST.","","93204-0000","PM003","0","NO","407.40","0","0","0","0","3500408","3850408","FALLON LOGISTICS","PDX","FALLON LOGISTICS","WILLIAMS1","2022-01-03 00:00:00","EXPORTED FOR PAYMENT","MOORE1","2022-01-18 00:00:00","CST","VEMURIB1","2022-01-03 00:00:00","202201","","Other Auxiliary Equipment","0.1"
"617333","DEN","77DEN","S2068","001000409","F","FUELMAN MASTERCARD","CHDLZ","PREFERRED","UNLEADED GASOLINE","","091803","REGULAR","2022-01-01","TA PETRO","FONTANA","CA","CALIFORNIA","85429","VAN","788018","DIESEL #2 ULTRA-LOW SULFUR CARB WIT","UNLEADED","119","4.1100","489.09","489.09","GAL","2022-01-01","1","USD","E","LINGARAJ, NAVEEN","0","F","CL191","4567 CEDAR ST.","","93204-0000","PM003","0","NO","489.09","0","0","0","0","3500409","3850409","FALLON LOGISTICS","DEN","FALLON LOGISTICS","DAVIS1","2022-01-03 00:00:00","EXPORTED FOR PAYMENT","CAPWELA1","2022-01-18 00:00:00","CST","DAVIS1","2022-01-03 00:00:00","202201","","Other Auxiliary Equipment","0.1"
"617334","FNL","77FNL","S2071","001000410","F","FUELMAN MASTERCARD","CHDLZ","PREFERRED","DIESEL #2 ULTRA-LOW SULFUR CARB WIT","","093651","REGULAR","2022-01-01","SUNOCO STATION","SAN DIEGO","CA","CALIFORNIA","83796","TANKER","539002","PREMIUM UNLEADED","UNLEADED","98","4.3520","426.50","426.50","GAL","2022-01-01","1","USD","E","LINGARAJ, NAVEEN","0","F","CL191","7890 MAPLE AVE.","","93204-0000","PM003","0","NO","426.50","0","0","0","0","3500410","3850410","FALLON LOGISTICS","FNL","FALLON LOGISTICS","JONES1","2022-01-03 00:00:00","EXPORTED FOR PAYMENT","MOORE1","2022-01-18 00:00:00","CST","MILLER1","2022-01-03 00:00:00","202201","","Other Auxiliary Equipment","0.1"
"617335","PDX","77PDX","S2068","001000411","F","FUELMAN MASTERCARD","CHDLZ","PREFERRED","PREMIUM UNLEADED","","097669","REGULAR","2022-01-01","SPEEDWAY","STOCKTON","CA","CALIFORNIA","86042","TRACTOR(DAY)","843960","DIESEL","PREMIUM","105","5.1620","542.01","542.01","GAL","2022-01-01","1","USD","E","LINGARAJ, NAVEEN","0","F","CL191","2345 ASH ST.","","93204-0000","PM003","0","NO","542.01","0","0","0","0","3500411","3850411","FALLON LOGISTICS","PDX","FALLON LOGISTICS","JONES1","2022-01-03 00:00:00","EXPORTED FOR PAYMENT","ANDERSON1","2022-01-18 00:00:00","CST","MILLER1","2022-01-03 00:00:00","202201","","Other Auxiliary Equipment","0.1"
"617336","PDX","77PDX","S2071","001000412","F","FUELMAN MASTERCARD","CHDLZ","PREFERRED","DIESEL","","093393","REGULAR","2022-01-01","ONE9 EZ TRIP 1277","AVENAL","CA","CALIFORNIA","89569","TRACTOR(SLEEP)","921041","DIESEL #2 ULTRA-LOW SULFUR CARB WIT","GASOLINE","52","4.1190","214.19","214.19","GAL","2022-01-01","1","USD","E","LINGARAJ, NAVEEN","0","F","CL191","44779 S. LASSEN AVE.","","93204-0000","PM003","0","NO","214.19","0","0","0","0","3500412","3850412","FALLON LOGISTICS","PDX","FALLON LOGISTICS","BROWN1","2022-01-03 00:00:00","EXPORTED FOR PAYMENT","JACKSON1","2022-01-18 00:00:00","CST","WILSON1","2022-01-03 00:00:00","202201","","Other Auxiliary Equipment","0.1"
"617337","FNL","77FNL","S2065","001000413","F","FUELMAN MASTERCARD","CHDLZ","PREFERRED","PREMIUM UNLEADED","","095561","REGULAR","2022-01-01","SPEEDWAY","STOCKTON","CA","CALIFORNIA","86519","VAN","640149","PREMIUM UNLEADED","GASOLINE","63","4.6250","291.38","291.38","GAL","2022-01-01","1","USD","E","LINGARAJ, NAVEEN","0","F","CL191","2345 ASH ST.","","93204-0000","PM003","0","NO","291.38","0","0","0","0","3500413","3850413","FALLON LOGISTICS","FNL","FALLON LOGISTICS","VEMURIB1","2022-01-03 00:00:00","EXPORTED FOR PAYMENT","CAPWELA1","2022-01-18 00:00:00","CST","VEMURIB1","2022-01-03 00:00:00","202201","","Other Auxiliary Equipment","0.1"
"617338","DEN","77DEN","S2066","001000414","F","FUELMAN MASTERCARD","CHDLZ","PREFERRED","UNLEADED GASOLINE","","099123","REGULAR","2022-01-01","EXXON MOBIL","BAKERSFIELD","CA","CALIFORNIA","81751","TRAILER","833405","DIESEL #2 ULTRA-LOW SULFUR CARB WIT","UNLEADED","57","4.3790","249.60","249.60","GAL","2022-01-01","1","USD","E","LINGARAJ, NAVEEN","0","F","CL191","9012 ELM ST.","","93204-0000","PM003","0","NO","249.60","0","0","0","0","3500414","3850414","FALLON LOGISTICS","DEN","FALLON LOGISTICS","SMITH1","2022-01-03 00:00:00","EXPORTED FOR PAYMENT","THOMAS1","2022-01-18 00:00:00","CST","JONES1","2022-01-03 00:00:00","202201","","Other Auxiliary Equipment","0.1"
"617339","PHX","77PHX","S2074","001000415","F","FUELMAN MASTERCARD","CHDLZ","PREFERRED","UNLEADED GASOLINE","","095447","REGULAR","2022-01-01","SHELL GAS STATION","LOS ANGELES","CA","CALIFORNIA","86279","TRUCK(STRAIGHT)","507807","DIESEL","DIESEL","69","4.2840","295.60","295.60","GAL","2022-01-01","1","USD","E","LINGARAJ, NAVEEN","0","F","CL191","1234 MAIN ST.","","93204-0000","PM003","0","NO","295.60","0","0","0","0","3500415","3850415","FALLON LOGISTICS","PHX","FALLON LOGISTICS","BROWN1","2022-01-03 00:00:00","EXPORTED FOR PAYMENT","THOMAS1","2022-01-18 00:00:00","CST","BROWN1","2022-01-03 00:00:00","202201","","Other Auxiliary Equipment","0.1"
"617340","PDX","77PDX","S2070","001000416","F","FUELMAN MASTERCARD","CHDLZ","PREFERRED","DIESEL #2 ULTRA-LOW SULFUR CARB WIT","","097847","REGULAR","2022-01-01","LOVES TRAVEL STOP","VISALIA","CA","CALIFORNIA","84853","TRACTOR(DAY)","920122","DIESEL #2 ULTRA-LOW SULFUR CARB WIT","DIESEL","88","4.6530","409.46","409.46","GAL","2022-01-01","1","USD","E","LINGARAJ, NAVEEN","0","F","CL191","0123 WILLOW AVE.","","93204-0000","PM003","0","NO","409.46","0","0","0","0","3500416","3850416","FALLON LOGISTICS","PDX","FALLON LOGISTICS","VEMURIB1","2022-01-03 00:00:00","EXPORTED FOR PAYMENT","MARTIN1","2022-01-18 00:00:00","CST","VEMURIB1","2022-01-03 00:00:00","202201","","Other Auxiliary Equipment","0.1"
"617341","OGG","77OGG","S2067","001000417","F","FUELMAN MASTERCARD","CHDLZ","PREFERRED","DIESEL","","093140","REGULAR","2022-01-01","EXXON MOBIL","BAKERSFIELD","CA","CALIFORNIA","83366","TANKER","647558","UNLEADED GASOLINE","PREMIUM","57","3.8160","217.51","217.51","GAL","2022-01-01","1","USD","E","LINGARAJ, NAVEEN","0","F","CL191","9012 ELM ST.","","93204-0000","PM003","0","NO","217.51","0","0","0","0","3500417","3850417","FALLON LOGISTICS","OGG","FALLON LOGISTICS","VEMURIB1","2022-01-03 00:00:00","EXPORTED FOR PAYMENT","THOMAS1","2022-01-18 00:00:00","CST","VEMURIB1","2022-01-03 00:00:00","202201","","Other Auxiliary Equipment","0.1"
"617342","SFO","77SFO","S2072","001000418","F","FUELMAN MASTERCARD","CHDLZ","PREFERRED","DIESEL #2 ULTRA-LOW SULFUR CARB WIT","","093381","REGULAR","2022-01-01","CHEVRON FUEL","FRESNO","CA","CALIFORNIA","86081","TRAILER","993062","UNLEADED GASOLINE","UNLEADED","145","3.5820","519.39","519.39","GAL","2022-01-01","1","USD","E","LINGARAJ, NAVEEN","0","F","CL191","5678 OAK AVE.","","93204-0000","PM003","0","NO","519.39","0","0","0","0","3500418","3850418","FALLON LOGISTICS","SFO","FALLON LOGISTICS","MILLER1","2022-01-03 00:00:00","EXPORTED FOR PAYMENT","MOORE1","2022-01-18 00:00:00","CST","MILLER1","2022-01-03 00:00:00","202201","","Other Auxiliary Equipment","0.1"
"617343","SEA","77SEA","S2065","001000419","F","FUELMAN MASTERCARD","CHDLZ","PREFERRED","UNLEADED GASOLINE","","094406","REGULAR","2022-01-01","EXXON MOBIL","BAKERSFIELD","CA","CALIFORNIA","88837","TRACTOR(DAY)","990826","PREMIUM UNLEADED","UNLEADED","78","5.1250","399.75","399.75","GAL","2022-01-01","1","USD","E","LINGARAJ, NAVEEN","0","F","CL191","9012 ELM ST.","","93204-0000","PM003","0","NO","399.75","0","0","0","0","3500419","3850419","FALLON LOGISTICS","SEA","FALLON LOGISTICS","JONES1","2022-01-03 00:00:00","EXPORTED FOR PAYMENT","JACKSON1","2022-01-18 00:00:00","CST","VEMURIB1","2022-01-03 00:00:00","202201","","Other Auxiliary Equipment","0.1"
"617344","SAN","77SAN","S2068","001000420","F","FUELMAN MASTERCARD","CHDLZ","PREFERRED","DIESEL","","095353","REGULAR","2022-01-01","CHEVRON FUEL","FRESNO","CA","CALIFORNIA","89674","TRAILER","832849","DIESEL","DIESEL","81","3.9340","318.65","318.65","GAL","2022-01-01","1","USD","E","LINGARAJ, NAVEEN","0","F","CL191","5678 OAK AVE.","","93204-0000","PM003","0","NO","318.65","0","0","0","0","3500420","3850420","FALLON LOGISTICS","SAN","FALLON LOGISTICS","MILLER1","2022-01-03 00:00:00","EXPORTED FOR PAYMENT","CAPWELA1","2022-01-18 00:00:00","CST","DAVIS1","2022-01-03 00:00:00","202201","","Other Auxiliary Equipment","0.1"
"617345","SEA","77SEA","S2073","001000421","F","FUELMAN MASTERCARD","CHDLZ","PREFERRED","DIESEL #2 ULTRA-LOW SULFUR CARB WIT","","099022","REGULAR","2022-01-01","SUNOCO STATION","SAN DIEGO","CA","CALIFORNIA","83152","TANKER","783571","DIESEL","UNLEADED","53","4.9500","262.35","262.35","GAL","2022-01-01","1","USD","E","LINGARAJ, NAVEEN","0","F","CL191","7890 MAPLE AVE.","","93204-0000","PM003","0","NO","262.35","0","0","0","0","3500421","3850421","FALLON LOGISTICS","SEA","FALLON LOGISTICS","WILSON1","2022-01-03 00:00:00","EXPORTED FOR PAYMENT","MARTIN1","2022-01-18 00:00:00","CST","BROWN1","2022-01-03 00:00:00","202201","","Other Auxiliary Equipment","0.1"
"617346","FNL","77FNL","S2070","001000422","F","FUELMAN MASTERCARD","CHDLZ","PREFERRED","UNLEADED GASOLINE","","097320","REGULAR","2022-01-01","ONE9 EZ TRIP 1277","AVENAL","CA","CALIFORNIA","86100","CONTAINER","979541","UNLEADED GASOLINE","DIESEL","66","3.5960","237.34","237.34","GAL","2022-01-01","1","USD","E","LINGARAJ, NAVEEN","0","F","CL191","44779 S. LASSEN AVE.","","93204-0000","PM003","0","NO","237.34","0","0","0","0","3500422","3850422","FALLON LOGISTICS","FNL","FALLON LOGISTICS","DAVIS1","2022-01-03 00:00:00","EXPORTED FOR PAYMENT","THOMAS1","2022-01-18 00:00:00","CST","WILLIAMS1","2022-01-03 00:00:00","202201","","Other Auxiliary Equipment","0.1"
"617347","SEA","77SEA","S2074","001000423","F","FUELMAN MASTERCARD","CHDLZ","PREFERRED","DIESEL","","096612","REGULAR","2022-01-01","EXXON MOBIL","BAKERSFIELD","CA","CALIFORNIA","87157","TANKER","563625","UNLEADED GASOLINE","GASOLINE","84","5.2570","441.59","441.59","GAL","2022-01-01","1","USD","E","LINGARAJ, NAVEEN","0","F","CL191","9012 ELM ST.","","93204-0000","PM003","0","NO","441.59","0","0","0","0","3500423","3850423","FALLON LOGISTICS","SEA","FALLON LOGISTICS","JONES1","2022-01-03 00:00:00","EXPORTED FOR PAYMENT","CAPWELA1","2022-01-18 00:00:00","CST","VEMURIB1","2022-01-03 00:00:00","202201","","Other Auxiliary Equipment","0.1"
"617348","PHX","77PHX","S2074","001000424","F","FUELMAN MASTERCARD","CHDLZ","PREFERRED","DIESEL #2 ULTRA-LOW SULFUR CARB WIT","","090274","REGULAR","2022-01-01","SHELL GAS STATION","LOS ANGELES","CA","CALIFORNIA","85309","TRAILER","946526","UNLEADED GASOLINE","UNLEADED","118","5.3580","632.24","632.24","GAL","2022-01-01","1","USD","E","LINGARAJ, NAVEEN","0","F","CL191","1234 MAIN ST.","","93204-0000","PM003","0","NO","632.24","0","0","0","0","3500424","3850424","FALLON LOGISTICS","PHX","FALLON LOGISTICS","JONES1","2022-01-03 00:00:00","EXPORTED FOR PAYMENT","MARTIN1","2022-01-18 00:00:00","CST","WILLIAMS1","2022-01-03 00:00:00","202201","","Other Auxiliary Equipment","0.1"
"617349","FNL","77FNL","S2074","001000425","F","FUELMAN MASTERCARD","CHDLZ","PREFERRED","DIESEL","","097286","REGULAR","2022-01-01","PILOT FLYING J","MODESTO","CA","CALIFORNIA","80413","CONTAINER","742825","DIESEL #2 ULTRA-LOW SULFUR CARB WIT","DIESEL","135","4.0030","540.40","540.40","GAL","2022-01-01","1","USD","E","LINGARAJ, NAVEEN","0","F","CL191","6789 BIRCH ST.","","93204-0000","PM003","0","NO","540.40","0","0","0","0","3500425","3850425","FALLON LOGISTICS","FNL","FALLON LOGISTICS","VEMURIB1","2022-01-03 00:00:00","EXPORTED FOR PAYMENT","JACKSON1","2022-01-18 00:00:00","CST","WILLIAMS1","2022-01-03 00:00:00","202201","","Other Auxiliary Equipment","0.1"
"617350","PDX","77PDX","S2072","001000426","F","FUELMAN MASTERCARD","CHDLZ","PREFERRED","PREMIUM UNLEADED","","092469","REGULAR","2022-01-01","LOVES TRAVEL STOP","VISALIA","CA","CALIFORNIA","82119","TRUCK(STRAIGHT)","693329","UNLEADED GASOLINE","PREMIUM","87","4.0600","353.22","353.22","GAL","2022-01-01","1","USD","E","LINGARAJ, NAVEEN","0","F","CL191","0123 WILLOW AVE.","","93204-0000","PM003","0","NO","353.22","0","0","0","0","3500426","3850426","FALLON LOGISTICS","PDX","FALLON LOGISTICS","DAVIS1","2022-01-03 00:00:00","EXPORTED FOR PAYMENT","CAPWELA1","2022-01-18 00:00:00","CST","VEMURIB1","2022-01-03 00:00:00","202201","","Other Auxiliary Equipment","0.1"
"617351","LAX","77LAX","S2067","001000427","F","FUELMAN MASTERCARD","CHDLZ","PREFERRED","DIESEL #2 ULTRA-LOW SULFUR CARB WIT","","099417","REGULAR","2022-01-01","SPEEDWAY","STOCKTON","CA","CALIFORNIA","82272","CONTAINER","861005","PREMIUM UNLEADED","DIESEL","64","4.3510","278.46","278.46","GAL","2022-01-01","1","USD","E","LINGARAJ, NAVEEN","0","F","CL191","2345 ASH ST.","","93204-0000","PM003","0","NO","278.46","0","0","0","0","3500427","3850427","FALLON LOGISTICS","LAX","FALLON LOGISTICS","DAVIS1","2022-01-03 00:00:00","EXPORTED FOR PAYMENT","THOMAS1","2022-01-18 00:00:00","CST","WILLIAMS1","2022-01-03 00:00:00","202201","","Other Auxiliary Equipment","0.1"
"617352","LAS","77LAS","S2065","001000428","F","FUELMAN MASTERCARD","CHDLZ","PREFERRED","DIESEL #2 ULTRA-LOW SULFUR CARB WIT","","091407","REGULAR","2022-01-01","CHEVRON FUEL","FRESNO","CA","CALIFORNIA","86078","CONTAINER","602856","PREMIUM UNLEADED","GASOLINE","63","4.6990","296.04","296.04","GAL","2022-01-01","1","USD","E","LINGARAJ, NAVEEN","0","F","CL191","5678 OAK AVE.","","93204-0000","PM003","0","NO","296.04","0","0","0","0","3500428","3850428","FALLON LOGISTICS","LAS","FALLON LOGISTICS","WILSON1","2022-01-03 00:00:00","EXPORTED FOR PAYMENT","CAPWELA1","2022-01-18 00:00:00","CST","WILLIAMS1","2022-01-03 00:00:00","202201","","Other Auxiliary Equipment","0.1"
"617353","LAS","77LAS","S2067","001000429","F","FUELMAN MASTERCARD","CHDLZ","PREFERRED","DIESEL","","092409","REGULAR","2022-01-01","ONE9 EZ TRIP 1277","AVENAL","CA","CALIFORNIA","80685","TANKER","682778","PREMIUM UNLEADED","PREMIUM","124","4.8550","602.02","602.02","GAL","2022-01-01","1","USD","E","LINGARAJ, NAVEEN","0","F","CL191","44779 S. LASSEN AVE.","","93204-0000","PM003","0","NO","602.02","0","0","0","0","3500429","3850429","FALLON LOGISTICS","LAS","FALLON LOGISTICS","JONES1","2022-01-03 00:00:00","EXPORTED FOR PAYMENT","CAPWELA1","2022-01-18 00:00:00","CST","WILSON1","2022-01-03 00:00:00","202201","","Other Auxiliary Equipment","0.1"
"617354","LAX","77LAX","S2074","001000430","F","FUELMAN MASTERCARD","CHDLZ","PREFERRED","PREMIUM UNLEADED","","092554","REGULAR","2022-01-01","LOVES TRAVEL STOP","VISALIA","CA","CALIFORNIA","89985","CONTAINER","794644","DIESEL #2 ULTRA-LOW SULFUR CARB WIT","UNLEADED","60","4.4270","265.62","265.62","GAL","2022-01-01","1","USD","E","LINGARAJ, NAVEEN","0","F","CL191","0123 WILLOW AVE.","","93204-0000","PM003","0","NO","265.62","0","0","0","0","3500430","3850430","FALLON LOGISTICS","LAX","FALLON LOGISTICS","WILSON1","2022-01-03 00:00:00","EXPORTED FOR PAYMENT","JACKSON1","2022-01-18 00:00:00","CST","JONES1","2022-01-03 00:00:00","202201","","Other Auxiliary Equipment","0.1"
"617355","DEN","77DEN","S2071","001000431","F","FUELMAN MASTERCARD","CHDLZ","PREFERRED","DIESEL #2 ULTRA-LOW SULFUR CARB WIT","","095015","REGULAR","2022-01-01","SHELL GAS STATION","LOS ANGELES","CA","CALIFORNIA","81246","FLATBED","585740","PREMIUM UNLEADED","GASOLINE","114","4.0800","465.12","465.12","GAL","2022-01-01","1","USD","E","LINGARAJ, NAVEEN","0","F","CL191","1234 MAIN ST.","","93204-0000","PM003","0","NO","465.12","0","0","0","0","3500431","3850431","FALLON LOGISTICS","DEN","FALLON LOGISTICS","WILLIAMS1","2022-01-03 00:00:00","EXPORTED FOR PAYMENT","MARTIN1","2022-01-18 00:00:00","CST","DAVIS1","2022-01-03 00:00:00","202201","","Other Auxiliary Equipment","0.1"
"617356","SAN","77SAN","S2066","001000432","F","FUELMAN MASTERCARD","CHDLZ","PREFERRED","UNLEADED GASOLINE","","096213","REGULAR","2022-01-01","TA PETRO","FONTANA","CA","CALIFORNIA","88306","TRACTOR(DAY)","533336","UNLEADED GASOLINE","UNLEADED","52","5.0110","260.57","260.57","GAL","2022-01-01","1","USD","E","LINGARAJ, NAVEEN","0","F","CL191","4567 CEDAR ST.","","93204-0000","PM003","0","NO","260.57","0","0","0","0","3500432","3850432","FALLON LOGISTICS","SAN","FALLON LOGISTICS","MILLER1","2022-01-03 00:00:00","EXPORTED FOR PAYMENT","TAYLOR1","2022-01-18 00:00:00","CST","WILLIAMS1","2022-01-03 00:00:00","202201","","Other Auxiliary Equipment","0.1"
"617357","DEN","77DEN","S2067","001000433","F","FUELMAN MASTERCARD","CHDLZ","PREFERRED","DIESEL #2 ULTRA-LOW SULFUR CARB WIT","","094919","REGULAR","2022-01-01","EXXON MOBIL","BAKERSFIELD","CA","CALIFORNIA","80892","TRACTOR(DAY)","985487","PREMIUM UNLEADED","UNLEADED","59","3.7740","222.67","222.67","GAL","2022-01-01","1","USD","E","LINGARAJ, NAVEEN","0","F","CL191","9012 ELM ST.","","93204-0000","PM003","0","NO","222.67","0","0","0","0","3500433","3850433","FALLON LOGISTICS","DEN","FALLON LOGISTICS","WILLIAMS1","2022-01-03 00:00:00","EXPORTED FOR PAYMENT","JACKSON1","2022-01-18 00:00:00","CST","VEMURIB1","2022-01-03 00:00:00","202201","","Other Auxiliary Equipment","0.1"
"617358","FNL","77FNL","S2071","001000434","F","FUELMAN MASTERCARD","CHDLZ","PREFERRED","DIESEL","","097100","REGULAR","2022-01-01","SUNOCO STATION","SAN DIEGO","CA","CALIFORNIA","87812","TRACTOR(SLEEP)","743160","DIESEL #2 ULTRA-LOW SULFUR CARB WIT","PREMIUM","125","5.0070","625.88","625.88","GAL","2022-01-01","1","USD","E","LINGARAJ, NAVEEN","0","F","CL191","7890 MAPLE AVE.","","93204-0000","PM003","0","NO","625.88","0","0","0","0","3500434","3850434","FALLON LOGISTICS","FNL","FALLON LOGISTICS","SMITH1","2022-01-03 00:00:00","EXPORTED FOR PAYMENT","ANDERSON1","2022-01-18 00:00:00","CST","DAVIS1","2022-01-03 00:00:00","202201","","Other Auxiliary Equipment","0.1"
"617359","PHX","77PHX","S2074","001000435","F","FUELMAN MASTERCARD","CHDLZ","PREFERRED","DIESEL","","097895","REGULAR","2022-01-01","PILOT FLYING J","MODESTO","CA","CALIFORNIA","88365","FLATBED","533967","PREMIUM UNLEADED","GASOLINE","67","4.9300","330.31","330.31","GAL","2022-01-01","1","USD","E","LINGARAJ, NAVEEN","0","F","CL191","6789 BIRCH ST.","","93204-0000","PM003","0","NO","330.31","0","0","0","0","3500435","3850435","FALLON LOGISTICS","PHX","FALLON LOGISTICS","WILSON1","2022-01-03 00:00:00","EXPORTED FOR PAYMENT","JACKSON1","2022-01-18 00:00:00","CST","SMITH1","2022-01-03 00:00:00","202201","","Other Auxiliary Equipment","0.1"
"617360","LAX","77LAX","S2069","001000436","F","FUELMAN MASTERCARD","CHDLZ","PREFERRED","UNLEADED GASOLINE","","090403","REGULAR","2022-01-01","EXXON MOBIL","BAKERSFIELD","CA","CALIFORNIA","85099","TRACTOR(SLEEP)","840028","PREMIUM UNLEADED","PREMIUM","141","5.2350","738.14","738.14","GAL","2022-01-01","1","USD","E","LINGARAJ, NAVEEN","0","F","CL191","9012 ELM ST.","","93204-0000","PM003","0","NO","738.14","0","0","0","0","3500436","3850436","FALLON LOGISTICS","LAX","FALLON LOGISTICS","VEMURIB1","2022-01-03 00:00:00","EXPORTED FOR PAYMENT","THOMAS1","2022-01-18 00:00:00","CST","WILSON1","2022-01-03 00:00:00","202201","","Other Auxiliary Equipment","0.1"
"617361","OGG","77OGG","S2074","001000437","F","FUELMAN MASTERCARD","CHDLZ","PREFERRED","DIESEL #2 ULTRA-LOW SULFUR CARB WIT","","093109","REGULAR","2022-01-01","SHELL GAS STATION","LOS ANGELES","CA","CALIFORNIA","81184","TRACTOR(SLEEP)","751061","DIESEL","DIESEL","149","4.3240","644.28","644.28","GAL","2022-01-01","1","USD","E","LINGARAJ, NAVEEN","0","F","CL191","1234 MAIN ST.","","93204-0000","PM003","0","NO","644.28","0","0","0","0","3500437","3850437","FALLON LOGISTICS","OGG","FALLON LOGISTICS","DAVIS1","2022-01-03 00:00:00","EXPORTED FOR PAYMENT","MARTIN1","2022-01-18 00:00:00","CST","VEMURIB1","2022-01-03 00:00:00","202201","","Other Auxiliary Equipment","0.1"
"617362","OGG","77OGG","S2065","001000438","F","FUELMAN MASTERCARD","CHDLZ","PREFERRED","DIESEL","","093657","REGULAR","2022-01-01","SUNOCO STATION","SAN DIEGO","CA","CALIFORNIA","82285","FLATBED","717074","PREMIUM UNLEADED","PREMIUM","65","5.1400","334.10","334.10","GAL","2022-01-01","1","USD","E","LINGARAJ, NAVEEN","0","F","CL191","7890 MAPLE AVE.","","93204-0000","PM003","0","NO","334.10","0","0","0","0","3500438","3850438","FALLON LOGISTICS","OGG","FALLON LOGISTICS","WILLIAMS1","2022-01-03 00:00:00","EXPORTED FOR PAYMENT","CAPWELA1","2022-01-18 00:00:00","CST","MILLER1","2022-01-03 00:00:00","202201","","Other Auxiliary Equipment","0.1"
"617363","PHX","77PHX","S2068","001000439","F","FUELMAN MASTERCARD","CHDLZ","PREFERRED","UNLEADED GASOLINE","","090786","REGULAR","2022-01-01","BP FUEL STOP","SACRAMENTO","CA","CALIFORNIA","89310","TRUCK(STRAIGHT)","832173","DIESEL #2 ULTRA-LOW SULFUR CARB WIT","PREMIUM","89","4.0420","359.74","359.74","GAL","2022-01-01","1","USD","E","LINGARAJ, NAVEEN","0","F","CL191","3456 PINE ST.","","93204-0000","PM003","0","NO","359.74","0","0","0","0","3500439","3850439","FALLON LOGISTICS","PHX","FALLON LOGISTICS","JONES1","2022-01-03 00:00:00","EXPORTED FOR PAYMENT","JACKSON1","2022-01-18 00:00:00","CST","BROWN1","2022-01-03 00:00:00","202201","","Other Auxiliary Equipment","0.1"
"617364","FNL","77FNL","S2074","001000440","F","FUELMAN MASTERCARD","CHDLZ","PREFERRED","DIESEL","","098245","REGULAR","2022-01-01","BP FUEL STOP","SACRAMENTO","CA","CALIFORNIA","84045","TRAILER","726919","PREMIUM UNLEADED","PREMIUM","149","4.8150","717.44","717.44","GAL","2022-01-01","1","USD","E","LINGARAJ, NAVEEN","0","F","CL191","3456 PINE ST.","","93204-0000","PM003","0","NO","717.44","0","0","0","0","3500440","3850440","FALLON LOGISTICS","FNL","FALLON LOGISTICS","MILLER1","2022-01-03 00:00:00","EXPORTED FOR PAYMENT","THOMAS1","2022-01-18 00:00:00","CST","BROWN1","2022-01-03 00:00:00","202201","","Other Auxiliary Equipment","0.1"
"617365","OGG","77OGG","S2070","001000441","F","FUELMAN MASTERCARD","CHDLZ","PREFERRED","DIESEL #2 ULTRA-LOW SULFUR CARB WIT","","090414","REGULAR","2022-01-01","CHEVRON FUEL","FRESNO","CA","CALIFORNIA","87638","TANKER","616357","PREMIUM UNLEADED","UNLEADED","85","5.1260","435.71","435.71","GAL","2022-01-01","1","USD","E","LINGARAJ, NAVEEN","0","F","CL191","5678 OAK AVE.","","93204-0000","PM003","0","NO","435.71","0","0","0","0","3500441","3850441","FALLON LOGISTICS","OGG","FALLON LOGISTICS","WILLIAMS1","2022-01-03 00:00:00","EXPORTED FOR PAYMENT","MARTIN1","2022-01-18 00:00:00","CST","MILLER1","2022-01-03 00:00:00","202201","","Other Auxiliary Equipment","0.1"
"617366","LAX","77LAX","S2073","001000442","F","FUELMAN MASTERCARD","CHDLZ","PREFERRED","UNLEADED GASOLINE","","092111","REGULAR","2022-01-01","CHEVRON FUEL","FRESNO","CA","CALIFORNIA","85695","TRAILER","825949","DIESEL #2 ULTRA-LOW SULFUR CARB WIT","DIESEL","62","3.7840","234.61","234.61","GAL","2022-01-01","1","USD","E","LINGARAJ, NAVEEN","0","F","CL191","5678 OAK AVE.","","93204-0000","PM003","0","NO","234.61","0","0","0","0","3500442","3850442","FALLON LOGISTICS","LAX","FALLON LOGISTICS","WILSON1","2022-01-03 00:00:00","EXPORTED FOR PAYMENT","MARTIN1","2022-01-18 00:00:00","CST","VEMURIB1","2022-01-03 00:00:00","202201","","Other Auxiliary Equipment","0.1"
"617367","SFO","77SFO","S2068","001000443","F","FUELMAN MASTERCARD","CHDLZ","PREFERRED","DIESEL","","099151","REGULAR","2022-01-01","SHELL GAS STATION","LOS ANGELES","CA","CALIFORNIA","81688","TRACTOR(SLEEP)","885823","DIESEL","DIESEL","140","3.9570","553.98","553.98","GAL","2022-01-01","1","USD","E","LINGARAJ, NAVEEN","0","F","CL191","1234 MAIN ST.","","93204-0000","PM003","0","NO","553.98","0","0","0","0","3500443","3850443","FALLON LOGISTICS","SFO","FALLON LOGISTICS","MILLER1","2022-01-03 00:00:00","EXPORTED FOR PAYMENT","CAPWELA1","2022-01-18 00:00:00","CST","VEMURIB1","2022-01-03 00:00:00","202201","","Other Auxiliary Equipment","0.1"
"617368","DEN","77DEN","S2067","001000444","F","FUELMAN MASTERCARD","CHDLZ","PREFERRED","DIESEL","","095332","REGULAR","2022-01-01","BP FUEL STOP","SACRAMENTO","CA","CALIFORNIA","89629","TRACTOR(DAY)","575878","DIESEL","DIESEL","66","5.3990","356.33","356.33","GAL","2022-01-01","1","USD","E","LINGARAJ, NAVEEN","0","F","CL191","3456 PINE ST.","","93204-0000","PM003","0","NO","356.33","0","0","0","0","3500444","3850444","FALLON LOGISTICS","DEN","FALLON LOGISTICS","BROWN1","2022-01-03 00:00:00","EXPORTED FOR PAYMENT","THOMAS1","2022-01-18 00:00:00","CST","MILLER1","2022-01-03 00:00:00","202201","","Other Auxiliary Equipment","0.1"
"617369","DEN","77DEN","S2067","001000445","F","FUELMAN MASTERCARD","CHDLZ","PREFERRED","PREMIUM UNLEADED","","091538","REGULAR","2022-01-01","SUNOCO STATION","SAN DIEGO","CA","CALIFORNIA","82102","CONTAINER","764674","DIESEL #2 ULTRA-LOW SULFUR CARB WIT","PREMIUM","122","4.2270","515.69","515.69","GAL","2022-01-01","1","USD","E","LINGARAJ, NAVEEN","0","F","CL191","7890 MAPLE AVE.","","93204-0000","PM003","0","NO","515.69","0","0","0","0","3500445","3850445","FALLON LOGISTICS","DEN","FALLON LOGISTICS","WILLIAMS1","2022-01-03 00:00:00","EXPORTED FOR PAYMENT","MARTIN1","2022-01-18 00:00:00","CST","WILLIAMS1","2022-01-03 00:00:00","202201","","Other Auxiliary Equipment","0.1"
"617370","DEN","77DEN","S2069","001000446","F","FUELMAN MASTERCARD","CHDLZ","PREFERRED","PREMIUM UNLEADED","","099377","REGULAR","2022-01-01","EXXON MOBIL","BAKERSFIELD","CA","CALIFORNIA","81838","TANKER","566036","UNLEADED GASOLINE","UNLEADED","147","4.4200","649.74","649.74","GAL","2022-01-01","1","USD","E","LINGARAJ, NAVEEN","0","F","CL191","9012 ELM ST.","","93204-0000","PM003","0","NO","649.74","0","0","0","0","3500446","3850446","FALLON LOGISTICS","DEN","FALLON LOGISTICS","DAVIS1","2022-01-03 00:00:00","EXPORTED FOR PAYMENT","THOMAS1","2022-01-18 00:00:00","CST","BROWN1","2022-01-03 00:00:00","202201","","Other Auxiliary Equipment","0.1"
"617371","LAX","77LAX","S2072","001000447","F","FUELMAN MASTERCARD","CHDLZ","PREFERRED","DIESEL","","095786","REGULAR","2022-01-01","BP FUEL STOP","SACRAMENTO","CA","CALIFORNIA","88325","TRUCK(STRAIGHT)","884740","PREMIUM UNLEADED","UNLEADED","110","5.3610","589.71","589.71","GAL","2022-01-01","1","USD","E","LINGARAJ, NAVEEN","0","F","CL191","3456 PINE ST.","","93204-0000","PM003","0","NO","589.71","0","0","0","0","3500447","3850447","FALLON LOGISTICS","LAX","FALLON LOGISTICS","MILLER1","2022-01-03 00:00:00","EXPORTED FOR PAYMENT","JACKSON1","2022-01-18 00:00:00","CST","SMITH1","2022-01-03 00:00:00","202201","","Other Auxiliary Equipment","0.1"
"617372","SAN","77SAN","S2067","001000448","F","FUELMAN MASTERCARD","CHDLZ","PREFERRED","DIESEL #2 ULTRA-LOW SULFUR CARB WIT","","093283","REGULAR","2022-01-01","EXXON MOBIL","BAKERSFIELD","CA","CALIFORNIA","84594","VAN","809087","DIESEL","DIESEL","88","5.0870","447.66","447.66","GAL","2022-01-01","1","USD","E","LINGARAJ, NAVEEN","0","F","CL191","9012 ELM ST.","","93204-0000","PM003","0","NO","447.66","0","0","0","0","3500448","3850448","FALLON LOGISTICS","SAN","FALLON LOGISTICS","JONES1","2022-01-03 00:00:00","EXPORTED FOR PAYMENT","JACKSON1","2022-01-18 00:00:00","CST","SMITH1","2022-01-03 00:00:00","202201","","Other Auxiliary Equipment","0.1"
"617373","SAN","77SAN","S2065","001000449","F","FUELMAN MASTERCARD","CHDLZ","PREFERRED","PREMIUM UNLEADED","","097988","REGULAR","2022-01-01","LOVES TRAVEL STOP","VISALIA","CA","CALIFORNIA","81370","TRUCK(STRAIGHT)","704540","UNLEADED GASOLINE","PREMIUM","139","5.0320","699.45","699.45","GAL","2022-01-01","1","USD","E","LINGARAJ, NAVEEN","0","F","CL191","0123 WILLOW AVE.","","93204-0000","PM003","0","NO","699.45","0","0","0","0","3500449","3850449","FALLON LOGISTICS","SAN","FALLON LOGISTICS","VEMURIB1","2022-01-03 00:00:00","EXPORTED FOR PAYMENT","JACKSON1","2022-01-18 00:00:00","CST","MILLER1","2022-01-03 00:00:00","202201","","Other Auxiliary Equipment","0.1"
"617374","LAS","77LAS","S2067","001000450","F","FUELMAN MASTERCARD","CHDLZ","PREFERRED","UNLEADED GASOLINE","","094601","REGULAR","2022-01-01","EXXON MOBIL","BAKERSFIELD","CA","CALIFORNIA","83194","TRUCK(STRAIGHT)","886168","UNLEADED GASOLINE","PREMIUM","134","5.1660","692.24","692.24","GAL","2022-01-01","1","USD","E","LINGARAJ, NAVEEN","0","F","CL191","9012 ELM ST.","","93204-0000","PM003","0","NO","692.24","0","0","0","0","3500450","3850450","FALLON LOGISTICS","LAS","FALLON LOGISTICS","SMITH1","2022-01-03 00:00:00","EXPORTED FOR PAYMENT","TAYLOR1","2022-01-18 00:00:00","CST","WILSON1","2022-01-03 00:00:00","202201","","Other Auxiliary Equipment","0.1"
"617375","SFO","77SFO","S2070","001000451","F","FUELMAN MASTERCARD","CHDLZ","PREFERRED","DIESEL","","092089","REGULAR","2022-01-01","CHEVRON FUEL","FRESNO","CA","CALIFORNIA","86898","TANKER","739504","UNLEADED GASOLINE","PREMIUM","82","4.3650","357.93","357.93","GAL","2022-01-01","1","USD","E","LINGARAJ, NAVEEN","0","F","CL191","5678 OAK AVE.","","93204-0000","PM003","0","NO","357.93","0","0","0","0","3500451","3850451","FALLON LOGISTICS","SFO","FALLON LOGISTICS","WILSON1","2022-01-03 00:00:00","EXPORTED FOR PAYMENT","MARTIN1","2022-01-18 00:00:00","CST","WILSON1","2022-01-03 00:00:00","202201","","Other Auxiliary Equipment","0.1"
"617376","LAX","77LAX","S2071","001000452","F","FUELMAN MASTERCARD","CHDLZ","PREFERRED","DIESEL","","090114","REGULAR","2022-01-01","SUNOCO STATION","SAN DIEGO","CA","CALIFORNIA","82586","CONTAINER","805432","UNLEADED GASOLINE","GASOLINE","108","4.8030","518.72","518.72","GAL","2022-01-01","1","USD","E","LINGARAJ, NAVEEN","0","F","CL191","7890 MAPLE AVE.","","93204-0000","PM003","0","NO","518.72","0","0","0","0","3500452","3850452","FALLON LOGISTICS","LAX","FALLON LOGISTICS","WILSON1","2022-01-03 00:00:00","EXPORTED FOR PAYMENT","CAPWELA1","2022-01-18 00:00:00","CST","MILLER1","2022-01-03 00:00:00","202201","","Other Auxiliary Equipment","0.1"
"617377","PHX","77PHX","S2072","001000453","F","FUELMAN MASTERCARD","CHDLZ","PREFERRED","UNLEADED GASOLINE","","094454","REGULAR","2022-01-01","SPEEDWAY","STOCKTON","CA","CALIFORNIA","88467","CONTAINER","716431","DIESEL #2 ULTRA-LOW SULFUR CARB WIT","PREMIUM","108","4.4480","480.38","480.38","GAL","2022-01-01","1","USD","E","LINGARAJ, NAVEEN","0","F","CL191","2345 ASH ST.","","93204-0000","PM003","0","NO","480.38","0","0","0","0","3500453","3850453","FALLON LOGISTICS","PHX","FALLON LOGISTICS","WILLIAMS1","2022-01-03 00:00:00","EXPORTED FOR PAYMENT","THOMAS1","2022-01-18 00:00:00","CST","MILLER1","2022-01-03 00:00:00","202201","","Other Auxiliary Equipment","0.1"
"617378","SEA","77SEA","S2066","001000454","F","FUELMAN MASTERCARD","CHDLZ","PREFERRED","UNLEADED GASOLINE","","097848","REGULAR","2022-01-01","SHELL GAS STATION","LOS ANGELES","CA","CALIFORNIA","80407","TANKER","961468","DIESEL #2 ULTRA-LOW SULFUR CARB WIT","DIESEL","73","4.5700","333.61","333.61","GAL","2022-01-01","1","USD","E","LINGARAJ, NAVEEN","0","F","CL191","1234 MAIN ST.","","93204-0000","PM003","0","NO","333.61","0","0","0","0","3500454","3850454","FALLON LOGISTICS","SEA","FALLON LOGISTICS","MILLER1","2022-01-03 00:00:00","EXPORTED FOR PAYMENT","JOHNSON1","2022-01-18 00:00:00","CST","JONES1","2022-01-03 00:00:00","202201","","Other Auxiliary Equipment","0.1"
"617379","PDX","77PDX","S2068","001000455","F","FUELMAN MASTERCARD","CHDLZ","PREFERRED","PREMIUM UNLEADED","","098432","REGULAR","2022-01-01","TA PETRO","FONTANA","CA","CALIFORNIA","82914","TANKER","825709","PREMIUM UNLEADED","UNLEADED","63","4.1670","262.52","262.52","GAL","2022-01-01","1","USD","E","LINGARAJ, NAVEEN","0","F","CL191","4567 CEDAR ST.","","93204-0000","PM003","0","NO","262.52","0","0","0","0","3500455","3850455","FALLON LOGISTICS","PDX","FALLON LOGISTICS","MILLER1","2022-01-03 00:00:00","EXPORTED FOR PAYMENT","MOORE1","2022-01-18 00:00:00","CST","VEMURIB1","2022-01-03 00:00:00","202201","","Other Auxiliary Equipment","0.1"
"617380","LAX","77LAX","S2067","001000456","F","FUELMAN MASTERCARD","CHDLZ","PREFERRED","DIESEL","","098300","REGULAR","2022-01-01","ONE9 EZ TRIP 1277","AVENAL","CA","CALIFORNIA","89623","TRUCK(STRAIGHT)","755011","DIESEL #2 ULTRA-LOW SULFUR CARB WIT","UNLEADED","59","4.7630","281.02","281.02","GAL","2022-01-01","1","USD","E","LINGARAJ, NAVEEN","0","F","CL191","44779 S. LASSEN AVE.","","93204-0000","PM003","0","NO","281.02","0","0","0","0","3500456","3850456","FALLON LOGISTICS","LAX","FALLON LOGISTICS","SMITH1","2022-01-03 00:00:00","EXPORTED FOR PAYMENT","MOORE1","2022-01-18 00:00:00","CST","WILLIAMS1","2022-01-03 00:00:00","202201","","Other Auxiliary Equipment","0.1"
"617381","DEN","77DEN","S2066","001000457","F","FUELMAN MASTERCARD","CHDLZ","PREFERRED","PREMIUM UNLEADED","","097221","REGULAR","2022-01-01","SPEEDWAY","STOCKTON","CA","CALIFORNIA","88235","TRACTOR(DAY)","769796","DIESEL #2 ULTRA-LOW SULFUR CARB WIT","DIESEL","131","5.2200","683.82","683.82","GAL","2022-01-01","1","USD","E","LINGARAJ, NAVEEN","0","F","CL191","2345 ASH ST.","","93204-0000","PM003","0","NO","683.82","0","0","0","0","3500457","3850457","FALLON LOGISTICS","DEN","FALLON LOGISTICS","BROWN1","2022-01-03 00:00:00","EXPORTED FOR PAYMENT","MARTIN1","2022-01-18 00:00:00","CST","JONES1","2022-01-03 00:00:00","202201","","Other Auxiliary Equipment","0.1"
"617382","OGG","77OGG","S2074","001000458","F","FUELMAN MASTERCARD","CHDLZ","PREFERRED","UNLEADED GASOLINE","","096672","REGULAR","2022-01-01","CHEVRON FUEL","FRESNO","CA","CALIFORNIA","80780","TRACTOR(SLEEP)","809822","UNLEADED GASOLINE","GASOLINE","104","4.4350","461.24","461.24","GAL","2022-01-01","1","USD","E","LINGARAJ, NAVEEN","0","F","CL191","5678 OAK AVE.","","93204-0000","PM003","0","NO","461.24","0","0","0","0","3500458","3850458","FALLON LOGISTICS","OGG","FALLON LOGISTICS","SMITH1","2022-01-03 00:00:00","EXPORTED FOR PAYMENT","MOORE1","2022-01-18 00:00:00","CST","WILLIAMS1","2022-01-03 00:00:00","202201","","Other Auxiliary Equipment","0.1"
"617383","DEN","77DEN","S2071","001000459","F","FUELMAN MASTERCARD","CHDLZ","PREFERRED","UNLEADED GASOLINE","","092955","REGULAR","2022-01-01","TA PETRO","FONTANA","CA","CALIFORNIA","88534","TRACTOR(SLEEP)","590116","PREMIUM UNLEADED","GASOLINE","99","4.0150","397.48","397.48","GAL","2022-01-01","1","USD","E","LINGARAJ, NAVEEN","0","F","CL191","4567 CEDAR ST.","","93204-0000","PM003","0","NO","397.48","0","0","0","0","3500459","3850459","FALLON LOGISTICS","DEN","FALLON LOGISTICS","DAVIS1","2022-01-03 00:00:00","EXPORTED FOR PAYMENT","MOORE1","2022-01-18 00:00:00","CST","JONES1","2022-01-03 00:00:00","202201","","Other Auxiliary Equipment","0.1"
"617384","OGG","77OGG","S2065","001000460","F","FUELMAN MASTERCARD","CHDLZ","PREFERRED","PREMIUM UNLEADED","","096647","REGULAR","2022-01-01","EXXON MOBIL","BAKERSFIELD","CA","CALIFORNIA","84990","FLATBED","742421","DIESEL","UNLEADED","87","4.8880","425.26","425.26","GAL","2022-01-01","1","USD","E","LINGARAJ, NAVEEN","0","F","CL191","9012 ELM ST.","","93204-0000","PM003","0","NO","425.26","0","0","0","0","3500460","3850460","FALLON LOGISTICS","OGG","FALLON LOGISTICS","BROWN1","2022-01-03 00:00:00","EXPORTED FOR PAYMENT","JACKSON1","2022-01-18 00:00:00","CST","DAVIS1","2022-01-03 00:00:00","202201","","Other Auxiliary Equipment","0.1"
"617385","LAX","77LAX","S2067","001000461","F","FUELMAN MASTERCARD","CHDLZ","PREFERRED","UNLEADED GASOLINE","","097278","REGULAR","2022-01-01","SHELL GAS STATION","LOS ANGELES","CA","CALIFORNIA","86199","TANKER","758736","DIESEL","GASOLINE","83","4.7830","396.99","396.99","GAL","2022-01-01","1","USD","E","LINGARAJ, NAVEEN","0","F","CL191","1234 MAIN ST.","","93204-0000","PM003","0","NO","396.99","0","0","0","0","3500461","3850461","FALLON LOGISTICS","LAX","FALLON LOGISTICS","WILLIAMS1","2022-01-03 00:00:00","EXPORTED FOR PAYMENT","MOORE1","2022-01-18 00:00:00","CST","WILLIAMS1","2022-01-03 00:00:00","202201","","Other Auxiliary Equipment","0.1"
"617386","LAS","77LAS","S2067","001000462","F","FUELMAN MASTERCARD","CHDLZ","PREFERRED","DIESEL","","098328","REGULAR","2022-01-01","EXXON MOBIL","BAKERSFIELD","CA","CALIFORNIA","83535","CONTAINER","834920","DIESEL","UNLEADED","131","3.7170","486.93","486.93","GAL","2022-01-01","1","USD","E","LINGARAJ, NAVEEN","0","F","CL191","9012 ELM ST.","","93204-0000","PM003","0","NO","486.93","0","0","0","0","3500462","3850462","FALLON LOGISTICS","LAS","FALLON LOGISTICS","WILSON1","2022-01-03 00:00:00","EXPORTED FOR PAYMENT","ANDERSON1","2022-01-18 00:00:00","CST","SMITH1","2022-01-03 00:00:00","202201","","Other Auxiliary Equipment","0.1"
"617387","LAS","77LAS","S2072","001000463","F","FUELMAN MASTERCARD","CHDLZ","PREFERRED","DIESEL #2 ULTRA-LOW SULFUR CARB WIT","","090827","REGULAR","2022-01-01","CHEVRON FUEL","FRESNO","CA","CALIFORNIA","88011","TANKER","506353","DIESEL #2 ULTRA-LOW SULFUR CARB WIT","DIESEL","144","4.2090","606.10","606.10","GAL","2022-01-01","1","USD","E","LINGARAJ, NAVEEN","0","F","CL191","5678 OAK AVE.","","93204-0000","PM003","0","NO","606.10","0","0","0","0","3500463","3850463","FALLON LOGISTICS","LAS","FALLON LOGISTICS","BROWN1","2022-01-03 00:00:00","EXPORTED FOR PAYMENT","CAPWELA1","2022-01-18 00:00:00","CST","JONES1","2022-01-03 00:00:00","202201","","Other Auxiliary Equipment","0.1"
"617388","SFO","77SFO","S2071","001000464","F","FUELMAN MASTERCARD","CHDLZ","PREFERRED","DIESEL","","093139","REGULAR","2022-01-01","BP FUEL STOP","SACRAMENTO","CA","CALIFORNIA","84797","TANKER","995035","UNLEADED GASOLINE","GASOLINE","119","3.5420","421.50","421.50","GAL","2022-01-01","1","USD","E","LINGARAJ, NAVEEN","0","F","CL191","3456 PINE ST.","","93204-0000","PM003","0","NO","421.50","0","0","0","0","3500464","3850464","FALLON LOGISTICS","SFO","FALLON LOGISTICS","WILSON1","2022-01-03 00:00:00","EXPORTED FOR PAYMENT","MARTIN1","2022-01-18 00:00:00","CST","SMITH1","2022-01-03 00:00:00","202201","","Other Auxiliary Equipment","0.1"
"617389","SFO","77SFO","S2070","001000465","F","FUELMAN MASTERCARD","CHDLZ","PREFERRED","DIESEL","","091878","REGULAR","2022-01-01","LOVES TRAVEL STOP","VISALIA","CA","CALIFORNIA","84294","TRACTOR(DAY)","885015","DIESEL","UNLEADED","133","4.9670","660.61","660.61","GAL","2022-01-01","1","USD","E","LINGARAJ, NAVEEN","0","F","CL191","0123 WILLOW AVE.","","93204-0000","PM003","0","NO","660.61","0","0","0","0","3500465","3850465","FALLON LOGISTICS","SFO","FALLON LOGISTICS","VEMURIB1","2022-01-03 00:00:00","EXPORTED FOR PAYMENT","JOHNSON1","2022-01-18 00:00:00","CST","WILSON1","2022-01-03 00:00:00","202201","","Other Auxiliary Equipment","0.1"
"617390","PHX","77PHX","S2071","001000466","F","FUELMAN MASTERCARD","CHDLZ","PREFERRED","UNLEADED GASOLINE","","090219","REGULAR","2022-01-01","PILOT FLYING J","MODESTO","CA","CALIFORNIA","86777","TANKER","855727","PREMIUM UNLEADED","GASOLINE","114","4.0040","456.46","456.46","GAL","2022-01-01","1","USD","E","LINGARAJ, NAVEEN","0","F","CL191","6789 BIRCH ST.","","93204-0000","PM003","0","NO","456.46","0","0","0","0","3500466","3850466","FALLON LOGISTICS","PHX","FALLON LOGISTICS","WILLIAMS1","2022-01-03 00:00:00","EXPORTED FOR PAYMENT","JOHNSON1","2022-01-18 00:00:00","CST","SMITH1","2022-01-03 00:00:00","202201","","Other Auxiliary Equipment","0.1"
"617391","DEN","77DEN","S2072","001000467","F","FUELMAN MASTERCARD","CHDLZ","PREFERRED","DIESEL","","093001","REGULAR","2022-01-01","CHEVRON FUEL","FRESNO","CA","CALIFORNIA","89193","FLATBED","719893","DIESEL #2 ULTRA-LOW SULFUR CARB WIT","UNLEADED","107","4.5890","491.02","491.02","GAL","2022-01-01","1","USD","E","LINGARAJ, NAVEEN","0","F","CL191","5678 OAK AVE.","","93204-0000","PM003","0","NO","491.02","0","0","0","0","3500467","3850467","FALLON LOGISTICS","DEN","FALLON LOGISTICS","SMITH1","2022-01-03 00:00:00","EXPORTED FOR PAYMENT","THOMAS1","2022-01-18 00:00:00","CST","SMITH1","2022-01-03 00:00:00","202201","","Other Auxiliary Equipment","0.1"
"617392","LAS","77LAS","S2069","001000468","F","FUELMAN MASTERCARD","CHDLZ","PREFERRED","PREMIUM UNLEADED","","091430","REGULAR","2022-01-01","LOVES TRAVEL STOP","VISALIA","CA","CALIFORNIA","83965","VAN","803292","DIESEL #2 ULTRA-LOW SULFUR CARB WIT","UNLEADED","141","3.8450","542.14","542.14","GAL","2022-01-01","1","USD","E","LINGARAJ, NAVEEN","0","F","CL191","0123 WILLOW AVE.","","93204-0000","PM003","0","NO","542.14","0","0","0","0","3500468","3850468","FALLON LOGISTICS","LAS","FALLON LOGISTICS","DAVIS1","2022-01-03 00:00:00","EXPORTED FOR PAYMENT","JOHNSON1","2022-01-18 00:00:00","CST","BROWN1","2022-01-03 00:00:00","202201","","Other Auxiliary Equipment","0.1"
"617393","OGG","77OGG","S2072","001000469","F","FUELMAN MASTERCARD","CHDLZ","PREFERRED","PREMIUM UNLEADED","","092894","REGULAR","2022-01-01","BP FUEL STOP","SACRAMENTO","CA","CALIFORNIA","89722","FLATBED","548201","DIESEL","GASOLINE","108","4.8070","519.16","519.16","GAL","2022-01-01","1","USD","E","LINGARAJ, NAVEEN","0","F","CL191","3456 PINE ST.","","93204-0000","PM003","0","NO","519.16","0","0","0","0","3500469","3850469","FALLON LOGISTICS","OGG","FALLON LOGISTICS","WILSON1","2022-01-03 00:00:00","EXPORTED FOR PAYMENT","MARTIN1","2022-01-18 00:00:00","CST","MILLER1","2022-01-03 00:00:00","202201","","Other Auxiliary Equipment","0.1"
"617394","PDX","77PDX","S2069","001000470","F","FUELMAN MASTERCARD","CHDLZ","PREFERRED","PREMIUM UNLEADED","","091818","REGULAR","2022-01-01","EXXON MOBIL","BAKERSFIELD","CA","CALIFORNIA","81423","TANKER","658691","UNLEADED GASOLINE","DIESEL","82","5.3110","435.50","435.50","GAL","2022-01-01","1","USD","E","LINGARAJ, NAVEEN","0","F","CL191","9012 ELM ST.","","93204-0000","PM003","0","NO","435.50","0","0","0","0","3500470","3850470","FALLON LOGISTICS","PDX","FALLON LOGISTICS","BROWN1","2022-01-03 00:00:00","EXPORTED FOR PAYMENT","TAYLOR1","2022-01-18 00:00:00","CST","JONES1","2022-01-03 00:00:00","202201","","Other Auxiliary Equipment","0.1"
"617395","LAX","77LAX","S2067","001000471","F","FUELMAN MASTERCARD","CHDLZ","PREFERRED","PREMIUM UNLEADED","","098669","REGULAR","2022-01-01","SUNOCO STATION","SAN DIEGO","CA","CALIFORNIA","86988","TANKER","762832","DIESEL #2 ULTRA-LOW SULFUR CARB WIT","GASOLINE","96","5.0220","482.11","482.11","GAL","2022-01-01","1","USD","E","LINGARAJ, NAVEEN","0","F","CL191","7890 MAPLE AVE.","","93204-0000","PM003","0","NO","482.11","0","0","0","0","3500471","3850471","FALLON LOGISTICS","LAX","FALLON LOGISTICS","SMITH1","2022-01-03 00:00:00","EXPORTED FOR PAYMENT","TAYLOR1","2022-01-18 00:00:00","CST","SMITH1","2022-01-03 00:00:00","202201","","Other Auxiliary Equipment","0.1"
"617396","PHX","77PHX","S2071","001000472","F","FUELMAN MASTERCARD","CHDLZ","PREFERRED","PREMIUM UNLEADED","","093387","REGULAR","2022-01-01","SUNOCO STATION","SAN DIEGO","CA","CALIFORNIA","82816","FLATBED","890179","DIESEL","UNLEADED","137","4.0270","551.70","551.70","GAL","2022-01-01","1","USD","E","LINGARAJ, NAVEEN","0","F","CL191","7890 MAPLE AVE.","","93204-0000","PM003","0","NO","551.70","0","0","0","0","3500472","3850472","FALLON LOGISTICS","PHX","FALLON LOGISTICS","MILLER1","2022-01-03 00:00:00","EXPORTED FOR PAYMENT","MARTIN1","2022-01-18 00:00:00","CST","BROWN1","2022-01-03 00:00:00","202201","","Other Auxiliary Equipment","0.1"
"617397","LAS","77LAS","S2068","001000473","F","FUELMAN MASTERCARD","CHDLZ","PREFERRED","UNLEADED GASOLINE","","093493","REGULAR","2022-01-01","EXXON MOBIL","BAKERSFIELD","CA","CALIFORNIA","82526","FLATBED","996607","DIESEL #2 ULTRA-LOW SULFUR CARB WIT","DIESEL","56","3.5320","197.79","197.79","GAL","2022-01-01","1","USD","E","LINGARAJ, NAVEEN","0","F","CL191","9012 ELM ST.","","93204-0000","PM003","0","NO","197.79","0","0","0","0","3500473","3850473","FALLON LOGISTICS","LAS","FALLON LOGISTICS","MILLER1","2022-01-03 00:00:00","EXPORTED FOR PAYMENT","MOORE1","2022-01-18 00:00:00","CST","JONES1","2022-01-03 00:00:00","202201","","Other Auxiliary Equipment","0.1"
"617398","SFO","77SFO","S2066","001000474","F","FUELMAN MASTERCARD","CHDLZ","PREFERRED","DIESEL","","096015","REGULAR","2022-01-01","TA PETRO","FONTANA","CA","CALIFORNIA","88364","TANKER","622364","UNLEADED GASOLINE","PREMIUM","91","4.6690","424.88","424.88","GAL","2022-01-01","1","USD","E","LINGARAJ, NAVEEN","0","F","CL191","4567 CEDAR ST.","","93204-0000","PM003","0","NO","424.88","0","0","0","0","3500474","3850474","FALLON LOGISTICS","SFO","FALLON LOGISTICS","WILSON1","2022-01-03 00:00:00","EXPORTED FOR PAYMENT","JACKSON1","2022-01-18 00:00:00","CST","WILLIAMS1","2022-01-03 00:00:00","202201","","Other Auxiliary Equipment","0.1"
"617399","LAS","77LAS","S2073","001000475","F","FUELMAN MASTERCARD","CHDLZ","PREFERRED","DIESEL","","091599","REGULAR","2022-01-01","EXXON MOBIL","BAKERSFIELD","CA","CALIFORNIA","83921","TRAILER","629763","DIESEL #2 ULTRA-LOW SULFUR CARB WIT","UNLEADED","98","4.5080","441.78","441.78","GAL","2022-01-01","1","USD","E","LINGARAJ, NAVEEN","0","F","CL191","9012 ELM ST.","","93204-0000","PM003","0","NO","441.78","0","0","0","0","3500475","3850475","FALLON LOGISTICS","LAS","FALLON LOGISTICS","MILLER1","2022-01-03 00:00:00","EXPORTED FOR PAYMENT","MOORE1","2022-01-18 00:00:00","CST","SMITH1","2022-01-03 00:00:00","202201","","Other Auxiliary Equipment","0.1"
"617400","OGG","77OGG","S2073","001000476","F","FUELMAN MASTERCARD","CHDLZ","PREFERRED","DIESEL #2 ULTRA-LOW SULFUR CARB WIT","","096252","REGULAR","2022-01-01","SUNOCO STATION","SAN DIEGO","CA","CALIFORNIA","89152","TRACTOR(SLEEP)","520081","DIESEL","GASOLINE","118","3.9620","467.52","467.52","GAL","2022-01-01","1","USD","E","LINGARAJ, NAVEEN","0","F","CL191","7890 MAPLE AVE.","","93204-0000","PM003","0","NO","467.52","0","0","0","0","3500476","3850476","FALLON LOGISTICS","OGG","FALLON LOGISTICS","WILSON1","2022-01-03 00:00:00","EXPORTED FOR PAYMENT","MARTIN1","2022-01-18 00:00:00","CST","JONES1","2022-01-03 00:00:00","202201","","Other Auxiliary Equipment","0.1"
"617401","SEA","77SEA","S2072","001000477","F","FUELMAN MASTERCARD","CHDLZ","PREFERRED","DIESEL","","095995","REGULAR","2022-01-01","CHEVRON FUEL","FRESNO","CA","CALIFORNIA","84307","FLATBED","745007","DIESEL","PREMIUM","94","4.1640","391.42","391.42","GAL","2022-01-01","1","USD","E","LINGARAJ, NAVEEN","0","F","CL191","5678 OAK AVE.","","93204-0000","PM003","0","NO","391.42","0","0","0","0","3500477","3850477","FALLON LOGISTICS","SEA","FALLON LOGISTICS","WILSON1","2022-01-03 00:00:00","EXPORTED FOR PAYMENT","ANDERSON1","2022-01-18 00:00:00","CST","SMITH1","2022-01-03 00:00:00","202201","","Other Auxiliary Equipment","0.1"
"617402","PDX","77PDX","S2071","001000478","F","FUELMAN MASTERCARD","CHDLZ","PREFERRED","DIESEL #2 ULTRA-LOW SULFUR CARB WIT","","098686","REGULAR","2022-01-01","ONE9 EZ TRIP 1277","AVENAL","CA","CALIFORNIA","84659","TRUCK(STRAIGHT)","827410","UNLEADED GASOLINE","GASOLINE","143","3.9980","571.71","571.71","GAL","2022-01-01","1","USD","E","LINGARAJ, NAVEEN","0","F","CL191","44779 S. LASSEN AVE.","","93204-0000","PM003","0","NO","571.71","0","0","0","0","3500478","3850478","FALLON LOGISTICS","PDX","FALLON LOGISTICS","VEMURIB1","2022-01-03 00:00:00","EXPORTED FOR PAYMENT","TAYLOR1","2022-01-18 00:00:00","CST","SMITH1","2022-01-03 00:00:00","202201","","Other Auxiliary Equipment","0.1"
"617403","SAN","77SAN","S2068","001000479","F","FUELMAN MASTERCARD","CHDLZ","PREFERRED","UNLEADED GASOLINE","","099046","REGULAR","2022-01-01","TA PETRO","FONTANA","CA","CALIFORNIA","86985","TRACTOR(DAY)","771985","DIESEL","PREMIUM","124","3.5210","436.60","436.60","GAL","2022-01-01","1","USD","E","LINGARAJ, NAVEEN","0","F","CL191","4567 CEDAR ST.","","93204-0000","PM003","0","NO","436.60","0","0","0","0","3500479","3850479","FALLON LOGISTICS","SAN","FALLON LOGISTICS","MILLER1","2022-01-03 00:00:00","EXPORTED FOR PAYMENT","THOMAS1","2022-01-18 00:00:00","CST","BROWN1","2022-01-03 00:00:00","202201","","Other Auxiliary Equipment","0.1"
"617404","PDX","77PDX","S2067","001000480","F","FUELMAN MASTERCARD","CHDLZ","PREFERRED","DIESEL #2 ULTRA-LOW SULFUR CARB WIT","","095181","REGULAR","2022-01-01","CHEVRON FUEL","FRESNO","CA","CALIFORNIA","85152","TRACTOR(DAY)","658148","DIESEL","GASOLINE","85","5.3710","456.54","456.54","GAL","2022-01-01","1","USD","E","LINGARAJ, NAVEEN","0","F","CL191","5678 OAK AVE.","","93204-0000","PM003","0","NO","456.54","0","0","0","0","3500480","3850480","FALLON LOGISTICS","PDX","FALLON LOGISTICS","WILLIAMS1","2022-01-03 00:00:00","EXPORTED FOR PAYMENT","JACKSON1","2022-01-18 00:00:00","CST","SMITH1","2022-01-03 00:00:00","202201","","Other Auxiliary Equipment","0.1"
"617405","SAN","77SAN","S2068","001000481","F","FUELMAN MASTERCARD","CHDLZ","PREFERRED","PREMIUM UNLEADED","","099663","REGULAR","2022-01-01","PILOT FLYING J","MODESTO","CA","CALIFORNIA","85235","TRUCK(STRAIGHT)","729391","UNLEADED GASOLINE","UNLEADED","103","4.8310","497.59","497.59","GAL","2022-01-01","1","USD","E","LINGARAJ, NAVEEN","0","F","CL191","6789 BIRCH ST.","","93204-0000","PM003","0","NO","497.59","0","0","0","0","3500481","3850481","FALLON LOGISTICS","SAN","FALLON LOGISTICS","DAVIS1","2022-01-03 00:00:00","EXPORTED FOR PAYMENT","JACKSON1","2022-01-18 00:00:00","CST","BROWN1","2022-01-03 00:00:00","202201","","Other Auxiliary Equipment","0.1"
"617406","PHX","77PHX","S2073","001000482","F","FUELMAN MASTERCARD","CHDLZ","PREFERRED","DIESEL #2 ULTRA-LOW SULFUR CARB WIT","","092008","REGULAR","2022-01-01","PILOT FLYING J","MODESTO","CA","CALIFORNIA","85197","TRACTOR(SLEEP)","757679","UNLEADED GASOLINE","GASOLINE","65","4.0300","261.95","261.95","GAL","2022-01-01","1","USD","E","LINGARAJ, NAVEEN","0","F","CL191","6789 BIRCH ST.","","93204-0000","PM003","0","NO","261.95","0","0","0","0","3500482","3850482","FALLON LOGISTICS","PHX","FALLON LOGISTICS","JONES1","2022-01-03 00:00:00","EXPORTED FOR PAYMENT","JACKSON1","2022-01-18 00:00:00","CST","MILLER1","2022-01-03 00:00:00","202201","","Other Auxiliary Equipment","0.1"
"617407","FNL","77FNL","S2067","001000483","F","FUELMAN MASTERCARD","CHDLZ","PREFERRED","PREMIUM UNLEADED","","093779","REGULAR","2022-01-01","SUNOCO STATION","SAN DIEGO","CA","CALIFORNIA","87841","TRACTOR(DAY)","819525","DIESEL","UNLEADED","68","4.7170","320.76","320.76","GAL","2022-01-01","1","USD","E","LINGARAJ, NAVEEN","0","F","CL191","7890 MAPLE AVE.","","93204-0000","PM003","0","NO","320.76","0","0","0","0","3500483","3850483","FALLON LOGISTICS","FNL","FALLON LOGISTICS","BROWN1","2022-01-03 00:00:00","EXPORTED FOR PAYMENT","JOHNSON1","2022-01-18 00:00:00","CST","DAVIS1","2022-01-03 00:00:00","202201","","Other Auxiliary Equipment","0.1"
"617408","OGG","77OGG","S2072","001000484","F","FUELMAN MASTERCARD","CHDLZ","PREFERRED","UNLEADED GASOLINE","","094787","REGULAR","2022-01-01","CHEVRON FUEL","FRESNO","CA","CALIFORNIA","82819","TRAILER","902253","PREMIUM UNLEADED","DIESEL","103","5.4910","565.57","565.57","GAL","2022-01-01","1","USD","E","LINGARAJ, NAVEEN","0","F","CL191","5678 OAK AVE.","","93204-0000","PM003","0","NO","565.57","0","0","0","0","3500484","3850484","FALLON LOGISTICS","OGG","FALLON LOGISTICS","WILLIAMS1","2022-01-03 00:00:00","EXPORTED FOR PAYMENT","MOORE1","2022-01-18 00:00:00","CST","SMITH1","2022-01-03 00:00:00","202201","","Other Auxiliary Equipment","0.1"
"617409","SAN","77SAN","S2065","001000485","F","FUELMAN MASTERCARD","CHDLZ","PREFERRED","UNLEADED GASOLINE","","091531","REGULAR","2022-01-01","CHEVRON FUEL","FRESNO","CA","CALIFORNIA","80037","CONTAINER","923370","DIESEL #2 ULTRA-LOW SULFUR CARB WIT","PREMIUM","112","5.2470","587.66","587.66","GAL","2022-01-01","1","USD","E","LINGARAJ, NAVEEN","0","F","CL191","5678 OAK AVE.","","93204-0000","PM003","0","NO","587.66","0","0","0","0","3500485","3850485","FALLON LOGISTICS","SAN","FALLON LOGISTICS","VEMURIB1","2022-01-03 00:00:00","EXPORTED FOR PAYMENT","ANDERSON1","2022-01-18 00:00:00","CST","BROWN1","2022-01-03 00:00:00","202201","","Other Auxiliary Equipment","0.1"
"617410","PHX","77PHX","S2070","001000486","F","FUELMAN MASTERCARD","CHDLZ","PREFERRED","PREMIUM UNLEADED","","099966","REGULAR","2022-01-01","SPEEDWAY","STOCKTON","CA","CALIFORNIA","86978","CONTAINER","635252","PREMIUM UNLEADED","UNLEADED","125","4.2000","525.00","525.00","GAL","2022-01-01","1","USD","E","LINGARAJ, NAVEEN","0","F","CL191","2345 ASH ST.","","93204-0000","PM003","0","NO","525.00","0","0","0","0","3500486","3850486","FALLON LOGISTICS","PHX","FALLON LOGISTICS","SMITH1","2022-01-03 00:00:00","EXPORTED FOR PAYMENT","MOORE1","2022-01-18 00:00:00","CST","VEMURIB1","2022-01-03 00:00:00","202201","","Other Auxiliary Equipment","0.1"
"617411","DEN","77DEN","S2071","001000487","F","FUELMAN MASTERCARD","CHDLZ","PREFERRED","DIESEL","","096912","REGULAR","2022-01-01","CHEVRON FUEL","FRESNO","CA","CALIFORNIA","82313","TANKER","900900","DIESEL","GASOLINE","119","4.1730","496.59","496.59","GAL","2022-01-01","1","USD","E","LINGARAJ, NAVEEN","0","F","CL191","5678 OAK AVE.","","93204-0000","PM003","0","NO","496.59","0","0","0","0","3500487","3850487","FALLON LOGISTICS","DEN","FALLON LOGISTICS","MILLER1","2022-01-03 00:00:00","EXPORTED FOR PAYMENT","JACKSON1","2022-01-18 00:00:00","CST","SMITH1","2022-01-03 00:00:00","202201","","Other Auxiliary Equipment","0.1"
"617412","LAS","77LAS","S2067","001000488","F","FUELMAN MASTERCARD","CHDLZ","PREFERRED","DIESEL","","091583","REGULAR","2022-01-01","PILOT FLYING J","MODESTO","CA","CALIFORNIA","81062","TANKER","642946","DIESEL #2 ULTRA-LOW SULFUR CARB WIT","GASOLINE","101","3.5970","363.30","363.30","GAL","2022-01-01","1","USD","E","LINGARAJ, NAVEEN","0","F","CL191","6789 BIRCH ST.","","93204-0000","PM003","0","NO","363.30","0","0","0","0","3500488","3850488","FALLON LOGISTICS","LAS","FALLON LOGISTICS","BROWN1","2022-01-03 00:00:00","EXPORTED FOR PAYMENT","MOORE1","2022-01-18 00:00:00","CST","DAVIS1","2022-01-03 00:00:00","202201","","Other Auxiliary Equipment","0.1"
"617413","PHX","77PHX","S2068","001000489","F","FUELMAN MASTERCARD","CHDLZ","PREFERRED","PREMIUM UNLEADED","","092918","REGULAR","2022-01-01","LOVES TRAVEL STOP","VISALIA","CA","CALIFORNIA","85563","TRUCK(STRAIGHT)","824210","UNLEADED GASOLINE","DIESEL","100","5.2480","524.80","524.80","GAL","2022-01-01","1","USD","E","LINGARAJ, NAVEEN","0","F","CL191","0123 WILLOW AVE.","","93204-0000","PM003","0","NO","524.80","0","0","0","0","3500489","3850489","FALLON LOGISTICS","PHX","FALLON LOGISTICS","DAVIS1","2022-01-03 00:00:00","EXPORTED FOR PAYMENT","MOORE1","2022-01-18 00:00:00","CST","DAVIS1","2022-01-03 00:00:00","202201","","Other Auxiliary Equipment","0.1"
"617414","LAX","77LAX","S2072","001000490","F","FUELMAN MASTERCARD","CHDLZ","PREFERRED","DIESEL","","098779","REGULAR","2022-01-01","SUNOCO STATION","SAN DIEGO","CA","CALIFORNIA","89196","TANKER","911194","DIESEL","PREMIUM","130","4.7940","623.22","623.22","GAL","2022-01-01","1","USD","E","LINGARAJ, NAVEEN","0","F","CL191","7890 MAPLE AVE.","","93204-0000","PM003","0","NO","623.22","0","0","0","0","3500490","3850490","FALLON LOGISTICS","LAX","FALLON LOGISTICS","WILSON1","2022-01-03 00:00:00","EXPORTED FOR PAYMENT","CAPWELA1","2022-01-18 00:00:00","CST","BROWN1","2022-01-03 00:00:00","202201","","Other Auxiliary Equipment","0.1"
"617415","SFO","77SFO","S2066","001000491","F","FUELMAN MASTERCARD","CHDLZ","PREFERRED","DIESEL","","095415","REGULAR","2022-01-01","LOVES TRAVEL STOP","VISALIA","CA","CALIFORNIA","88597","VAN","589593","PREMIUM UNLEADED","GASOLINE","108","4.1500","448.20","448.20","GAL","2022-01-01","1","USD","E","LINGARAJ, NAVEEN","0","F","CL191","0123 WILLOW AVE.","","93204-0000","PM003","0","NO","448.20","0","0","0","0","3500491","3850491","FALLON LOGISTICS","SFO","FALLON LOGISTICS","SMITH1","2022-01-03 00:00:00","EXPORTED FOR PAYMENT","MOORE1","2022-01-18 00:00:00","CST","WILSON1","2022-01-03 00:00:00","202201","","Other Auxiliary Equipment","0.1"
"617416","FNL","77FNL","S2066","001000492","F","FUELMAN MASTERCARD","CHDLZ","PREFERRED","PREMIUM UNLEADED","","096052","REGULAR","2022-01-01","EXXON MOBIL","BAKERSFIELD","CA","CALIFORNIA","88833","CONTAINER","858524","DIESEL #2 ULTRA-LOW SULFUR CARB WIT","UNLEADED","102","3.7600","383.52","383.52","GAL","2022-01-01","1","USD","E","LINGARAJ, NAVEEN","0","F","CL191","9012 ELM ST.","","93204-0000","PM003","0","NO","383.52","0","0","0","0","3500492","3850492","FALLON LOGISTICS","FNL","FALLON LOGISTICS","JONES1","2022-01-03 00:00:00","EXPORTED FOR PAYMENT","TAYLOR1","2022-01-18 00:00:00","CST","WILLIAMS1","2022-01-03 00:00:00","202201","","Other Auxiliary Equipment","0.1"
"617417","SFO","77SFO","S2065","001000493","F","FUELMAN MASTERCARD","CHDLZ","PREFERRED","UNLEADED GASOLINE","","099700","REGULAR","2022-01-01","SUNOCO STATION","SAN DIEGO","CA","CALIFORNIA","82449","TRACTOR(DAY)","742940","PREMIUM UNLEADED","GASOLINE","55","4.1980","230.89","230.89","GAL","2022-01-01","1","USD","E","LINGARAJ, NAVEEN","0","F","CL191","7890 MAPLE AVE.","","93204-0000","PM003","0","NO","230.89","0","0","0","0","3500493","3850493","FALLON LOGISTICS","SFO","FALLON LOGISTICS","WILLIAMS1","2022-01-03 00:00:00","EXPORTED FOR PAYMENT","MOORE1","2022-01-18 00:00:00","CST","BROWN1","2022-01-03 00:00:00","202201","","Other Auxiliary Equipment","0.1"
"617418","LAX","77LAX","S2074","001000494","F","FUELMAN MASTERCARD","CHDLZ","PREFERRED","DIESEL","","090903","REGULAR","2022-01-01","ONE9 EZ TRIP 1277","AVENAL","CA","CALIFORNIA","83331","TRACTOR(DAY)","548660","UNLEADED GASOLINE","DIESEL","83","3.7880","314.40","314.40","GAL","2022-01-01","1","USD","E","LINGARAJ, NAVEEN","0","F","CL191","44779 S. LASSEN AVE.","","93204-0000","PM003","0","NO","314.40","0","0","0","0","3500494","3850494","FALLON LOGISTICS","LAX","FALLON LOGISTICS","MILLER1","2022-01-03 00:00:00","EXPORTED FOR PAYMENT","JACKSON1","2022-01-18 00:00:00","CST","JONES1","2022-01-03 00:00:00","202201","","Other Auxiliary Equipment","0.1"
"617419","DEN","77DEN","S2071","001000495","F","FUELMAN MASTERCARD","CHDLZ","PREFERRED","UNLEADED GASOLINE","","096643","REGULAR","2022-01-01","SUNOCO STATION","SAN DIEGO","CA","CALIFORNIA","82242","CONTAINER","951693","PREMIUM UNLEADED","UNLEADED","120","4.1240","494.88","494.88","GAL","2022-01-01","1","USD","E","LINGARAJ, NAVEEN","0","F","CL191","7890 MAPLE AVE.","","93204-0000","PM003","0","NO","494.88","0","0","0","0","3500495","3850495","FALLON LOGISTICS","DEN","FALLON LOGISTICS","VEMURIB1","2022-01-03 00:00:00","EXPORTED FOR PAYMENT","MOORE1","2022-01-18 00:00:00","CST","WILSON1","2022-01-03 00:00:00","202201","","Other Auxiliary Equipment","0.1"
"617420","SFO","77SFO","S2068","001000496","F","FUELMAN MASTERCARD","CHDLZ","PREFERRED","DIESEL #2 ULTRA-LOW SULFUR CARB WIT","","093409","REGULAR","2022-01-01","PILOT FLYING J","MODESTO","CA","CALIFORNIA","84318","VAN","781325","DIESEL #2 ULTRA-LOW SULFUR CARB WIT","UNLEADED","63","3.9240","247.21","247.21","GAL","2022-01-01","1","USD","E","LINGARAJ, NAVEEN","0","F","CL191","6789 BIRCH ST.","","93204-0000","PM003","0","NO","247.21","0","0","0","0","3500496","3850496","FALLON LOGISTICS","SFO","FALLON LOGISTICS","JONES1","2022-01-03 00:00:00","EXPORTED FOR PAYMENT","ANDERSON1","2022-01-18 00:00:00","CST","VEMURIB1","2022-01-03 00:00:00","202201","","Other Auxiliary Equipment","0.1"
"617421","LAX","77LAX","S2067","001000497","F","FUELMAN MASTERCARD","CHDLZ","PREFERRED","DIESEL #2 ULTRA-LOW SULFUR CARB WIT","","092848","REGULAR","2022-01-01","PILOT FLYING J","MODESTO","CA","CALIFORNIA","84553","CONTAINER","962472","PREMIUM UNLEADED","DIESEL","56","4.8080","269.25","269.25","GAL","2022-01-01","1","USD","E","LINGARAJ, NAVEEN","0","F","CL191","6789 BIRCH ST.","","93204-0000","PM003","0","NO","269.25","0","0","0","0","3500497","3850497","FALLON LOGISTICS","LAX","FALLON LOGISTICS","DAVIS1","2022-01-03 00:00:00","EXPORTED FOR PAYMENT","MOORE1","2022-01-18 00:00:00","CST","DAVIS1","2022-01-03 00:00:00","202201","","Other Auxiliary Equipment","0.1"
"617422","SEA","77SEA","S2065","001000498","F","FUELMAN MASTERCARD","CHDLZ","PREFERRED","UNLEADED GASOLINE","","097937","REGULAR","2022-01-01","EXXON MOBIL","BAKERSFIELD","CA","CALIFORNIA","89177","TRACTOR(SLEEP)","885602","DIESEL","UNLEADED","59","5.3230","314.06","314.06","GAL","2022-01-01","1","USD","E","LINGARAJ, NAVEEN","0","F","CL191","9012 ELM ST.","","93204-0000","PM003","0","NO","314.06","0","0","0","0","3500498","3850498","FALLON LOGISTICS","SEA","FALLON LOGISTICS","JONES1","2022-01-03 00:00:00","EXPORTED FOR PAYMENT","JACKSON1","2022-01-18 00:00:00","CST","WILLIAMS1","2022-01-03 00:00:00","202201","","Other Auxiliary Equipment","0.1"
"617423","SEA","77SEA","S2072","001000499","F","FUELMAN MASTERCARD","CHDLZ","PREFERRED","UNLEADED GASOLINE","","091886","REGULAR","2022-01-01","TA PETRO","FONTANA","CA","CALIFORNIA","89577","TRAILER","746920","DIESEL #2 ULTRA-LOW SULFUR CARB WIT","UNLEADED","87","3.6200","314.94","314.94","GAL","2022-01-01","1","USD","E","LINGARAJ, NAVEEN","0","F","CL191","4567 CEDAR ST.","","93204-0000","PM003","0","NO","314.94","0","0","0","0","3500499","3850499","FALLON LOGISTICS","SEA","FALLON LOGISTICS","MILLER1","2022-01-03 00:00:00","EXPORTED FOR PAYMENT","MARTIN1","2022-01-18 00:00:00","CST","MILLER1","2022-01-03 00:00:00","202201","","Other Auxiliary Equipment","0.1"
